;              
CREATE USER IF NOT EXISTS SCRAPE SALT '7d687b7b36ba8b7e' HASH 'f05f5f9af7a93fe37c5a50dfbc93ad2977aa6296d9b949d32566190edd8d1a2e' ADMIN;        
CREATE SEQUENCE PUBLIC.SYSTEM_SEQUENCE_E505FCC9_BF82_40FB_AAC0_57F894E4911B START WITH 40 BELONGS_TO_TABLE;    
CREATE SEQUENCE PUBLIC.SYSTEM_SEQUENCE_B2BD3015_C0D0_4107_BF17_37503A8305B0 START WITH 131 BELONGS_TO_TABLE;   
CREATE SEQUENCE PUBLIC.SYSTEM_SEQUENCE_7F4725CC_6DF7_42C5_8546_FB386F7E87B5 START WITH 64 BELONGS_TO_TABLE;    
CREATE SEQUENCE PUBLIC.SYSTEM_SEQUENCE_8DFC447D_BCCD_48F4_9830_B8E801D5BD6B START WITH 1456 BELONGS_TO_TABLE;  
CREATE SEQUENCE PUBLIC.SYSTEM_SEQUENCE_D25A458F_FD3B_4783_897D_DBECB2D317D0 START WITH 2179 BELONGS_TO_TABLE;  
CREATE SEQUENCE PUBLIC.SYSTEM_SEQUENCE_699D2A6B_D7C8_4640_A2ED_2218DC75C17D START WITH 71 BELONGS_TO_TABLE;    
CREATE SEQUENCE PUBLIC.SYSTEM_SEQUENCE_34726802_52DB_4974_8A85_F4ECC060B5C7 START WITH 829 BELONGS_TO_TABLE;   
CREATE SEQUENCE PUBLIC.SYSTEM_SEQUENCE_4607ECD0_C0AD_461D_A886_81069D26C58F START WITH 501 BELONGS_TO_TABLE;   
CREATE CACHED TABLE PUBLIC.COUNTRY(
    CODE VARCHAR(255) NOT NULL,
    NAME VARCHAR(255) NOT NULL
);          
ALTER TABLE PUBLIC.COUNTRY ADD CONSTRAINT PUBLIC.CONSTRAINT_6 PRIMARY KEY(CODE);               
-- 249 +/- SELECT COUNT(*) FROM PUBLIC.COUNTRY;
INSERT INTO PUBLIC.COUNTRY(CODE, NAME) VALUES
('AF', 'Afghanistan'),
('AX', STRINGDECODE('\u00c5land Islands')),
('AL', 'Albania'),
('DZ', 'Algeria'),
('AS', 'American Samoa'),
('AD', 'Andorra'),
('AO', 'Angola'),
('AI', 'Anguilla'),
('AQ', 'Antarctica'),
('AG', 'Antigua and Barbuda'),
('AR', 'Argentina'),
('AM', 'Armenia'),
('AW', 'Aruba'),
('AU', 'Australia'),
('AT', 'Austria'),
('AZ', 'Azerbaijan'),
('BS', 'Bahamas'),
('BH', 'Bahrain'),
('BD', 'Bangladesh'),
('BB', 'Barbados'),
('BY', 'Belarus'),
('BE', 'Belgium'),
('BZ', 'Belize'),
('BJ', 'Benin'),
('BM', 'Bermuda'),
('BT', 'Bhutan'),
('BO', 'Plurinational State of Bolivia'),
('BQ', 'Sint Eustatius and Saba Bonaire'),
('BA', 'Bosnia and Herzegovina'),
('BW', 'Botswana'),
('BV', 'Bouvet Island'),
('BR', 'Brazil'),
('IO', 'British Indian Ocean Territory'),
('BN', 'Brunei Darussalam'),
('BG', 'Bulgaria'),
('BF', 'Burkina Faso'),
('BI', 'Burundi'),
('KH', 'Cambodia'),
('CM', 'Cameroon'),
('CA', 'Canada'),
('CV', 'Cape Verde'),
('KY', 'Cayman Islands'),
('CF', 'Central African Republic'),
('TD', 'Chad'),
('CL', 'Chile'),
('CN', 'China'),
('CX', 'Christmas Island'),
('CC', 'Cocos (Keeling) Islands'),
('CO', 'Colombia'),
('KM', 'Comoros'),
('CG', 'Congo'),
('CD', 'The Democratic Republic of the Congo'),
('CK', 'Cook Islands'),
('CR', 'Costa Rica'),
('CI', STRINGDECODE('C\u00f4te d''Ivoire')),
('HR', 'Croatia'),
('CU', 'Cuba'),
('CW', STRINGDECODE('Cura\u00e7ao')),
('CY', 'Cyprus'),
('CZ', 'Czech Republic'),
('DK', 'Denmark'),
('DJ', 'Djibouti'),
('DM', 'Dominica'),
('DO', 'Dominican Republic'),
('EC', 'Ecuador'),
('EG', 'Egypt'),
('SV', 'El Salvador'),
('GQ', 'Equatorial Guinea'),
('ER', 'Eritrea'),
('EE', 'Estonia'),
('ET', 'Ethiopia'),
('FK', 'Falkland Islands (Malvinas)'),
('FO', 'Faroe Islands'),
('FJ', 'Fiji'),
('FI', 'Finland'),
('FR', 'France'),
('GF', 'French Guiana'),
('PF', 'French Polynesia'),
('TF', 'French Southern Territories'),
('GA', 'Gabon'),
('GM', 'Gambia'),
('GE', 'Georgia'),
('DE', 'Germany'),
('GH', 'Ghana'),
('GI', 'Gibraltar'),
('GR', 'Greece'),
('GL', 'Greenland'),
('GD', 'Grenada'),
('GP', 'Guadeloupe'),
('GU', 'Guam'),
('GT', 'Guatemala'),
('GG', 'Guernsey'),
('GN', 'Guinea'),
('GW', 'Guinea-Bissau'),
('GY', 'Guyana'),
('HT', 'Haiti'),
('HM', 'Heard Island and McDonald Islands'),
('VA', 'Holy See (Vatican City State)'),
('HN', 'Honduras'),
('HK', 'Hong Kong'),
('HU', 'Hungary'),
('IS', 'Iceland'),
('IN', 'India'),
('ID', 'Indonesia'),
('IR', 'Islamic Republic of Iran'),
('IQ', 'Iraq'),
('IE', 'Ireland'),
('IM', 'Isle of Man'),
('IL', 'Israel'),
('IT', 'Italy'),
('JM', 'Jamaica'),
('JP', 'Japan'),
('JE', 'Jersey'),
('JO', 'Jordan'),
('KZ', 'Kazakhstan'),
('KE', 'Kenya'),
('KI', 'Kiribati'),
('KP', 'Democratic People''s Republic of Korea'),
('KR', 'Republic of Korea'),
('KW', 'Kuwait'),
('KG', 'Kyrgyzstan'),
('LA', 'Lao People''s Democratic Republic'),
('LV', 'Latvia'),
('LB', 'Lebanon'),
('LS', 'Lesotho'),
('LR', 'Liberia'),
('LY', 'Libya'),
('LI', 'Liechtenstein'),
('LT', 'Lithuania'),
('LU', 'Luxembourg'),
('MO', 'Macao'),
('MK', 'The Former Yugoslav Republic of Macedonia'),
('MG', 'Madagascar'),
('MW', 'Malawi'),
('MY', 'Malaysia'),
('MV', 'Maldives'),
('ML', 'Mali'),
('MT', 'Malta'),
('MH', 'Marshall Islands'),
('MQ', 'Martinique'),
('MR', 'Mauritania'),
('MU', 'Mauritius'),
('YT', 'Mayotte'),
('MX', 'Mexico'),
('FM', 'Federated States of Micronesia'),
('MD', 'Republic of Moldova'),
('MC', 'Monaco'),
('MN', 'Mongolia'),
('ME', 'Montenegro'),
('MS', 'Montserrat'),
('MA', 'Morocco'),
('MZ', 'Mozambique'),
('MM', 'Myanmar'),
('NA', 'Namibia'),
('NR', 'Nauru'),
('NP', 'Nepal'),
('NL', 'Netherlands'),
('NC', 'New Caledonia'),
('NZ', 'New Zealand'),
('NI', 'Nicaragua'),
('NE', 'Niger'),
('NG', 'Nigeria'),
('NU', 'Niue'),
('NF', 'Norfolk Island'),
('MP', 'Northern Mariana Islands'),
('NO', 'Norway'),
('OM', 'Oman'),
('PK', 'Pakistan'),
('PW', 'Palau'),
('PS', 'State of Palestine'),
('PA', 'Panama'),
('PG', 'Papua New Guinea'),
('PY', 'Paraguay'),
('PE', 'Peru'),
('PH', 'Philippines'),
('PN', 'Pitcairn'),
('PL', 'Poland'),
('PT', 'Portugal'),
('PR', 'Puerto Rico');  
INSERT INTO PUBLIC.COUNTRY(CODE, NAME) VALUES
('QA', 'Qatar'),
('RE', STRINGDECODE('R\u00e9union')),
('RO', 'Romania'),
('RU', 'Russia'),
('RW', 'Rwanda'),
('BL', STRINGDECODE('Saint Barth\u00e9lemy')),
('SH', 'Ascension and Tristan da Cunha Saint Helena'),
('KN', 'Saint Kitts and Nevis'),
('LC', 'Saint Lucia'),
('MF', 'Saint Martin (French part)'),
('PM', 'Saint Pierre and Miquelon'),
('VC', 'Saint Vincent and the Grenadines'),
('WS', 'Samoa'),
('SM', 'San Marino'),
('ST', 'Sao Tome and Principe'),
('SA', 'Saudi Arabia'),
('SN', 'Senegal'),
('RS', 'Serbia'),
('SC', 'Seychelles'),
('SL', 'Sierra Leone'),
('SG', 'Singapore'),
('SX', 'Sint Maarten (Dutch part)'),
('SK', 'Slovakia'),
('SI', 'Slovenia'),
('SB', 'Solomon Islands'),
('SO', 'Somalia'),
('ZA', 'South Africa'),
('GS', 'South Georgia and the South Sandwich Islands'),
('SS', 'South Sudan'),
('ES', 'Spain'),
('LK', 'Sri Lanka'),
('SD', 'Sudan'),
('SR', 'Suriname'),
('SJ', 'Svalbard and Jan Mayen'),
('SZ', 'Swaziland'),
('SE', 'Sweden'),
('CH', 'Switzerland'),
('SY', 'Syrian Arab Republic'),
('TW', 'Province of China Taiwan'),
('TJ', 'Tajikistan'),
('TZ', 'United Republic of Tanzania'),
('TH', 'Thailand'),
('TL', 'Timor-Leste'),
('TG', 'Togo'),
('TK', 'Tokelau'),
('TO', 'Tonga'),
('TT', 'Trinidad and Tobago'),
('TN', 'Tunisia'),
('TR', 'Turkey'),
('TM', 'Turkmenistan'),
('TC', 'Turks and Caicos Islands'),
('TV', 'Tuvalu'),
('UG', 'Uganda'),
('UA', 'Ukraine'),
('AE', 'United Arab Emirates'),
('GB', 'United Kingdom'),
('US', 'United States'),
('UM', 'United States Minor Outlying Islands'),
('UY', 'Uruguay'),
('UZ', 'Uzbekistan'),
('VU', 'Vanuatu'),
('VE', 'Bolivarian Republic of Venezuela'),
('VN', 'Viet Nam'),
('VG', 'British Virgin Islands'),
('VI', 'U.S. Virgin Islands'),
('WF', 'Wallis and Futuna'),
('EH', 'Western Sahara'),
('YE', 'Yemen'),
('ZM', 'Zambia'),
('ZW', 'Zimbabwe');     
CREATE CACHED TABLE PUBLIC.DEVELOPER(
    ID INTEGER DEFAULT (NEXT VALUE FOR PUBLIC.SYSTEM_SEQUENCE_8DFC447D_BCCD_48F4_9830_B8E801D5BD6B) NOT NULL NULL_TO_DEFAULT SEQUENCE PUBLIC.SYSTEM_SEQUENCE_8DFC447D_BCCD_48F4_9830_B8E801D5BD6B,
    NAME VARCHAR(255),
    LEAD_DESIGNER VARCHAR(255),
    COUNTRY_CODE VARCHAR(255)
);               
ALTER TABLE PUBLIC.DEVELOPER ADD CONSTRAINT PUBLIC.CONSTRAINT_A PRIMARY KEY(ID);               
-- 1455 +/- SELECT COUNT(*) FROM PUBLIC.DEVELOPER;             
INSERT INTO PUBLIC.DEVELOPER(ID, NAME, LEAD_DESIGNER, COUNTRY_CODE) VALUES
(1, '0verflow', 'N/A', 'JP'),
(2, '1st Playable Productions', 'N/A', 'US'),
(3, '2K Czech', 'N/A', 'CZ'),
(4, '2XL Games', 'N/A', 'US'),
(5, '343 Industries', 'N/A', 'US'),
(6, '38 Studios', 'N/A', 'US'),
(7, '3D Realms', 'N/A', 'US'),
(8, '3G Studios', 'N/A', 'US'),
(9, '42 Entertainment', 'N/A', 'US'),
(10, '4A Games', 'N/A', 'UA'),
(11, '5pb. Inc.', 'N/A', 'JP'),
(12, '5th Cell', 'N/A', 'US'),
(13, '989 Studios', 'N/A', 'US'),
(14, 'Acclaim Entertainment', 'N/A', 'US'),
(15, 'Accolade', 'N/A', 'US'),
(16, 'Access Games', 'N/A', 'JP'),
(17, 'Access Software', 'N/A', 'US'),
(18, 'ACE Team', 'N/A', 'CL'),
(19, 'Aces Studio', 'N/A', 'US'),
(20, 'Acheron Design', 'N/A', 'AU'),
(21, 'Action Forms', 'N/A', 'UA'),
(22, 'Active Gaming Media', 'N/A', 'JP'),
(23, 'Activision', 'N/A', 'US'),
(24, 'Activision Blizzard', 'N/A', 'US'),
(25, 'Adventure Soft', 'N/A', 'GB'),
(26, 'Akella', 'N/A', 'RU'),
(27, 'Aki Corporation', 'N/A', 'JP'),
(28, 'Alfa System', 'N/A', 'JP'),
(29, 'Amazon Game Studios', 'N/A', 'US'),
(30, 'Ancient', 'N/A', 'JP'),
(31, 'Anino Games', 'N/A', 'PH'),
(32, 'Ankama Games', 'N/A', 'FR'),
(33, 'AQ Interactive', 'N/A', 'JP'),
(34, 'Arc System Works', 'N/A', 'JP'),
(35, 'Arkane Studios', 'N/A', 'FR'),
(36, 'Arkedo Studio', 'N/A', 'FR'),
(37, 'ArenaNet', 'N/A', 'US'),
(38, 'Arika', 'N/A', 'JP'),
(39, 'Armor Project', 'N/A', 'JP'),
(40, 'Art Co., Ltd', 'N/A', 'JP'),
(41, 'Artdink', 'N/A', 'JP'),
(42, 'ArtePiazza', 'N/A', 'JP'),
(43, 'Artificial Studios', 'N/A', 'US'),
(44, 'Artoon', 'N/A', 'JP'),
(45, 'Ascaron', 'N/A', 'DE'),
(46, 'Asobo Studio', 'N/A', 'FR'),
(47, 'Atlus', 'N/A', 'JP'),
(48, 'Atomic Planet Entertainment', 'N/A', 'GB'),
(49, 'Attic Entertainment Software', 'N/A', 'DE'),
(50, 'Avalanche Software', 'N/A', 'US'),
(51, 'Avalanche Studios', 'N/A', 'SE'),
(52, 'Aventurine SA', 'N/A', 'GR'),
(53, 'Babaroga', 'N/A', 'US'),
(54, 'Backbone Entertainment', 'N/A', 'US'),
(55, 'Bandai Namco Studios', 'N/A', 'JP'),
(56, 'Banpresto', 'N/A', 'JP'),
(57, 'Bauhaus Entertainment', 'N/A', 'JP'),
(58, 'Beenox', 'N/A', 'CA'),
(59, 'Behaviour Interactive', 'N/A', 'CA'),
(60, 'Bethesda Softworks', 'N/A', 'US'),
(61, 'Big Huge Games', 'N/A', 'US'),
(62, 'Binary Hammer', 'N/A', 'US'),
(63, 'BioWare', 'N/A', 'CA'),
(64, 'Bird Studio', 'N/A', 'JP'),
(65, 'The Bitmap Brothers', 'N/A', 'GB'),
(66, 'Bits Studios', 'N/A', 'GB'),
(67, 'Bizarre Creations', 'N/A', 'GB'),
(68, 'Black Forest Games', 'N/A', 'DE'),
(69, 'Black Isle Studios', 'N/A', 'US'),
(70, 'Black Rock Studio', 'N/A', 'GB'),
(71, 'Black Shell Games', 'N/A', 'US'),
(72, 'Black Wing Foundation', 'N/A', 'UA'),
(73, 'Blitz Games Studios', 'N/A', 'GB'),
(74, 'Blizzard Entertainment', 'N/A', 'US'),
(75, 'Blue Byte Software', 'N/A', 'DE'),
(76, 'Blue Fang Games', 'N/A', 'US'),
(77, 'Blue Tongue Entertainment', 'N/A', 'AU'),
(78, 'Bohemia Interactive', 'N/A', 'CZ'),
(79, 'Boss Fight Entertainment', 'N/A', 'US'),
(80, 'Boss Key Productions', 'N/A', 'US'),
(81, 'BreakAway Games', 'N/A', 'US'),
(82, STRINGDECODE('Br\u00f8derbund'), 'N/A', 'US'),
(83, 'Brownie Brown', 'N/A', 'JP'),
(84, 'Bugbear Entertainment', 'N/A', 'FI'),
(85, 'Buka Entertainment', 'N/A', 'RU'),
(86, 'Bullfrog Productions', 'N/A', 'GB'),
(87, 'Bungie', 'N/A', 'US'),
(88, 'Capcom', 'N/A', 'JP'),
(89, 'Capcom Vancouver', 'N/A', 'CA'),
(90, 'Carbine Studios', 'N/A', 'US'),
(91, 'Cauldron', 'N/A', 'SK'),
(92, 'Cave', 'N/A', 'JP'),
(93, 'Cavia', 'N/A', 'JP'),
(94, 'CCP Games', 'N/A', 'IS'),
(95, 'CD Projekt RED', 'N/A', 'PL'),
(96, 'Centuri', 'N/A', 'US'),
(97, 'Certain Affinity', 'N/A', 'US'),
(98, 'Chair Entertainment', 'N/A', 'US'),
(99, 'Chunsoft', 'N/A', 'JP'),
(100, 'Cing', 'N/A', 'JP'),
(101, 'Clap Hanz', 'N/A', 'JP'),
(102, 'Climax Entertainment', 'N/A', 'JP'),
(103, 'Climax Studios', 'N/A', 'GB'),
(104, 'Cloud Imperium Games', 'N/A', 'US'),
(105, 'Clover Studio', 'N/A', 'JP'),
(106, 'Coded Illusions', 'N/A', 'NL'),
(107, 'Codemasters', 'N/A', 'GB'),
(108, 'Coktel Vision', 'N/A', 'FR'),
(109, 'Colossal Order', 'N/A', 'FI'),
(110, 'Compile Heart', 'N/A', 'JP');    
INSERT INTO PUBLIC.DEVELOPER(ID, NAME, LEAD_DESIGNER, COUNTRY_CODE) VALUES
(111, 'Compulsion Games', 'N/A', 'CA'),
(112, 'Core Design', 'N/A', 'GB'),
(113, 'Crafts & Meister', 'N/A', 'JP'),
(114, 'Creat Studios', 'N/A', 'US'),
(115, 'Creative Assembly', 'N/A', 'GB'),
(116, 'Criterion Games', 'N/A', 'GB'),
(117, 'Croteam', 'N/A', 'HR'),
(118, 'Cryo Interactive', 'N/A', 'FR'),
(119, 'Cryptic Studios', 'N/A', 'US'),
(120, 'Crystal Dynamics', 'N/A', 'US'),
(121, 'Crytek', 'N/A', 'DE'),
(122, 'Crytek UK', 'N/A', 'GB'),
(123, 'Cyan Worlds', 'N/A', 'US'),
(124, 'Cyanide', 'N/A', 'FR'),
(125, 'Cyberdreams', 'N/A', 'GB'),
(126, 'CyberConnect2', 'N/A', 'JP'),
(127, 'Cyberlore Studios', 'N/A', 'US'),
(128, 'CyberStep', 'N/A', 'JP'),
(129, 'D-Pad Studio', 'N/A', 'NO'),
(130, 'Dambuster Studios', 'N/A', 'GB'),
(131, 'Day 1 Studios', 'N/A', 'US'),
(132, 'Deadline Games', 'N/A', 'DK'),
(133, 'Deck13', 'N/A', 'DE'),
(134, 'Demiurge Studios', 'N/A', 'US'),
(135, 'devCAT Studios', 'N/A', 'KR'),
(136, 'Dhruva Interactive', 'N/A', 'IN'),
(137, 'Die Gute Fabrik', 'N/A', 'DK'),
(138, 'Digital Illusions CE', 'N/A', 'SE'),
(139, 'Digital Reality', 'N/A', 'HU'),
(140, 'Dimps', 'N/A', 'JP'),
(141, 'Disney Interactive Studios', 'N/A', 'US'),
(142, 'Double Fine Productions', 'N/A', 'US'),
(143, 'Double Helix Games', 'N/A', 'US'),
(144, 'Dynamix', 'N/A', 'US'),
(145, 'Egosoft', 'N/A', 'DE'),
(146, 'Eidos Interactive', 'N/A', 'GB'),
(147, 'Electronic Arts', 'N/A', 'US'),
(148, 'Elev8 Games', 'N/A', 'IN'),
(149, 'Engine Software', 'N/A', 'NL'),
(150, 'Ensemble Studios', 'N/A', 'US'),
(151, 'Epic Games', 'N/A', 'US'),
(152, 'Epic Games Poland', 'N/A', 'PL'),
(153, 'Epicenter Studios', 'N/A', 'US'),
(154, 'Epyx', 'N/A', 'US'),
(155, 'Etranges Libellules', 'N/A', 'FR'),
(156, 'Eugen Systems', 'N/A', 'FR'),
(157, 'Eurocom', 'N/A', 'GB'),
(158, 'Evolution Studios', 'N/A', 'GB'),
(159, 'Eyedentity Games', 'N/A', 'KR'),
(160, 'F4', 'N/A', 'FR'),
(161, 'Facepunch Studios', 'N/A', 'GB'),
(162, 'FarSight Studios', 'N/A', 'US'),
(163, 'Fatshark', 'N/A', 'SE'),
(164, 'feelplus', 'N/A', 'JP'),
(165, 'Firaxis Games', 'N/A', 'US'),
(166, 'Firefly Studios', 'N/A', 'GB'),
(167, 'First Star Software', 'N/A', 'US'),
(168, 'Flagship Studios', 'N/A', 'US'),
(169, 'Flying Wild Hog', 'N/A', 'PL'),
(170, 'Foundation 9 Entertainment', 'N/A', 'US'),
(171, 'Fox Interactive', 'N/A', 'US'),
(172, 'Frictional Games', 'N/A', 'SE'),
(173, 'Frogwares', 'N/A', 'UA'),
(174, 'FromSoftware', 'N/A', 'JP'),
(175, 'Frontier Developments', 'N/A', 'GB'),
(176, 'Frozenbyte', 'N/A', 'FI'),
(177, 'FUN Labs', 'N/A', 'RO'),
(178, 'Funcom', 'N/A', 'NO'),
(179, 'Futuremark', 'N/A', 'FI'),
(180, 'Gaijin Entertainment', 'N/A', 'RU'),
(181, 'Game Arts', 'N/A', 'JP'),
(182, 'Game Freak', 'N/A', 'JP'),
(183, 'GameHouse', 'N/A', 'US'),
(184, 'Gameloft', 'N/A', 'FR'),
(185, 'Games2win', 'N/A', 'IN'),
(186, 'Gearbox Software', 'N/A', 'US'),
(187, 'Geewa', 'N/A', 'CZ'),
(188, 'Genki', 'N/A', 'JP'),
(189, 'Giant Interactive', 'N/A', 'CN'),
(190, 'Glu Mobile', 'N/A', 'US'),
(191, 'Gogii Games', 'N/A', 'CA'),
(192, 'Good-Feel', 'N/A', 'JP'),
(193, 'Grasshopper Manufacture', 'N/A', 'JP'),
(194, 'Gravity', 'N/A', 'KR'),
(195, 'Gremlin Interactive', 'N/A', 'GB'),
(196, 'Grezzo', 'N/A', 'JP'),
(197, 'Griptonite Games', 'N/A', 'US'),
(198, 'GSC Game World', 'N/A', 'UA'),
(199, 'Guerrilla Cambridge', 'N/A', 'GB'),
(200, 'Guerrilla Games', 'N/A', 'NL'),
(201, 'GungHo Online Entertainment', 'N/A', 'JP'),
(202, 'Gust Corporation', 'N/A', 'JP'),
(203, 'Haemimont Games', 'N/A', 'BG'),
(204, 'HappySoft', 'N/A', 'JP'),
(205, 'HAL Laboratory', 'N/A', 'JP'),
(206, 'Halfbrick', 'N/A', 'AU'),
(207, 'Hanaho', 'N/A', 'US'),
(208, 'Hangar 13', 'N/A', 'US'),
(209, 'Harebrained Schemes', 'N/A', 'US'),
(210, 'Harmonix Music Systems', 'N/A', 'US'),
(211, 'Hasbro Interactive', 'N/A', 'US'),
(212, 'HB Studios', 'N/A', 'CA'),
(213, 'HeroCraft', 'N/A', 'RU'),
(214, 'High Moon Studios', 'N/A', 'US'),
(215, 'High Voltage Software', 'N/A', 'US'),
(216, 'Hoplon Infotainment', 'N/A', 'BR'),
(217, 'Hothead Games', 'N/A', 'CA'),
(218, 'Housemarque', 'N/A', 'FI');             
INSERT INTO PUBLIC.DEVELOPER(ID, NAME, LEAD_DESIGNER, COUNTRY_CODE) VALUES
(219, 'Hudson Soft', 'N/A', 'JP'),
(220, 'Human Head Studios', 'N/A', 'US'),
(221, 'Humongous Entertainment', 'N/A', 'US'),
(222, 'Hyperion Entertainment', 'N/A', 'BE'),
(223, 'id Software', 'N/A', 'US'),
(224, 'Idea Factory', 'N/A', 'JP'),
(225, 'Imageepoch', 'N/A', 'JP'),
(226, 'Infinity Ward', 'N/A', 'US'),
(227, 'Infocom', 'N/A', 'US'),
(228, 'Infogrames', 'N/A', 'FR'),
(229, 'Incredible Technologies', 'N/A', 'US'),
(230, 'indieszero', 'N/A', 'JP'),
(231, 'Innerloop Studios', 'N/A', 'NO'),
(232, 'Insomniac Games', 'N/A', 'US'),
(233, 'Intelligent Systems', 'N/A', 'JP'),
(234, 'Interceptor Entertainment', 'N/A', 'DK'),
(235, 'Interplay Entertainment', 'N/A', 'US'),
(236, 'Inti Creates', 'N/A', 'JP'),
(237, 'Introversion Software', 'N/A', 'GB'),
(238, 'IO Interactive', 'N/A', 'DK'),
(239, 'Ion Storm', 'N/A', 'US'),
(240, 'Irem', 'N/A', 'JP'),
(241, 'Iron Galaxy Studios', 'N/A', 'US'),
(242, 'Irrational Games', 'N/A', 'US'),
(243, 'Jadestone Group', 'N/A', 'SE'),
(244, 'Jagex', 'N/A', 'GB'),
(245, 'Jaleco', 'N/A', 'JP'),
(246, 'Javaground', 'N/A', 'US'),
(247, 'JoWood Entertainment AG', 'N/A', 'AT'),
(248, 'Juice Games', 'N/A', 'GB'),
(249, 'Jupiter', 'N/A', 'JP'),
(250, 'JV Games', 'N/A', 'US'),
(251, 'Kairosoft', 'N/A', 'JP'),
(252, 'Kalypso Media', 'N/A', 'DE'),
(253, 'Kaos Studios', 'N/A', 'US'),
(254, 'Keen Software House', 'N/A', 'CZ'),
(255, 'Kiloo Games', 'N/A', 'DK'),
(256, 'Koei', 'N/A', 'JP'),
(257, 'KOG Studios', 'N/A', 'KR'),
(258, 'Konami', 'N/A', 'JP'),
(259, 'Kongzhong', 'N/A', 'CN'),
(260, 'Krome Studios', 'N/A', 'AU'),
(261, 'Krome Studios Melbourne', 'N/A', 'AU'),
(262, 'Kuju Entertainment', 'N/A', 'GB'),
(263, 'Kush Games', 'N/A', 'US'),
(264, 'Kuma Reality Games', 'N/A', 'US'),
(265, 'Larian Studios', 'N/A', 'BE'),
(266, 'Legacy Interactive', 'N/A', 'US'),
(267, 'Legend Entertainment', 'N/A', 'US'),
(268, 'Legendo Entertainment', 'N/A', 'SE'),
(269, 'LEGO Group', 'N/A', 'DK'),
(270, 'Level-5', 'N/A', 'JP'),
(271, 'Lionhead Studios', 'N/A', 'GB'),
(272, 'Liquid Entertainment', 'N/A', 'US'),
(273, 'Little Green Men Games', 'N/A', 'HR'),
(274, 'LK Avalon', 'N/A', 'PL'),
(275, 'Llamasoft', 'N/A', 'GB'),
(276, 'Linden Lab', 'N/A', 'US'),
(277, 'Looking Glass Studios', 'N/A', 'US'),
(278, 'LucasArts', 'N/A', 'US'),
(279, 'Luma Arcade', 'N/A', 'ZA'),
(280, 'Luxoflux', 'N/A', 'US'),
(281, 'MachineGames', 'N/A', 'SE'),
(282, 'Magenta Software', 'N/A', 'GB'),
(283, 'Majesco Entertainment', 'N/A', 'US'),
(284, 'Marvelous Entertainment', 'N/A', 'JP'),
(285, 'Massive Entertainment', 'N/A', 'SE'),
(286, 'Masthead Studios', 'N/A', 'BG'),
(287, 'Maxis Software', 'N/A', 'US'),
(288, 'Mean Hamster Software', 'N/A', 'US'),
(289, 'Media Molecule', 'N/A', 'GB'),
(290, 'Mediatonic', 'N/A', 'GB'),
(291, 'MegaZebra', 'N/A', 'DE'),
(292, 'Mercury Steam', 'N/A', 'ES'),
(293, 'Metropolis Software', 'N/A', 'PL'),
(294, 'MicroProse Software', 'N/A', 'US'),
(295, 'Microsoft Studios', 'N/A', 'US'),
(296, 'Midway Games', 'N/A', 'US'),
(297, 'Milestone', 'N/A', 'JP'),
(298, 'Milestone S.r.l.', 'N/A', 'IT'),
(299, 'Mind Candy', 'N/A', 'GB'),
(300, 'Mistwalker', 'N/A', 'JP'),
(301, 'Mitchell Corporation', 'N/A', 'JP'),
(302, 'Mojang AB', 'N/A', 'SE'),
(303, 'Monolith Productions', 'N/A', 'US'),
(304, 'Monolith Soft', 'N/A', 'JP'),
(305, 'Mythic Entertainment', 'N/A', 'US'),
(306, 'Nadeo', 'N/A', 'FR'),
(307, 'Nanobit', 'N/A', 'HR'),
(308, 'Natsume', 'N/A', 'JP'),
(309, 'Naughty Dog', 'N/A', 'US'),
(310, 'NCsoft', 'N/A', 'KR'),
(311, 'NDOORS Corporation', 'N/A', 'KR'),
(312, 'Neowiz', 'N/A', 'KR'),
(313, 'Nerve Software', 'N/A', 'US'),
(314, 'NetDevil', 'N/A', 'US'),
(315, 'Netdragon', 'N/A', 'CN'),
(316, 'Netease', 'N/A', 'CN'),
(317, 'NetherRealm Studios', 'N/A', 'US'),
(318, 'Neversoft', 'N/A', 'US'),
(319, 'Nexon', 'N/A', 'KR'),
(320, 'Next Level Games', 'N/A', 'CA'),
(321, 'NGD Studios', 'N/A', 'AR'),
(322, 'Nibris', 'N/A', 'PL'),
(323, 'Nihon Falcom', 'N/A', 'JP'),
(324, 'Ninjabee', 'N/A', 'US'),
(325, 'Ninja Theory', 'N/A', 'GB'),
(326, 'Nintendo', 'N/A', 'JP');       
INSERT INTO PUBLIC.DEVELOPER(ID, NAME, LEAD_DESIGNER, COUNTRY_CODE) VALUES
(327, 'Nippon Ichi Software', 'N/A', 'JP'),
(328, 'Nordeus', 'N/A', 'RS'),
(329, 'Novalogic', 'N/A', 'US'),
(330, 'Novarama', 'N/A', 'ES'),
(331, 'n-Space', 'N/A', 'US'),
(332, 'Obsidian Entertainment', 'N/A', 'US'),
(333, 'Oddworld Inhabitants', 'N/A', 'US'),
(334, 'Omega Force', 'N/A', 'JP'),
(335, 'Origin Systems', 'N/A', 'US'),
(336, 'Outrage Entertainment', 'N/A', 'US'),
(337, 'Overkill Software', 'N/A', 'SE'),
(338, 'Oxygen Studios', 'N/A', 'GB'),
(339, 'Page 44 Studios', 'N/A', 'US'),
(340, 'Pangea Software', 'N/A', 'US'),
(341, 'Project Sora', 'N/A', 'JP'),
(342, 'Papaya Studio', 'N/A', 'US'),
(343, 'Project Soul', 'N/A', 'JP'),
(344, 'Panther Games Pty Ltd', 'N/A', 'AU'),
(345, 'Paradox Development Studio', 'N/A', 'SE'),
(346, 'Parallax Software', 'N/A', 'US'),
(347, 'Pandemic Studios', 'N/A', 'US'),
(348, 'Pendulo Studios', 'N/A', 'ES'),
(349, 'Penguin Software', 'N/A', 'US'),
(350, 'Perfect World', 'N/A', 'CN'),
(351, 'Petroglyph', 'N/A', 'US'),
(352, 'Phantagram', 'N/A', 'KR'),
(353, 'Phenomic Game Development', 'N/A', 'DE'),
(354, 'Piranha Bytes', 'N/A', 'DE'),
(355, 'Pi Studios', 'N/A', 'US'),
(356, 'Pivotal Games', 'N/A', 'GB'),
(357, 'Pixel Press', 'N/A', 'US'),
(358, 'Playdom', 'N/A', 'US'),
(359, 'Playfish', 'N/A', 'GB'),
(360, 'PlayFirst', 'N/A', 'US'),
(361, 'Playground Games', 'N/A', 'GB'),
(362, 'PlatinumGames', 'N/A', 'JP'),
(363, 'Polyphony Digital', 'N/A', 'JP'),
(364, 'PopCap Games', 'N/A', 'US'),
(365, 'Press Play', 'N/A', 'DK'),
(366, 'Punch Entertainment', 'N/A', 'US'),
(367, 'Pyro Studios', 'N/A', 'ES'),
(368, 'Q Entertainment', 'N/A', 'JP'),
(369, 'Q-Games', 'N/A', 'JP'),
(370, 'Quantic Dream', 'N/A', 'FR'),
(371, 'Radical Entertainment', 'N/A', 'CA'),
(372, 'Rage Software', 'N/A', 'GB'),
(373, 'Rainbow Studios', 'N/A', 'US'),
(374, 'Rare', 'N/A', 'GB'),
(375, 'Raven Software', 'N/A', 'US'),
(376, 'Red Entertainment', 'N/A', 'JP'),
(377, 'Reality Pump Studios', 'N/A', 'PL'),
(378, 'Realtime Associates', 'N/A', 'US'),
(379, 'Realtime Worlds', 'N/A', 'GB'),
(380, 'Rebellion Developments', 'N/A', 'GB'),
(381, 'RedLynx', 'N/A', 'FI'),
(382, 'Red Thread Games', 'N/A', 'NO'),
(383, 'Red Storm Entertainment', 'N/A', 'US'),
(384, 'Redtribe', 'N/A', 'AU'),
(385, 'Reflections Interactive', 'N/A', 'GB'),
(386, 'Reflexive Entertainment', 'N/A', 'US'),
(387, 'Relic Entertainment', 'N/A', 'CA'),
(388, 'Remedy Entertainment', 'N/A', 'FI'),
(389, 'Respawn Entertainment', 'N/A', 'US'),
(390, 'Reto-Moto', 'N/A', 'DK'),
(391, 'Retro Studios', 'N/A', 'US'),
(392, 'Revolution Software', 'N/A', 'GB'),
(393, 'Riot Games', 'N/A', 'US'),
(394, 'Rising Star Games', 'N/A', 'GB'),
(395, 'Robot Entertainment', 'N/A', 'US'),
(396, 'Rockstar Games', 'N/A', 'US'),
(397, 'Rocksteady Studios', 'N/A', 'GB'),
(398, 'Robinson Technologies', 'N/A', 'JP'),
(399, 'Rovio Entertainment', 'N/A', 'FI'),
(400, 'Ruffian Games', 'N/A', 'GB'),
(401, 'Runic Games', 'N/A', 'US'),
(402, 'Running With Scissors', 'N/A', 'US'),
(403, 'Sand Grain Studios', 'N/A', 'RO'),
(404, 'Sanuk Games', 'N/A', 'TH'),
(405, 'SCS Software', 'N/A', 'CZ'),
(406, 'Sega', 'N/A', 'US'),
(407, 'Serious Games Interactive', 'N/A', 'DK'),
(408, 'Sega AM2', 'N/A', 'JP'),
(409, 'SIE Foster City Studio', 'N/A', 'US'),
(410, 'SIE Japan Studio', 'N/A', 'JP'),
(411, 'SIE London Studio', 'N/A', 'GB'),
(412, 'SIE San Diego Studio', 'N/A', 'US'),
(413, 'SIE Santa Monica Studio', 'N/A', 'US'),
(414, 'SCE Studio Liverpool', 'N/A', 'GB'),
(415, 'SIE Worldwide Studios', 'N/A', 'GB'),
(416, 'Shanda', 'N/A', 'CN'),
(417, 'Sherman3D', 'N/A', 'MY'),
(418, 'Sierra Entertainment', 'N/A', 'US'),
(419, 'Silicon Knights', 'N/A', 'CA'),
(420, 'Silicon Studio', 'N/A', 'JP'),
(421, 'Simtex', 'N/A', 'US'),
(422, 'Sledgehammer Games', 'N/A', 'US'),
(423, 'Snail Games', 'N/A', 'CN'),
(424, 'SNK Playmore', 'N/A', 'JP'),
(425, 'Sobee Studios', 'N/A', 'TR'),
(426, 'Snowblind Studios', 'N/A', 'US'),
(427, 'Software 2000', 'N/A', 'DE'),
(428, 'Sonic Team', 'N/A', 'JP'),
(429, 'Sony Interactive Entertainment', 'N/A', 'GB'),
(430, 'Sora Ltd.', 'N/A', 'JP');  
INSERT INTO PUBLIC.DEVELOPER(ID, NAME, LEAD_DESIGNER, COUNTRY_CODE) VALUES
(431, 'Spectrum HoloByte', 'N/A', 'US'),
(432, 'Spellbound Entertainment', 'N/A', 'DE'),
(433, 'Spike', 'N/A', 'JP'),
(434, 'Spike Chunsoft', 'N/A', 'JP'),
(435, 'Spil Games', 'N/A', 'NL'),
(436, 'Splash Damage', 'N/A', 'GB'),
(437, 'Sproing Interactive Media', 'N/A', 'AT'),
(438, 'Square Enix', 'N/A', 'JP'),
(439, 'Stainless Games', 'N/A', 'GB'),
(440, 'Stainless Steel Studios', 'N/A', 'US'),
(441, 'Starbreeze Studios', 'N/A', 'SE'),
(442, 'Stardock', 'N/A', 'US'),
(443, 'Star Vault', 'N/A', 'SE'),
(444, 'Sting Entertainment', 'N/A', 'JP'),
(445, 'Strategic Simulations', 'N/A', 'US'),
(446, 'Strawdog Studios', 'N/A', 'GB'),
(447, 'Straylight Studios', 'N/A', 'NZ'),
(448, 'Streamline Studios', 'N/A', 'MY'),
(449, 'Sucker Punch Productions', 'N/A', 'US'),
(450, 'Sumo Digital', 'N/A', 'GB'),
(451, 'Sunflowers Interactive Entertainment Software', 'N/A', 'DE'),
(452, 'Supercell', 'N/A', 'FI'),
(453, 'SuperVillain Studios', 'N/A', 'US'),
(454, 'Swingin'' Ape Studios', 'N/A', 'US'),
(455, 'StormRegion', 'N/A', 'HU'),
(456, 'Taito', 'N/A', 'JP'),
(457, 'Tango Gameworks', 'N/A', 'JP'),
(458, 'Tag Games', 'N/A', 'GB'),
(459, 'Take-Two Interactive', 'N/A', 'US'),
(460, 'TaleWorlds', 'N/A', 'TR'),
(461, 'Tamsoft', 'N/A', 'JP'),
(462, 'Tantrumedia', 'N/A', 'GB'),
(463, 'Tantalus Media', 'N/A', 'AU'),
(464, 'Tate Interactive', 'N/A', 'PL'),
(465, 'Team17', 'N/A', 'GB'),
(466, 'Team Bondi', 'N/A', 'AU'),
(467, 'Team Ico', 'N/A', 'JP'),
(468, 'Team Ninja', 'N/A', 'JP'),
(469, 'Techland', 'N/A', 'PL'),
(470, 'Telltale Games', 'N/A', 'US'),
(471, 'Tencent', 'N/A', 'CN'),
(472, 'Tequila Works', 'N/A', 'ES'),
(473, 'Terminal Reality', 'N/A', 'US'),
(474, 'Teyon', 'N/A', 'PL'),
(475, 'The9', 'N/A', 'CN'),
(476, 'The Chinese Room', 'N/A', 'GB'),
(477, 'THQ', 'N/A', 'US'),
(478, 'Three Rings Design', 'N/A', 'US'),
(479, 'TimeGate Studios', 'N/A', 'US'),
(480, 'Toaplan', 'N/A', 'JP'),
(481, 'ToeJam & Earl Productions', 'N/A', 'US'),
(482, 'TopWare Interactive', 'N/A', 'DE'),
(483, 'Torpex Games', 'N/A', 'US'),
(484, 'Torus Games', 'N/A', 'AU'),
(485, 'Tose', 'N/A', 'JP'),
(486, 'Toys for Bob', 'N/A', 'US'),
(487, 'Trapdoor', 'N/A', 'CA'),
(488, 'Transmission Games', 'N/A', 'AU'),
(489, 'Traveller''s Tales', 'N/A', 'GB'),
(490, 'Treyarch', 'N/A', 'US'),
(491, 'Treasure', 'N/A', 'JP'),
(492, 'tri-Ace', 'N/A', 'JP'),
(493, 'Tripwire Interactive', 'N/A', 'US'),
(494, 'Triumph Studios', 'N/A', 'NL'),
(495, 'Turn 10 Studios', 'N/A', 'US'),
(496, 'Turtle Rock Studios', 'N/A', 'US'),
(497, 'Two Tribes', 'N/A', 'NL'),
(498, 'Tygron', 'N/A', 'NL'),
(499, 'Typhoon Games', 'N/A', 'CN'),
(500, 'Ubisoft', 'N/A', 'FR'),
(501, 'Ultimate Play the Game', 'N/A', 'GB'),
(502, 'Unique Development Studios', 'N/A', 'SE'),
(503, 'United Front Games', 'N/A', 'CA'),
(504, 'Universomo', 'N/A', 'FI'),
(505, 'Valve Corporation', 'N/A', 'US'),
(506, 'Vanillaware', 'N/A', 'JP'),
(507, 'Venan Entertainment', 'N/A', 'US'),
(508, 'Vicarious Visions', 'N/A', 'US'),
(509, 'Vigil Games', 'N/A', 'US'),
(510, 'Virtual Heroes, Inc.', 'N/A', 'US'),
(511, 'Visceral Games', 'N/A', 'US'),
(512, 'Visual Concepts', 'N/A', 'US'),
(513, 'Vivendi Games', 'N/A', 'US'),
(514, 'Viwawa', 'N/A', 'SG'),
(515, 'Volition, Inc.', 'N/A', 'US'),
(516, 'Vostok Games', 'N/A', 'UA'),
(517, 'VoxelStorm', 'N/A', 'GB'),
(518, 'Wahoo Studios', 'N/A', 'US'),
(519, 'Wanako Games', 'N/A', 'CL'),
(520, 'Warhorse Studios', 'N/A', 'CZ'),
(521, 'Wargaming', 'N/A', 'CY'),
(522, 'Wargaming Saint Petersburg', 'N/A', 'RU'),
(523, 'WB Games', 'N/A', 'US'),
(524, 'Webfoot Technologies', 'N/A', 'US'),
(525, 'Westwood Studios', 'N/A', 'US'),
(526, 'Westone Bit Entertainment', 'N/A', 'JP'),
(527, 'Wideload Games', 'N/A', 'US'),
(528, 'Wildfire Studios', 'N/A', 'AU'),
(529, 'Wizet', 'N/A', 'KR'),
(530, 'Wolfire Games', 'N/A', 'US'),
(531, 'World Forge', 'N/A', 'RU'),
(532, 'Yager Development', 'N/A', 'DE'),
(533, 'Yuke''s', 'N/A', 'JP'),
(534, 'ZeniMax Online Studios', 'N/A', 'US'),
(535, 'Zipper Interactive', 'N/A', 'US'),
(536, 'Zombie Studios', 'N/A', 'US');      
INSERT INTO PUBLIC.DEVELOPER(ID, NAME, LEAD_DESIGNER, COUNTRY_CODE) VALUES
(537, 'ZootFly', 'N/A', 'SI'),
(538, 'Zylom', 'N/A', 'NL'),
(539, 'Zynga', 'N/A', 'US'),
(540, 'Nintendo EAD', 'N/A', NULL),
(541, 'Nintendo EAD', 'N/A', NULL),
(542, 'Neversoft', 'Manabu Hatada ', NULL),
(543, 'Rockstar North', 'N/A', NULL),
(544, 'Project Soul', 'N/A', NULL),
(545, 'Nintendo EAD Tokyo', 'Yoshiaki Koizumi', NULL),
(546, 'Nintendo EAD Tokyo', 'Kenta Motokura', NULL),
(547, 'Rockstar North', 'Leslie Benzies', NULL),
(548, 'Neversoft', 'Will Doyle ', NULL),
(549, 'Rare', 'Duncan Botwood', NULL),
(550, 'Retro Studios', 'N/A', NULL),
(551, 'DMA Design', 'N/A', NULL),
(552, 'Bungie', 'John Howard', NULL),
(553, 'Visual Concepts', 'N/A', NULL),
(554, 'Valve Corporation', 'N/A', NULL),
(555, '2K Boston', 'Paul Hellquist', NULL),
(556, 'N/A', 'N/A', NULL),
(557, 'Naughty Dog', 'Richard Lemarchand', NULL),
(558, 'Capcom Production', 'Hiroshi Shibata', NULL),
(559, 'Valve Corporation', 'N/A', NULL),
(560, 'Rocksteady Studios', 'N/A', NULL),
(561, 'Namco', 'Masahiro Kimoto', NULL),
(562, 'BioWare', 'Preston Watamaniuk', NULL),
(563, 'Nintendo EAD', 'N/A', NULL),
(564, 'Bethesda Game Studios', 'Bruce Nesmith', NULL),
(565, 'N/A', 'N/A', NULL),
(566, 'Nintendo EAD', 'N/A', NULL),
(567, 'N/A', 'N/A', NULL),
(568, 'Konami Computer Entertainment Japan', 'Hideo Kojima', NULL),
(569, 'N/A', 'N/A', NULL),
(570, 'BioWare', 'Kevin Martens[1]', NULL),
(571, 'Rockstar North', 'N/A', NULL),
(572, 'Rockstar North', 'N/A', NULL),
(573, 'Media Molecule', 'N/A', NULL),
(574, 'Nintendo', 'N/A', NULL),
(575, 'Rockstar San Diego', 'Christian Cantamessa', NULL),
(576, 'Polyphony Digital', 'Kazunori Yamauchi', NULL),
(577, 'Bungie', 'Jason Jones', NULL),
(578, 'Nintendo EAD', 'N/A', NULL),
(579, 'Nintendo EAD', 'N/A', NULL),
(580, 'Naughty Dog', 'Jacob Minkoff', NULL),
(581, 'EA Tiburon', 'N/A', NULL),
(582, 'Naughty Dog', 'Jacob Minkoff', NULL),
(583, 'Valve Corporation', 'N/A', NULL),
(584, 'Kojima Productions', 'Hideo Kojima', NULL),
(585, '2D Boy', 'Kyle Gabler', NULL),
(586, 'Irrational Games', 'Ken Levine', NULL),
(587, 'Square', 'N/A', NULL),
(588, 'Infinity Ward', 'Todd Alderman[1]', NULL),
(589, 'Neversoft', 'N/A', NULL),
(590, 'Capcom', 'N/A', NULL),
(591, 'Infinity Ward', 'Todd Alderman', NULL),
(592, 'EA Tiburon', 'N/A', NULL),
(593, 'Grezzo', 'N/A', NULL),
(594, 'Square Product Development Division 3', 'Hiromichi Tanaka', NULL),
(595, 'EA Tiburon', 'N/A', NULL),
(596, 'Epic Games', 'N/A', NULL),
(597, 'Bethesda Game Studios', 'Ken Rolston', NULL),
(598, 'MicroProse', 'Brian Reynolds', NULL),
(599, 'N/A', 'N/A', NULL),
(600, 'Bungie', 'N/A', NULL),
(601, 'Team Ninja', 'Masanori Sato, Noriaki Kazama, Katsunori Ehara', NULL),
(602, 'Dimps', 'Hirotoshi Shiozaki', NULL),
(603, 'Nintendo EAD', 'N/A', NULL),
(604, 'Smilebit', 'N/A', NULL),
(605, 'Konami Computer Entertainment Japan', 'Hideo Kojima', NULL),
(606, 'LucasArts', 'Tim Schafer', NULL),
(607, 'Ubisoft Montreal', 'Clint Hocking', NULL),
(608, 'Criterion Games', 'Paul Cross', NULL),
(609, 'N/A', 'N/A', NULL),
(610, 'Konami Computer Entertainment Japan', 'Hideo Kojima', NULL),
(611, 'Kojima Productions', 'Hideo Kojima', NULL),
(612, 'EA Tiburon', 'N/A', NULL),
(613, 'N/A', 'N/A', NULL),
(614, 'BioWare', 'James Ohlen', NULL),
(615, 'Firaxis Games', 'Soren Johnson', NULL),
(616, 'Sega AM2', 'N/A', NULL),
(617, 'Nintendo EAD', 'N/A', NULL),
(618, 'CD Projekt RED', 'Grzegorz Mocarski', NULL),
(619, 'Nintendo', 'N/A', NULL),
(620, 'Relic Entertainment', 'Josh Mosqueira, Quinn Duffy', NULL),
(621, 'Polyphony Digital', 'Kazunori Yamauchi', NULL),
(622, 'Ubisoft Shanghai', 'N/A', NULL),
(623, 'Rockstar Leeds', 'N/A', NULL),
(624, 'Mine Loader Software', 'N/A', NULL),
(625, 'Capcom', 'N/A', NULL),
(626, 'Epic Games', 'Cliff Bleszinski', NULL),
(627, 'N/A', 'N/A', NULL),
(628, 'SCE Santa Monica Studio', 'Cory Barlog', NULL),
(629, 'Nintendo EAD Tokyo', 'N/A', NULL),
(630, 'Blizzard Entertainment', 'Dustin Browder', NULL),
(631, 'EA Canada', 'N/A', NULL),
(632, 'Mojang', 'Markus Persson[a]', NULL),
(633, 'Atlus', 'Atsushi Watanabe', NULL);  
INSERT INTO PUBLIC.DEVELOPER(ID, NAME, LEAD_DESIGNER, COUNTRY_CODE) VALUES
(634, 'EA Canada', 'N/A', NULL),
(635, 'Ubisoft Montreal', 'N/A', NULL),
(636, 'id Software', 'Graeme Devine', NULL),
(637, 'Relic Entertainment', 'Erin Daly', NULL),
(638, 'Clover Studio', 'Hiroshi Shibata', NULL),
(639, 'Bethesda Game Studios', 'Emil Pagliarulo', NULL),
(640, 'Epic Games', 'Cliff Bleszinski', NULL),
(641, 'Project Soul', 'N/A', NULL),
(642, 'N/A', 'N/A', NULL),
(643, 'Visual Concepts', 'N/A', NULL),
(644, 'BioWare', 'Preston Watamaniuk', NULL),
(645, 'Overworks', 'N/A', NULL),
(646, 'Nintendo EAD', 'Ryuji Kobayashi', NULL),
(647, 'Intelligent Systems', 'N/A', NULL),
(648, 'Harmonix', 'Dan Teasdale, Sylvain Dubrofsky, Brian Chan, Casey Malone', NULL),
(649, 'Capcom Production Studio 4', 'N/A', NULL),
(650, 'Eutechnyx', 'N/A', NULL),
(651, 'Visual Concepts', 'N/A', NULL),
(652, 'Konami Computer Entertainment Tokyo', 'N/A', NULL),
(653, 'Sega AM2', 'N/A', NULL),
(654, 'Intelligent Systems', 'N/A', NULL),
(655, 'Psygnosis', 'N/A', NULL),
(656, 'Naughty Dog', 'Kurt Margenau', NULL),
(657, 'Blizzard Entertainment', 'Rob Pardo, Jeff Kaplan, Tom Chilton', NULL),
(658, 'Nintendo EAD Tokyo Group No.2', 'N/A', NULL),
(659, 'Konami Computer Entertainment Tokyo', 'N/A', NULL),
(660, 'Visual Concepts', 'N/A', NULL),
(661, 'N/A', 'N/A', NULL),
(662, 'Ubisoft Montreal', 'Jordan Mechner', NULL),
(663, 'SCE Santa Monica Studio', 'Todd Papy', NULL),
(664, 'EA Canada', 'N/A', NULL),
(665, 'EA Canada', 'N/A', NULL),
(666, 'Harmonix', 'Chris Canfield', NULL),
(667, 'Naughty Dog', 'Richard Lemarchand', NULL),
(668, 'Harmonix', 'N/A', NULL),
(669, 'N/A', 'N/A', NULL),
(670, 'FromSoftware', 'Kazuhiro Hamatani', NULL),
(671, 'Silicon Knights', 'Brad Furminger', NULL),
(672, 'Blizzard Entertainment', 'Rob Pardo', NULL),
(673, 'Maxis', 'N/A', NULL),
(674, 'Rare', 'Gregg Mayles', NULL),
(675, 'Firaxis Games', 'N/A', NULL),
(676, 'Harmonix', 'Dan Teasdale[1]', NULL),
(677, 'Turn 10 Studios', 'N/A', NULL),
(678, 'Dimps', 'Hirotoshi Shiozaki', NULL),
(679, 'Intelligent Systems', 'N/A', NULL),
(680, 'Square Product Development Division 4', 'N/A', NULL),
(681, 'Valve Corporation', 'John Cook', NULL),
(682, 'Irrational Games', 'Ken Levine', NULL),
(683, 'Ubisoft Montreal', 'Clint Hocking', NULL),
(684, 'Square Enix', 'Hiroyuki Ito', NULL),
(685, 'Nintendo EAD', 'N/A', NULL),
(686, 'Visual Concepts', 'N/A', NULL),
(687, 'HAL Laboratory', 'N/A', NULL),
(688, 'N/A', 'Toby Fox', NULL),
(689, 'The Creative Assembly', 'Robert T. Smith', NULL),
(690, 'Turn 10 Studios', 'N/A', NULL),
(691, 'Rocksteady Studios', 'N/A', NULL),
(692, 'Nintendo EAD', 'N/A', NULL),
(693, 'Neversoft', 'Aaron Cammarata ', NULL),
(694, 'Looking Glass Studios', 'Tim Stellmach', NULL),
(695, 'Intelligent Systems', 'N/A', NULL),
(696, 'Ensemble Studios', 'Bruce Shelley', NULL),
(697, 'Square Product Development Division 1', 'N/A', NULL),
(698, 'N/A', 'N/A', NULL),
(699, 'Epic Games', 'Cliff Bleszinski', NULL),
(700, 'Firaxis Games', 'Brian Reynolds, Michael Ely, Bing Gordon, Sid Meier', NULL),
(701, 'Nintendo EAD', 'N/A', NULL),
(702, 'Stardock', 'Brad Wardell', NULL),
(703, 'Sora Ltd.', 'N/A', NULL),
(704, 'Square', 'N/A', NULL),
(705, 'Square', 'Hironobu Sakaguchi[1]', NULL),
(706, 'Monolith Soft', 'Koh Kojima', NULL),
(707, 'Rare', 'Chris Seavor', NULL),
(708, 'N/A', 'N/A', NULL),
(709, 'NanaOn-Sha', 'Masaya Matsuura', NULL),
(710, 'Bluepoint Games', 'N/A', NULL),
(711, 'Ubisoft Montpellier', 'Lorenzo Avi', NULL),
(712, 'Retro Studios', 'N/A', NULL),
(713, 'CD Projekt RED', 'N/A', NULL),
(714, 'N/A', 'N/A', NULL),
(715, 'Nintendo R&D1', 'Tomoyoshi Yamane', NULL),
(716, 'Square', 'Hiroyuki Ito', NULL),
(717, 'Ubisoft Montpellier', 'N/A', NULL),
(718, 'EA Sports', 'N/A', NULL),
(719, 'EA Tiburon', 'N/A', NULL),
(720, 'FromSoftware', 'Naotoshi Zin', NULL),
(721, 'Arkane Studios', 'Ricardo Bare', NULL),
(722, 'Visual Concepts', 'N/A', NULL),
(723, '2015, Inc.', 'Vince Zampella', NULL),
(724, 'Bungie', 'N/A', NULL),
(725, 'Media Molecule', 'N/A', NULL),
(726, 'Harmonix', 'N/A', NULL),
(727, 'Blizzard Entertainment', 'Tom Chilton, Jeff Kaplan', NULL);            
INSERT INTO PUBLIC.DEVELOPER(ID, NAME, LEAD_DESIGNER, COUNTRY_CODE) VALUES
(728, 'Retro Studios', 'N/A', NULL),
(729, 'Image Space Incorporated', 'Image Space Incorporated', NULL),
(730, 'EA Tiburon', 'N/A', NULL),
(731, 'BioWare', 'James Ohlen', NULL),
(732, 'PlatinumGames', 'Hirono Sato', NULL),
(733, 'N/A', 'N/A', NULL),
(734, 'Namco', 'Masao Kunimori', NULL),
(735, 'N/A', 'N/A', NULL),
(736, 'Camelot Software Planning', 'Hiroyuki Takahashi', NULL),
(737, 'Volition, Inc.', 'Dave Baranec', NULL),
(738, 'N/A', 'N/A', NULL),
(739, 'Insomniac Games', 'N/A', NULL),
(740, 'Capcom', 'N/A', NULL),
(741, 'EA Canada', 'David Rutter ', NULL),
(742, 'Playground Games', 'Martin Conner', NULL),
(743, 'Ubisoft Montreal', 'Patrick Plourde', NULL),
(744, 'Konami Computer Entertainment Japan', 'Hideo Kojima', NULL),
(745, 'Incognito Entertainment', 'David Jaffe ', NULL),
(746, 'Insomniac Games', 'N/A', NULL),
(747, 'Core Design', 'N/A', NULL),
(748, 'Capcom Production', 'Hiroshi Shibata', NULL),
(749, 'SCE Japan Studio', 'Fumito Ueda', NULL),
(750, 'PopCap Games', 'N/A', NULL),
(751, 'N/A', 'N/A', NULL),
(752, 'Gearbox Software', 'N/A', NULL),
(753, 'N/A', 'N/A', NULL),
(754, 'Visual Concepts', 'N/A', NULL),
(755, 'Crytek', 'N/A', NULL),
(756, 'Tecmo', 'N/A', NULL),
(757, 'Ready at Dawn', 'N/A', NULL),
(758, 'Team Ninja', 'Hiroaki Matsui', NULL),
(759, 'Blizzard Entertainment', 'Rob Pardo, Jeff Kaplan, Tom Chilton', NULL),
(760, 'SCE San Diego Studio', 'N/A', NULL),
(761, 'Nintendo EAD', 'N/A', NULL),
(762, 'EA Sports', 'N/A', NULL),
(763, 'Funcom', 'Didrik Tollefsen', NULL),
(764, 'LucasArts', 'Peter Chan', NULL),
(765, 'Bungie', 'N/A', NULL),
(766, 'Stardock', 'Brad Wardell', NULL),
(767, 'BioWare', 'N/A', NULL),
(768, 'Monolith Productions', 'Craig Hubbard', NULL),
(769, 'Turn 10 Studios', 'N/A', NULL),
(770, 'EA Digital Illusions CE', 'N/A', NULL),
(771, 'SCE Santa Monica Studio', 'N/A', NULL),
(772, 'N/A', 'N/A', NULL),
(773, 'Black Isle Studios', 'Chris Avellone', NULL),
(774, 'Epic Games', 'Cliff Bleszinski', NULL),
(775, 'Guerrilla Games', 'Neil Alphonso', NULL),
(776, 'BioWare', 'Trent Oster', NULL),
(777, 'Konami Computer Entertainment Tokyo', 'N/A', NULL),
(778, 'Monolith Productions', 'N/A', NULL),
(779, 'Crystal Dynamics', 'Amy Hennig', NULL),
(780, 'BioWare', 'Brent Knowles', NULL),
(781, 'Camelot Software Planning', 'N/A', NULL),
(782, 'Klei Entertainment', 'Nels Anderson', NULL),
(783, 'Konami Computer Entertainment Tokyo', 'N/A', NULL),
(784, 'Nintendo EAD', 'N/A', NULL),
(785, 'Konami Computer Entertainment Kobe', 'N/A', NULL),
(786, 'Ubisoft Montreal', 'N/A', NULL),
(787, 'N/A', 'N/A', NULL),
(788, 'Nintendo EAD Group No. 1', 'N/A', NULL),
(789, 'Infinity Ward', 'N/A', NULL),
(790, 'N/A', 'N/A', NULL),
(791, 'Naughty Dog', 'Evan Wells', NULL),
(792, 'Bizarre Creations', 'N/A', NULL),
(793, 'Visual Concepts', 'N/A', NULL),
(794, 'Maxis', 'Will Wright', NULL),
(795, 'Blizzard Entertainment', 'N/A', NULL),
(796, 'Ubi Soft Montpellier', 'Michel Ancel', NULL),
(797, 'PlatinumGames', 'Hiroshi Shibata', NULL),
(798, 'Blizzard Entertainment', 'Josh Mosqueira', NULL),
(799, 'N/A', 'N/A', NULL),
(800, 'Ubisoft Paris', 'Christian Allen ', NULL),
(801, 'EA Canada', 'N/A', NULL),
(802, 'AlphaDream', 'N/A', NULL),
(803, 'Yacht Club Games', 'Sean Velasco', NULL),
(804, 'Neversoft', 'N/A', NULL),
(805, 'Capcom', 'Tatsuya Nakae', NULL),
(806, 'SCE Japan Studio', 'N/A', NULL),
(807, 'Eidetic', 'Richard Ham', NULL),
(808, 'AlphaDream', 'N/A', NULL),
(809, 'RedLynx', 'N/A', NULL),
(810, 'Rockstar North', 'N/A', NULL),
(811, 'Mossmouth', 'Derek Yu', NULL),
(812, 'Insomniac Games', 'N/A', NULL),
(813, 'EA Canada', 'N/A', NULL),
(814, 'Hitmaker', 'N/A', NULL),
(815, 'N/A', 'N/A', NULL),
(816, 'Nintendo EAD', 'N/A', NULL),
(817, 'N/A', 'N/A', NULL),
(818, 'Nintendo EAD', 'Michiho Hayashi', NULL),
(819, 'N/A', 'N/A', NULL),
(820, 'Konami', 'N/A', NULL),
(821, 'EA Canada', 'N/A', NULL),
(822, 'Intelligent Systems', 'N/A', NULL),
(823, 'SCE San Diego Studio', 'N/A', NULL),
(824, 'Naughty Dog', 'Evan Wells', NULL),
(825, 'Factor 5', 'Julian Eggebrecht', NULL);               
INSERT INTO PUBLIC.DEVELOPER(ID, NAME, LEAD_DESIGNER, COUNTRY_CODE) VALUES
(826, 'Increpare Games', 'N/A', NULL),
(827, 'FuturLab', 'N/A', NULL),
(828, 'Criterion Games', 'Paul Cross', NULL),
(829, 'Visual Concepts', 'N/A', NULL),
(830, 'Epic Games', 'Cliff Bleszinski', NULL),
(831, 'Ion Storm', 'N/A', NULL),
(832, 'Rare', 'N/A', NULL),
(833, 'Smilebit', 'N/A', NULL),
(834, 'Valve Corporation', 'Kim Swift', NULL),
(835, 'Valve Corporation', 'N/A', NULL),
(836, 'N/A', 'N/A', NULL),
(837, 'Atlus', 'Atsushi Watanabe', NULL),
(838, 'SCE San Diego Studio', 'N/A', NULL),
(839, 'Rare', 'Martin Wakeley', NULL),
(840, 'Thomas Happ Games', 'N/A', NULL),
(841, 'Valve South', 'Mike Booth', NULL),
(842, 'Valve Corporation', 'Michael Booth', NULL),
(843, 'FromSoftware', 'Shigeto Hirai', NULL),
(844, 'N/A', 'N/A', NULL),
(845, 'BioWare', 'N/A', NULL),
(846, 'Treyarch', 'N/A', NULL),
(847, 'Visual Concepts', 'N/A', NULL),
(848, 'Papyrus Design Group', 'N/A', NULL),
(849, 'Sonic Team', 'N/A', NULL),
(850, 'Capcom', 'N/A', NULL),
(851, 'Namco', 'Seiichi Ishii', NULL),
(852, 'N/A', 'N/A', NULL),
(853, 'Amusement Vision', 'N/A', NULL),
(854, 'FromSoftware', 'N/A', NULL),
(855, 'EA Canada', 'EA Black Box', NULL),
(856, 'EA Black Box', 'William Ho', NULL),
(857, 'Rockstar North', 'N/A', NULL),
(858, 'Capcom', 'N/A', NULL),
(859, 'EA Tiburon', 'N/A', NULL),
(860, 'Battlefront.com', 'Charles Moylan', NULL),
(861, 'Barking Dog Studios', 'N/A', NULL),
(862, 'Studio Pixel', 'Daisuke Amaya', NULL),
(863, 'FromSoftware', 'Naotoshi Zin', NULL),
(864, 'N/A', 'N/A', NULL),
(865, 'ArenaNet', 'N/A', NULL),
(866, 'Konami', 'N/A', NULL),
(867, 'Neversoft', 'N/A', NULL),
(868, 'Namco', 'N/A', NULL),
(869, 'Remedy Entertainment', 'N/A', NULL),
(870, 'N/A', 'N/A', NULL),
(871, 'N/A', 'N/A', NULL),
(872, 'EA Sports', 'N/A', NULL),
(873, 'Respawn Entertainment', 'Todd Alderman', NULL),
(874, 'Massive Entertainment', STRINGDECODE('Magnus Jans\u00e9n'), NULL),
(875, 'EA Canada', 'David Rutter ', NULL),
(876, STRINGDECODE('Eidos Montr\u00e9al'), STRINGDECODE('Fran\u00e7ois Lapikas'), NULL),
(877, 'Konami', 'N/A', NULL),
(878, 'Sonic Team USA', 'N/A', NULL),
(879, 'Papyrus Design Group', 'N/A', NULL),
(880, '3D Realms', 'George Broussard', NULL),
(881, 'Team Bondi', 'Alex Carlyle', NULL),
(882, 'N/A', 'N/A', NULL),
(883, 'Crytek', 'N/A', NULL),
(884, 'N/A', 'N/A', NULL),
(885, 'Firaxis Games', 'Jake Solomon', NULL),
(886, 'Big Huge Games', 'Brian Reynolds', NULL),
(887, 'Atlus', 'N/A', NULL),
(888, 'Criterion Games', 'Chris Roberts', NULL),
(889, 'Visual Concepts', 'N/A', NULL),
(890, 'Papyrus Design Group', 'N/A', NULL),
(891, 'Outrage Entertainment', 'N/A', NULL),
(892, 'LucasArts', 'Larry Ahern', NULL),
(893, 'FromSoftware', 'N/A', NULL),
(894, 'Kojima Productions', 'N/A', NULL),
(895, 'EA DICE', 'N/A', NULL),
(896, 'Visceral Games', 'Wright Bagwell, John Calhoun, Matthias Worch[1]', NULL),
(897, 'Digital Illusions CE', 'Romain de Waubert de Genlis', NULL),
(898, 'Square', 'N/A', NULL),
(899, 'Starbreeze Studios', 'Fredrik Ljungdahl', NULL),
(900, 'Asmik Ace Entertainment', 'Kenji Kimura', NULL),
(901, 'Polyphony Digital', 'N/A', NULL),
(902, 'BioWare', 'N/A', NULL),
(903, 'Harmonix', 'Chris Foster, Sylvain Dubrofsky, Casey Malone', NULL),
(904, 'Intelligent Systems', 'N/A', NULL),
(905, 'Codemasters', 'N/A', NULL),
(906, 'Q Entertainment', 'Tetsuya Mizuguchi', NULL),
(907, 'Insomniac Games', 'N/A', NULL),
(908, 'Ubisoft Shanghai', 'Chris Smith', NULL),
(909, 'Nintendo EAD', 'Masanao Arimoto', NULL),
(910, 'Konami Computer Entertainment Tokyo', 'N/A', NULL),
(911, 'Kojima Productions', 'Hideo Kojima', NULL),
(912, 'Sega AM2', 'N/A', NULL),
(913, 'N/A', 'N/A', NULL),
(914, 'Firaxis Games', 'Ed Beach', NULL),
(915, 'N/A', 'N/A', NULL),
(916, 'Collecting Smiles', 'Jens Andersson', NULL),
(917, '0verflow', 'N/A', 'JP'),
(918, '1st Playable Productions', 'N/A', 'US'),
(919, '2K Czech', 'N/A', 'CZ'),
(920, '2XL Games', 'N/A', 'US'),
(921, '343 Industries', 'N/A', 'US'),
(922, '38 Studios', 'N/A', 'US'),
(923, '3D Realms', 'N/A', 'US'),
(924, '3G Studios', 'N/A', 'US'),
(925, '42 Entertainment', 'N/A', 'US');      
INSERT INTO PUBLIC.DEVELOPER(ID, NAME, LEAD_DESIGNER, COUNTRY_CODE) VALUES
(926, '4A Games', 'N/A', 'UA'),
(927, '5pb. Inc.', 'N/A', 'JP'),
(928, '5th Cell', 'N/A', 'US'),
(929, '989 Studios', 'N/A', 'US'),
(930, 'Acclaim Entertainment', 'N/A', 'US'),
(931, 'Accolade', 'N/A', 'US'),
(932, 'Access Games', 'N/A', 'JP'),
(933, 'Access Software', 'N/A', 'US'),
(934, 'ACE Team', 'N/A', 'CL'),
(935, 'Aces Studio', 'N/A', 'US'),
(936, 'Acheron Design', 'N/A', 'AU'),
(937, 'Action Forms', 'N/A', 'UA'),
(938, 'Active Gaming Media', 'N/A', 'JP'),
(939, 'Activision', 'N/A', 'US'),
(940, 'Activision Blizzard', 'N/A', 'US'),
(941, 'Adventure Soft', 'N/A', 'GB'),
(942, 'Akella', 'N/A', 'RU'),
(943, 'Aki Corporation', 'N/A', 'JP'),
(944, 'Alfa System', 'N/A', 'JP'),
(945, 'Amazon Game Studios', 'N/A', 'US'),
(946, 'Ancient', 'N/A', 'JP'),
(947, 'Anino Games', 'N/A', 'PH'),
(948, 'Ankama Games', 'N/A', 'FR'),
(949, 'AQ Interactive', 'N/A', 'JP'),
(950, 'Arc System Works', 'N/A', 'JP'),
(951, 'Arkane Studios', 'N/A', 'FR'),
(952, 'Arkedo Studio', 'N/A', 'FR'),
(953, 'ArenaNet', 'N/A', 'US'),
(954, 'Arika', 'N/A', 'JP'),
(955, 'Armor Project', 'N/A', 'JP'),
(956, 'Art Co., Ltd', 'N/A', 'JP'),
(957, 'Artdink', 'N/A', 'JP'),
(958, 'ArtePiazza', 'N/A', 'JP'),
(959, 'Artificial Studios', 'N/A', 'US'),
(960, 'Artoon', 'N/A', 'JP'),
(961, 'Ascaron', 'N/A', 'DE'),
(962, 'Asobo Studio', 'N/A', 'FR'),
(963, 'Atlus', 'N/A', 'JP'),
(964, 'Atomic Planet Entertainment', 'N/A', 'GB'),
(965, 'Attic Entertainment Software', 'N/A', 'DE'),
(966, 'Avalanche Software', 'N/A', 'US'),
(967, 'Avalanche Studios', 'N/A', 'SE'),
(968, 'Aventurine SA', 'N/A', 'GR'),
(969, 'Babaroga', 'N/A', 'US'),
(970, 'Backbone Entertainment', 'N/A', 'US'),
(971, 'Bandai Namco Studios', 'N/A', 'JP'),
(972, 'Banpresto', 'N/A', 'JP'),
(973, 'Bauhaus Entertainment', 'N/A', 'JP'),
(974, 'Beenox', 'N/A', 'CA'),
(975, 'Behaviour Interactive', 'N/A', 'CA'),
(976, 'Bethesda Softworks', 'N/A', 'US'),
(977, 'Big Huge Games', 'N/A', 'US'),
(978, 'Binary Hammer', 'N/A', 'US'),
(979, 'BioWare', 'N/A', 'CA'),
(980, 'Bird Studio', 'N/A', 'JP'),
(981, 'The Bitmap Brothers', 'N/A', 'GB'),
(982, 'Bits Studios', 'N/A', 'GB'),
(983, 'Bizarre Creations', 'N/A', 'GB'),
(984, 'Black Forest Games', 'N/A', 'DE'),
(985, 'Black Isle Studios', 'N/A', 'US'),
(986, 'Black Rock Studio', 'N/A', 'GB'),
(987, 'Black Shell Games', 'N/A', 'US'),
(988, 'Black Wing Foundation', 'N/A', 'UA'),
(989, 'Blitz Games Studios', 'N/A', 'GB'),
(990, 'Blizzard Entertainment', 'N/A', 'US'),
(991, 'Blue Byte Software', 'N/A', 'DE'),
(992, 'Blue Fang Games', 'N/A', 'US'),
(993, 'Blue Tongue Entertainment', 'N/A', 'AU'),
(994, 'Bohemia Interactive', 'N/A', 'CZ'),
(995, 'Boss Fight Entertainment', 'N/A', 'US'),
(996, 'Boss Key Productions', 'N/A', 'US'),
(997, 'BreakAway Games', 'N/A', 'US'),
(998, STRINGDECODE('Br\u00f8derbund'), 'N/A', 'US'),
(999, 'Brownie Brown', 'N/A', 'JP'),
(1000, 'Bugbear Entertainment', 'N/A', 'FI'),
(1001, 'Buka Entertainment', 'N/A', 'RU'),
(1002, 'Bullfrog Productions', 'N/A', 'GB'),
(1003, 'Bungie', 'N/A', 'US'),
(1004, 'Capcom', 'N/A', 'JP'),
(1005, 'Capcom Vancouver', 'N/A', 'CA'),
(1006, 'Carbine Studios', 'N/A', 'US'),
(1007, 'Cauldron', 'N/A', 'SK'),
(1008, 'Cave', 'N/A', 'JP'),
(1009, 'Cavia', 'N/A', 'JP'),
(1010, 'CCP Games', 'N/A', 'IS'),
(1011, 'CD Projekt RED', 'N/A', 'PL'),
(1012, 'Centuri', 'N/A', 'US'),
(1013, 'Certain Affinity', 'N/A', 'US'),
(1014, 'Chair Entertainment', 'N/A', 'US'),
(1015, 'Chunsoft', 'N/A', 'JP'),
(1016, 'Cing', 'N/A', 'JP'),
(1017, 'Clap Hanz', 'N/A', 'JP'),
(1018, 'Climax Entertainment', 'N/A', 'JP'),
(1019, 'Climax Studios', 'N/A', 'GB'),
(1020, 'Cloud Imperium Games', 'N/A', 'US'),
(1021, 'Clover Studio', 'N/A', 'JP'),
(1022, 'Coded Illusions', 'N/A', 'NL'),
(1023, 'Codemasters', 'N/A', 'GB'),
(1024, 'Coktel Vision', 'N/A', 'FR'),
(1025, 'Colossal Order', 'N/A', 'FI'),
(1026, 'Compile Heart', 'N/A', 'JP'),
(1027, 'Compulsion Games', 'N/A', 'CA'),
(1028, 'Core Design', 'N/A', 'GB'),
(1029, 'Crafts & Meister', 'N/A', 'JP'),
(1030, 'Creat Studios', 'N/A', 'US'),
(1031, 'Creative Assembly', 'N/A', 'GB');           
INSERT INTO PUBLIC.DEVELOPER(ID, NAME, LEAD_DESIGNER, COUNTRY_CODE) VALUES
(1032, 'Criterion Games', 'N/A', 'GB'),
(1033, 'Croteam', 'N/A', 'HR'),
(1034, 'Cryo Interactive', 'N/A', 'FR'),
(1035, 'Cryptic Studios', 'N/A', 'US'),
(1036, 'Crystal Dynamics', 'N/A', 'US'),
(1037, 'Crytek', 'N/A', 'DE'),
(1038, 'Crytek UK', 'N/A', 'GB'),
(1039, 'Cyan Worlds', 'N/A', 'US'),
(1040, 'Cyanide', 'N/A', 'FR'),
(1041, 'Cyberdreams', 'N/A', 'GB'),
(1042, 'CyberConnect2', 'N/A', 'JP'),
(1043, 'Cyberlore Studios', 'N/A', 'US'),
(1044, 'CyberStep', 'N/A', 'JP'),
(1045, 'D-Pad Studio', 'N/A', 'NO'),
(1046, 'Dambuster Studios', 'N/A', 'GB'),
(1047, 'Day 1 Studios', 'N/A', 'US'),
(1048, 'Deadline Games', 'N/A', 'DK'),
(1049, 'Deck13', 'N/A', 'DE'),
(1050, 'Demiurge Studios', 'N/A', 'US'),
(1051, 'devCAT Studios', 'N/A', 'KR'),
(1052, 'Dhruva Interactive', 'N/A', 'IN'),
(1053, 'Die Gute Fabrik', 'N/A', 'DK'),
(1054, 'Digital Illusions CE', 'N/A', 'SE'),
(1055, 'Digital Reality', 'N/A', 'HU'),
(1056, 'Dimps', 'N/A', 'JP'),
(1057, 'Disney Interactive Studios', 'N/A', 'US'),
(1058, 'Double Fine Productions', 'N/A', 'US'),
(1059, 'Double Helix Games', 'N/A', 'US'),
(1060, 'Dynamix', 'N/A', 'US'),
(1061, 'Egosoft', 'N/A', 'DE'),
(1062, 'Eidos Interactive', 'N/A', 'GB'),
(1063, 'Electronic Arts', 'N/A', 'US'),
(1064, 'Elev8 Games', 'N/A', 'IN'),
(1065, 'Engine Software', 'N/A', 'NL'),
(1066, 'Ensemble Studios', 'N/A', 'US'),
(1067, 'Epic Games', 'N/A', 'US'),
(1068, 'Epic Games Poland', 'N/A', 'PL'),
(1069, 'Epicenter Studios', 'N/A', 'US'),
(1070, 'Epyx', 'N/A', 'US'),
(1071, 'Etranges Libellules', 'N/A', 'FR'),
(1072, 'Eugen Systems', 'N/A', 'FR'),
(1073, 'Eurocom', 'N/A', 'GB'),
(1074, 'Evolution Studios', 'N/A', 'GB'),
(1075, 'Eyedentity Games', 'N/A', 'KR'),
(1076, 'F4', 'N/A', 'FR'),
(1077, 'Facepunch Studios', 'N/A', 'GB'),
(1078, 'FarSight Studios', 'N/A', 'US'),
(1079, 'Fatshark', 'N/A', 'SE'),
(1080, 'feelplus', 'N/A', 'JP'),
(1081, 'Firaxis Games', 'N/A', 'US'),
(1082, 'Firefly Studios', 'N/A', 'GB'),
(1083, 'First Star Software', 'N/A', 'US'),
(1084, 'Flagship Studios', 'N/A', 'US'),
(1085, 'Flying Wild Hog', 'N/A', 'PL'),
(1086, 'Foundation 9 Entertainment', 'N/A', 'US'),
(1087, 'Fox Interactive', 'N/A', 'US'),
(1088, 'Frictional Games', 'N/A', 'SE'),
(1089, 'Frogwares', 'N/A', 'UA'),
(1090, 'FromSoftware', 'N/A', 'JP'),
(1091, 'Frontier Developments', 'N/A', 'GB'),
(1092, 'Frozenbyte', 'N/A', 'FI'),
(1093, 'FUN Labs', 'N/A', 'RO'),
(1094, 'Funcom', 'N/A', 'NO'),
(1095, 'Futuremark', 'N/A', 'FI'),
(1096, 'Gaijin Entertainment', 'N/A', 'RU'),
(1097, 'Game Arts', 'N/A', 'JP'),
(1098, 'Game Freak', 'N/A', 'JP'),
(1099, 'GameHouse', 'N/A', 'US'),
(1100, 'Gameloft', 'N/A', 'FR'),
(1101, 'Games2win', 'N/A', 'IN'),
(1102, 'Gearbox Software', 'N/A', 'US'),
(1103, 'Geewa', 'N/A', 'CZ'),
(1104, 'Genki', 'N/A', 'JP'),
(1105, 'Giant Interactive', 'N/A', 'CN'),
(1106, 'Glu Mobile', 'N/A', 'US'),
(1107, 'Gogii Games', 'N/A', 'CA'),
(1108, 'Good-Feel', 'N/A', 'JP'),
(1109, 'Grasshopper Manufacture', 'N/A', 'JP'),
(1110, 'Gravity', 'N/A', 'KR'),
(1111, 'Gremlin Interactive', 'N/A', 'GB'),
(1112, 'Grezzo', 'N/A', 'JP'),
(1113, 'Griptonite Games', 'N/A', 'US'),
(1114, 'GSC Game World', 'N/A', 'UA'),
(1115, 'Guerrilla Cambridge', 'N/A', 'GB'),
(1116, 'Guerrilla Games', 'N/A', 'NL'),
(1117, 'GungHo Online Entertainment', 'N/A', 'JP'),
(1118, 'Gust Corporation', 'N/A', 'JP'),
(1119, 'Haemimont Games', 'N/A', 'BG'),
(1120, 'HappySoft', 'N/A', 'JP'),
(1121, 'HAL Laboratory', 'N/A', 'JP'),
(1122, 'Halfbrick', 'N/A', 'AU'),
(1123, 'Hanaho', 'N/A', 'US'),
(1124, 'Hangar 13', 'N/A', 'US'),
(1125, 'Harebrained Schemes', 'N/A', 'US'),
(1126, 'Harmonix Music Systems', 'N/A', 'US'),
(1127, 'Hasbro Interactive', 'N/A', 'US'),
(1128, 'HB Studios', 'N/A', 'CA'),
(1129, 'HeroCraft', 'N/A', 'RU'),
(1130, 'High Moon Studios', 'N/A', 'US'),
(1131, 'High Voltage Software', 'N/A', 'US'),
(1132, 'Hoplon Infotainment', 'N/A', 'BR'),
(1133, 'Hothead Games', 'N/A', 'CA'),
(1134, 'Housemarque', 'N/A', 'FI'),
(1135, 'Hudson Soft', 'N/A', 'JP'),
(1136, 'Human Head Studios', 'N/A', 'US');        
INSERT INTO PUBLIC.DEVELOPER(ID, NAME, LEAD_DESIGNER, COUNTRY_CODE) VALUES
(1137, 'Humongous Entertainment', 'N/A', 'US'),
(1138, 'Hyperion Entertainment', 'N/A', 'BE'),
(1139, 'id Software', 'N/A', 'US'),
(1140, 'Idea Factory', 'N/A', 'JP'),
(1141, 'Imageepoch', 'N/A', 'JP'),
(1142, 'Infinity Ward', 'N/A', 'US'),
(1143, 'Infocom', 'N/A', 'US'),
(1144, 'Infogrames', 'N/A', 'FR'),
(1145, 'Incredible Technologies', 'N/A', 'US'),
(1146, 'indieszero', 'N/A', 'JP'),
(1147, 'Innerloop Studios', 'N/A', 'NO'),
(1148, 'Insomniac Games', 'N/A', 'US'),
(1149, 'Intelligent Systems', 'N/A', 'JP'),
(1150, 'Interceptor Entertainment', 'N/A', 'DK'),
(1151, 'Interplay Entertainment', 'N/A', 'US'),
(1152, 'Inti Creates', 'N/A', 'JP'),
(1153, 'Introversion Software', 'N/A', 'GB'),
(1154, 'IO Interactive', 'N/A', 'DK'),
(1155, 'Ion Storm', 'N/A', 'US'),
(1156, 'Irem', 'N/A', 'JP'),
(1157, 'Iron Galaxy Studios', 'N/A', 'US'),
(1158, 'Irrational Games', 'N/A', 'US'),
(1159, 'Jadestone Group', 'N/A', 'SE'),
(1160, 'Jagex', 'N/A', 'GB'),
(1161, 'Jaleco', 'N/A', 'JP'),
(1162, 'Javaground', 'N/A', 'US'),
(1163, 'JoWood Entertainment AG', 'N/A', 'AT'),
(1164, 'Juice Games', 'N/A', 'GB'),
(1165, 'Jupiter', 'N/A', 'JP'),
(1166, 'JV Games', 'N/A', 'US'),
(1167, 'Kairosoft', 'N/A', 'JP'),
(1168, 'Kalypso Media', 'N/A', 'DE'),
(1169, 'Kaos Studios', 'N/A', 'US'),
(1170, 'Keen Software House', 'N/A', 'CZ'),
(1171, 'Kiloo Games', 'N/A', 'DK'),
(1172, 'Koei', 'N/A', 'JP'),
(1173, 'KOG Studios', 'N/A', 'KR'),
(1174, 'Konami', 'N/A', 'JP'),
(1175, 'Kongzhong', 'N/A', 'CN'),
(1176, 'Krome Studios', 'N/A', 'AU'),
(1177, 'Krome Studios Melbourne', 'N/A', 'AU'),
(1178, 'Kuju Entertainment', 'N/A', 'GB'),
(1179, 'Kush Games', 'N/A', 'US'),
(1180, 'Kuma Reality Games', 'N/A', 'US'),
(1181, 'Larian Studios', 'N/A', 'BE'),
(1182, 'Legacy Interactive', 'N/A', 'US'),
(1183, 'Legend Entertainment', 'N/A', 'US'),
(1184, 'Legendo Entertainment', 'N/A', 'SE'),
(1185, 'LEGO Group', 'N/A', 'DK'),
(1186, 'Level-5', 'N/A', 'JP'),
(1187, 'Lionhead Studios', 'N/A', 'GB'),
(1188, 'Liquid Entertainment', 'N/A', 'US'),
(1189, 'Little Green Men Games', 'N/A', 'HR'),
(1190, 'LK Avalon', 'N/A', 'PL'),
(1191, 'Llamasoft', 'N/A', 'GB'),
(1192, 'Linden Lab', 'N/A', 'US'),
(1193, 'Looking Glass Studios', 'N/A', 'US'),
(1194, 'LucasArts', 'N/A', 'US'),
(1195, 'Luma Arcade', 'N/A', 'ZA'),
(1196, 'Luxoflux', 'N/A', 'US'),
(1197, 'MachineGames', 'N/A', 'SE'),
(1198, 'Magenta Software', 'N/A', 'GB'),
(1199, 'Majesco Entertainment', 'N/A', 'US'),
(1200, 'Marvelous Entertainment', 'N/A', 'JP'),
(1201, 'Massive Entertainment', 'N/A', 'SE'),
(1202, 'Masthead Studios', 'N/A', 'BG'),
(1203, 'Maxis Software', 'N/A', 'US'),
(1204, 'Mean Hamster Software', 'N/A', 'US'),
(1205, 'Media Molecule', 'N/A', 'GB'),
(1206, 'Mediatonic', 'N/A', 'GB'),
(1207, 'MegaZebra', 'N/A', 'DE'),
(1208, 'Mercury Steam', 'N/A', 'ES'),
(1209, 'Metropolis Software', 'N/A', 'PL'),
(1210, 'MicroProse Software', 'N/A', 'US'),
(1211, 'Microsoft Studios', 'N/A', 'US'),
(1212, 'Midway Games', 'N/A', 'US'),
(1213, 'Milestone', 'N/A', 'JP'),
(1214, 'Milestone S.r.l.', 'N/A', 'IT'),
(1215, 'Mind Candy', 'N/A', 'GB'),
(1216, 'Mistwalker', 'N/A', 'JP'),
(1217, 'Mitchell Corporation', 'N/A', 'JP'),
(1218, 'Mojang AB', 'N/A', 'SE'),
(1219, 'Monolith Productions', 'N/A', 'US'),
(1220, 'Monolith Soft', 'N/A', 'JP'),
(1221, 'Mythic Entertainment', 'N/A', 'US'),
(1222, 'Nadeo', 'N/A', 'FR'),
(1223, 'Nanobit', 'N/A', 'HR'),
(1224, 'Natsume', 'N/A', 'JP'),
(1225, 'Naughty Dog', 'N/A', 'US'),
(1226, 'NCsoft', 'N/A', 'KR'),
(1227, 'NDOORS Corporation', 'N/A', 'KR'),
(1228, 'Neowiz', 'N/A', 'KR'),
(1229, 'Nerve Software', 'N/A', 'US'),
(1230, 'NetDevil', 'N/A', 'US'),
(1231, 'Netdragon', 'N/A', 'CN'),
(1232, 'Netease', 'N/A', 'CN'),
(1233, 'NetherRealm Studios', 'N/A', 'US'),
(1234, 'Neversoft', 'N/A', 'US'),
(1235, 'Nexon', 'N/A', 'KR'),
(1236, 'Next Level Games', 'N/A', 'CA'),
(1237, 'NGD Studios', 'N/A', 'AR'),
(1238, 'Nibris', 'N/A', 'PL'),
(1239, 'Nihon Falcom', 'N/A', 'JP'),
(1240, 'Ninjabee', 'N/A', 'US'),
(1241, 'Ninja Theory', 'N/A', 'GB');           
INSERT INTO PUBLIC.DEVELOPER(ID, NAME, LEAD_DESIGNER, COUNTRY_CODE) VALUES
(1242, 'Nintendo', 'N/A', 'JP'),
(1243, 'Nippon Ichi Software', 'N/A', 'JP'),
(1244, 'Nordeus', 'N/A', 'RS'),
(1245, 'Novalogic', 'N/A', 'US'),
(1246, 'Novarama', 'N/A', 'ES'),
(1247, 'n-Space', 'N/A', 'US'),
(1248, 'Obsidian Entertainment', 'N/A', 'US'),
(1249, 'Oddworld Inhabitants', 'N/A', 'US'),
(1250, 'Omega Force', 'N/A', 'JP'),
(1251, 'Origin Systems', 'N/A', 'US'),
(1252, 'Outrage Entertainment', 'N/A', 'US'),
(1253, 'Overkill Software', 'N/A', 'SE'),
(1254, 'Oxygen Studios', 'N/A', 'GB'),
(1255, 'Page 44 Studios', 'N/A', 'US'),
(1256, 'Pangea Software', 'N/A', 'US'),
(1257, 'Project Sora', 'N/A', 'JP'),
(1258, 'Papaya Studio', 'N/A', 'US'),
(1259, 'Project Soul', 'N/A', 'JP'),
(1260, 'Panther Games Pty Ltd', 'N/A', 'AU'),
(1261, 'Paradox Development Studio', 'N/A', 'SE'),
(1262, 'Parallax Software', 'N/A', 'US'),
(1263, 'Pandemic Studios', 'N/A', 'US'),
(1264, 'Pendulo Studios', 'N/A', 'ES'),
(1265, 'Penguin Software', 'N/A', 'US'),
(1266, 'Perfect World', 'N/A', 'CN'),
(1267, 'Petroglyph', 'N/A', 'US'),
(1268, 'Phantagram', 'N/A', 'KR'),
(1269, 'Phenomic Game Development', 'N/A', 'DE'),
(1270, 'Piranha Bytes', 'N/A', 'DE'),
(1271, 'Pi Studios', 'N/A', 'US'),
(1272, 'Pivotal Games', 'N/A', 'GB'),
(1273, 'Pixel Press', 'N/A', 'US'),
(1274, 'Playdom', 'N/A', 'US'),
(1275, 'Playfish', 'N/A', 'GB'),
(1276, 'PlayFirst', 'N/A', 'US'),
(1277, 'Playground Games', 'N/A', 'GB'),
(1278, 'PlatinumGames', 'N/A', 'JP'),
(1279, 'Polyphony Digital', 'N/A', 'JP'),
(1280, 'PopCap Games', 'N/A', 'US'),
(1281, 'Press Play', 'N/A', 'DK'),
(1282, 'Punch Entertainment', 'N/A', 'US'),
(1283, 'Pyro Studios', 'N/A', 'ES'),
(1284, 'Q Entertainment', 'N/A', 'JP'),
(1285, 'Q-Games', 'N/A', 'JP'),
(1286, 'Quantic Dream', 'N/A', 'FR'),
(1287, 'Radical Entertainment', 'N/A', 'CA'),
(1288, 'Rage Software', 'N/A', 'GB'),
(1289, 'Rainbow Studios', 'N/A', 'US'),
(1290, 'Rare', 'N/A', 'GB'),
(1291, 'Raven Software', 'N/A', 'US'),
(1292, 'Red Entertainment', 'N/A', 'JP'),
(1293, 'Reality Pump Studios', 'N/A', 'PL'),
(1294, 'Realtime Associates', 'N/A', 'US'),
(1295, 'Realtime Worlds', 'N/A', 'GB'),
(1296, 'Rebellion Developments', 'N/A', 'GB'),
(1297, 'RedLynx', 'N/A', 'FI'),
(1298, 'Red Thread Games', 'N/A', 'NO'),
(1299, 'Red Storm Entertainment', 'N/A', 'US'),
(1300, 'Redtribe', 'N/A', 'AU'),
(1301, 'Reflections Interactive', 'N/A', 'GB'),
(1302, 'Reflexive Entertainment', 'N/A', 'US'),
(1303, 'Relic Entertainment', 'N/A', 'CA'),
(1304, 'Remedy Entertainment', 'N/A', 'FI'),
(1305, 'Respawn Entertainment', 'N/A', 'US'),
(1306, 'Reto-Moto', 'N/A', 'DK'),
(1307, 'Retro Studios', 'N/A', 'US'),
(1308, 'Revolution Software', 'N/A', 'GB'),
(1309, 'Riot Games', 'N/A', 'US'),
(1310, 'Rising Star Games', 'N/A', 'GB'),
(1311, 'Robot Entertainment', 'N/A', 'US'),
(1312, 'Rockstar Games', 'N/A', 'US'),
(1313, 'Rocksteady Studios', 'N/A', 'GB'),
(1314, 'Robinson Technologies', 'N/A', 'JP'),
(1315, 'Rovio Entertainment', 'N/A', 'FI'),
(1316, 'Ruffian Games', 'N/A', 'GB'),
(1317, 'Runic Games', 'N/A', 'US'),
(1318, 'Running With Scissors', 'N/A', 'US'),
(1319, 'Sand Grain Studios', 'N/A', 'RO'),
(1320, 'Sanuk Games', 'N/A', 'TH'),
(1321, 'SCS Software', 'N/A', 'CZ'),
(1322, 'Sega', 'N/A', 'US'),
(1323, 'Serious Games Interactive', 'N/A', 'DK'),
(1324, 'Sega AM2', 'N/A', 'JP'),
(1325, 'SIE Foster City Studio', 'N/A', 'US'),
(1326, 'SIE Japan Studio', 'N/A', 'JP'),
(1327, 'SIE London Studio', 'N/A', 'GB'),
(1328, 'SIE San Diego Studio', 'N/A', 'US'),
(1329, 'SIE Santa Monica Studio', 'N/A', 'US'),
(1330, 'SCE Studio Liverpool', 'N/A', 'GB'),
(1331, 'SIE Worldwide Studios', 'N/A', 'GB'),
(1332, 'Shanda', 'N/A', 'CN'),
(1333, 'Sherman3D', 'N/A', 'MY'),
(1334, 'Sierra Entertainment', 'N/A', 'US'),
(1335, 'Silicon Knights', 'N/A', 'CA'),
(1336, 'Silicon Studio', 'N/A', 'JP'),
(1337, 'Simtex', 'N/A', 'US'),
(1338, 'Sledgehammer Games', 'N/A', 'US'),
(1339, 'Snail Games', 'N/A', 'CN'),
(1340, 'SNK Playmore', 'N/A', 'JP'),
(1341, 'Sobee Studios', 'N/A', 'TR'),
(1342, 'Snowblind Studios', 'N/A', 'US');           
INSERT INTO PUBLIC.DEVELOPER(ID, NAME, LEAD_DESIGNER, COUNTRY_CODE) VALUES
(1343, 'Software 2000', 'N/A', 'DE'),
(1344, 'Sonic Team', 'N/A', 'JP'),
(1345, 'Sony Interactive Entertainment', 'N/A', 'GB'),
(1346, 'Sora Ltd.', 'N/A', 'JP'),
(1347, 'Spectrum HoloByte', 'N/A', 'US'),
(1348, 'Spellbound Entertainment', 'N/A', 'DE'),
(1349, 'Spike', 'N/A', 'JP'),
(1350, 'Spike Chunsoft', 'N/A', 'JP'),
(1351, 'Spil Games', 'N/A', 'NL'),
(1352, 'Splash Damage', 'N/A', 'GB'),
(1353, 'Sproing Interactive Media', 'N/A', 'AT'),
(1354, 'Square Enix', 'N/A', 'JP'),
(1355, 'Stainless Games', 'N/A', 'GB'),
(1356, 'Stainless Steel Studios', 'N/A', 'US'),
(1357, 'Starbreeze Studios', 'N/A', 'SE'),
(1358, 'Stardock', 'N/A', 'US'),
(1359, 'Star Vault', 'N/A', 'SE'),
(1360, 'Sting Entertainment', 'N/A', 'JP'),
(1361, 'Strategic Simulations', 'N/A', 'US'),
(1362, 'Strawdog Studios', 'N/A', 'GB'),
(1363, 'Straylight Studios', 'N/A', 'NZ'),
(1364, 'Streamline Studios', 'N/A', 'MY'),
(1365, 'Sucker Punch Productions', 'N/A', 'US'),
(1366, 'Sumo Digital', 'N/A', 'GB'),
(1367, 'Sunflowers Interactive Entertainment Software', 'N/A', 'DE'),
(1368, 'Supercell', 'N/A', 'FI'),
(1369, 'SuperVillain Studios', 'N/A', 'US'),
(1370, 'Swingin'' Ape Studios', 'N/A', 'US'),
(1371, 'StormRegion', 'N/A', 'HU'),
(1372, 'Taito', 'N/A', 'JP'),
(1373, 'Tango Gameworks', 'N/A', 'JP'),
(1374, 'Tag Games', 'N/A', 'GB'),
(1375, 'Take-Two Interactive', 'N/A', 'US'),
(1376, 'TaleWorlds', 'N/A', 'TR'),
(1377, 'Tamsoft', 'N/A', 'JP'),
(1378, 'Tantrumedia', 'N/A', 'GB'),
(1379, 'Tantalus Media', 'N/A', 'AU'),
(1380, 'Tate Interactive', 'N/A', 'PL'),
(1381, 'Team17', 'N/A', 'GB'),
(1382, 'Team Bondi', 'N/A', 'AU'),
(1383, 'Team Ico', 'N/A', 'JP'),
(1384, 'Team Ninja', 'N/A', 'JP'),
(1385, 'Techland', 'N/A', 'PL'),
(1386, 'Telltale Games', 'N/A', 'US'),
(1387, 'Tencent', 'N/A', 'CN'),
(1388, 'Tequila Works', 'N/A', 'ES'),
(1389, 'Terminal Reality', 'N/A', 'US'),
(1390, 'Teyon', 'N/A', 'PL'),
(1391, 'The9', 'N/A', 'CN'),
(1392, 'The Chinese Room', 'N/A', 'GB'),
(1393, 'THQ', 'N/A', 'US'),
(1394, 'Three Rings Design', 'N/A', 'US'),
(1395, 'TimeGate Studios', 'N/A', 'US'),
(1396, 'Toaplan', 'N/A', 'JP'),
(1397, 'ToeJam & Earl Productions', 'N/A', 'US'),
(1398, 'TopWare Interactive', 'N/A', 'DE'),
(1399, 'Torpex Games', 'N/A', 'US'),
(1400, 'Torus Games', 'N/A', 'AU'),
(1401, 'Tose', 'N/A', 'JP'),
(1402, 'Toys for Bob', 'N/A', 'US'),
(1403, 'Trapdoor', 'N/A', 'CA'),
(1404, 'Transmission Games', 'N/A', 'AU'),
(1405, 'Traveller''s Tales', 'N/A', 'GB'),
(1406, 'Treyarch', 'N/A', 'US'),
(1407, 'Treasure', 'N/A', 'JP'),
(1408, 'tri-Ace', 'N/A', 'JP'),
(1409, 'Tripwire Interactive', 'N/A', 'US'),
(1410, 'Triumph Studios', 'N/A', 'NL'),
(1411, 'Turn 10 Studios', 'N/A', 'US'),
(1412, 'Turtle Rock Studios', 'N/A', 'US'),
(1413, 'Two Tribes', 'N/A', 'NL'),
(1414, 'Tygron', 'N/A', 'NL'),
(1415, 'Typhoon Games', 'N/A', 'CN'),
(1416, 'Ubisoft', 'N/A', 'FR'),
(1417, 'Ultimate Play the Game', 'N/A', 'GB'),
(1418, 'Unique Development Studios', 'N/A', 'SE'),
(1419, 'United Front Games', 'N/A', 'CA'),
(1420, 'Universomo', 'N/A', 'FI'),
(1421, 'Valve Corporation', 'N/A', 'US'),
(1422, 'Vanillaware', 'N/A', 'JP'),
(1423, 'Venan Entertainment', 'N/A', 'US'),
(1424, 'Vicarious Visions', 'N/A', 'US'),
(1425, 'Vigil Games', 'N/A', 'US'),
(1426, 'Virtual Heroes, Inc.', 'N/A', 'US'),
(1427, 'Visceral Games', 'N/A', 'US'),
(1428, 'Visual Concepts', 'N/A', 'US'),
(1429, 'Vivendi Games', 'N/A', 'US'),
(1430, 'Viwawa', 'N/A', 'SG'),
(1431, 'Volition, Inc.', 'N/A', 'US'),
(1432, 'Vostok Games', 'N/A', 'UA'),
(1433, 'VoxelStorm', 'N/A', 'GB'),
(1434, 'Wahoo Studios', 'N/A', 'US'),
(1435, 'Wanako Games', 'N/A', 'CL'),
(1436, 'Warhorse Studios', 'N/A', 'CZ'),
(1437, 'Wargaming', 'N/A', 'CY'),
(1438, 'Wargaming Saint Petersburg', 'N/A', 'RU'),
(1439, 'WB Games', 'N/A', 'US'),
(1440, 'Webfoot Technologies', 'N/A', 'US'),
(1441, 'Westwood Studios', 'N/A', 'US'),
(1442, 'Westone Bit Entertainment', 'N/A', 'JP'),
(1443, 'Wideload Games', 'N/A', 'US'),
(1444, 'Wildfire Studios', 'N/A', 'AU'),
(1445, 'Wizet', 'N/A', 'KR'),
(1446, 'Wolfire Games', 'N/A', 'US');         
INSERT INTO PUBLIC.DEVELOPER(ID, NAME, LEAD_DESIGNER, COUNTRY_CODE) VALUES
(1447, 'World Forge', 'N/A', 'RU'),
(1448, 'Yager Development', 'N/A', 'DE'),
(1449, 'Yuke''s', 'N/A', 'JP'),
(1450, 'ZeniMax Online Studios', 'N/A', 'US'),
(1451, 'Zipper Interactive', 'N/A', 'US'),
(1452, 'Zombie Studios', 'N/A', 'US'),
(1453, 'ZootFly', 'N/A', 'SI'),
(1454, 'Zylom', 'N/A', 'NL'),
(1455, 'Zynga', 'N/A', 'US');          
CREATE CACHED TABLE PUBLIC.GAME(
    ID INTEGER DEFAULT (NEXT VALUE FOR PUBLIC.SYSTEM_SEQUENCE_4607ECD0_C0AD_461D_A886_81069D26C58F) NOT NULL NULL_TO_DEFAULT SEQUENCE PUBLIC.SYSTEM_SEQUENCE_4607ECD0_C0AD_461D_A886_81069D26C58F,
    IMAGE_URL VARCHAR(255),
    NAME VARCHAR(255),
    RELEASE_DATE VARCHAR(255),
    DEVELOPER_ID INTEGER,
    PUBLISHER_ID INTEGER,
    PURCHASE_WEBSITE_ID INTEGER
);   
ALTER TABLE PUBLIC.GAME ADD CONSTRAINT PUBLIC.CONSTRAINT_2 PRIMARY KEY(ID);    
-- 376 +/- SELECT COUNT(*) FROM PUBLIC.GAME;   
INSERT INTO PUBLIC.GAME(ID, IMAGE_URL, NAME, RELEASE_DATE, DEVELOPER_ID, PUBLISHER_ID, PURCHASE_WEBSITE_ID) VALUES
(1, 'https://upload.wikimedia.org/wikipedia/en/8/8e/The_Legend_of_Zelda_Ocarina_of_Time_box_art.png', 'The Legend of Zelda: Ocarina of Time', 'Nov-23-1998', 541, 227, NULL),
(2, 'https://upload.wikimedia.org/wikipedia/en/4/41/Tony_Hawk''s_Pro_Skater_2_cover.png', 'Tony Hawk''s Pro Skater 2', 'Sep-20-2000', 542, 228, NULL),
(3, 'https://upload.wikimedia.org/wikipedia/en/b/b7/Grand_Theft_Auto_IV_cover.jpg', 'Grand Theft Auto IV', 'Apr-29-2008', 543, 229, NULL),
(4, 'https://upload.wikimedia.org/wikipedia/en/4/45/Soulcalibur_flyer.png', 'SoulCalibur', 'Sep-8-1999', 544, 230, NULL),
(6, 'https://upload.wikimedia.org/wikipedia/en/7/76/SuperMarioGalaxy.jpg', 'Super Mario Galaxy', 'Nov-12-2007', 545, 231, NULL),
(7, 'https://upload.wikimedia.org/wikipedia/en/6/65/Super_Mario_Galaxy_2_Box_Art.jpg', 'Super Mario Galaxy 2', 'May-23-2010', 546, 232, NULL),
(8, 'https://upload.wikimedia.org/wikipedia/en/a/a5/Grand_Theft_Auto_V.png', 'Grand Theft Auto V', 'Nov-18-2014', 547, 233, NULL),
(12, 'https://upload.wikimedia.org/wikipedia/en/2/2b/Tony_Hawk%27s_Pro_Skater_3_Coverart.jpg', 'Tony Hawk''s Pro Skater 3', 'Oct-28-2001', 548, 234, NULL),
(13, 'https://upload.wikimedia.org/wikipedia/en/3/32/Perfect_dark_box.jpg', 'Perfect Dark', 'May-22-2000', 549, 235, NULL),
(15, 'https://upload.wikimedia.org/wikipedia/en/b/ba/MetroidPrimebox.jpg', 'Metroid Prime', 'Nov-17-2002', 550, 236, NULL),
(16, 'https://upload.wikimedia.org/wikipedia/en/b/be/GTA3boxcover.jpg', 'Grand Theft Auto III', 'Oct-22-2001', 551, 237, NULL),
(17, 'https://upload.wikimedia.org/wikipedia/en/8/80/Halo_-_Combat_Evolved_(XBox_version_-_box_art).jpg', 'Halo: Combat Evolved', 'Nov-14-2001', 552, 238, NULL),
(18, 'N/A', 'NFL 2K1', 'Sep-7-2000', 553, 239, NULL),
(19, 'https://upload.wikimedia.org/wikipedia/en/2/25/Half-Life_2_cover.jpg', 'Half-Life 2', 'Nov-16-2004', 554, 240, NULL),
(21, 'https://upload.wikimedia.org/wikipedia/en/6/6d/BioShock_cover.jpg', 'BioShock', 'Aug-21-2007', 555, 241, NULL),
(22, 'N/A', 'GoldenEye 007', 'Aug-25-1997', 556, 242, NULL),
(23, 'https://upload.wikimedia.org/wikipedia/en/7/7b/Uncharted_2_box_artwork.jpg', 'Uncharted 2: Among Thieves', 'Oct-13-2009', 557, 243, NULL),
(24, 'https://upload.wikimedia.org/wikipedia/en/d/d9/Resi4-gc-cover.jpg', 'Resident Evil 4', 'Jan-11-2005', 558, 244, NULL),
(25, 'https://upload.wikimedia.org/wikipedia/en/2/23/Hltob-win-cover.jpg', 'The Orange Box', 'Oct-10-2007', 559, 245, NULL),
(27, 'https://upload.wikimedia.org/wikipedia/en/0/00/Batman_Arkham_City_Game_Cover.jpg', 'Batman: Arkham City', 'Oct-18-2011', 560, 246, NULL),
(28, 'https://upload.wikimedia.org/wikipedia/en/f/f0/T3usposter.jpg', 'Tekken 3', 'Apr-29-1998', 561, 247, NULL),
(29, 'https://upload.wikimedia.org/wikipedia/en/thumb/0/05/MassEffect2_cover.PNG/250px-MassEffect2_cover.PNG', 'Mass Effect 2', 'Jan-26-2010', 562, 248, NULL),
(30, 'https://upload.wikimedia.org/wikipedia/en/0/0e/The_Legend_of_Zelda_Twilight_Princess_Game_Cover.jpg', 'The Legend of Zelda: Twilight Princess', 'Dec-11-2006', 563, 249, NULL),
(31, 'https://upload.wikimedia.org/wikipedia/en/1/15/The_Elder_Scrolls_V_Skyrim_cover.png', 'The Elder Scrolls V: Skyrim', 'Nov-11-2011', 564, 250, NULL),
(32, 'N/A', 'Half-Life', 'Oct-31-1998', 565, 251, NULL),
(34, 'https://upload.wikimedia.org/wikipedia/en/7/72/ZeldaWindWakerGCNCoverArtUS.jpg', 'The Legend of Zelda: The Wind Waker', 'Mar-24-2003', 566, 252, NULL),
(35, 'N/A', 'Gran Turismo', 'Apr-30-1998', 567, 253, NULL),
(37, 'https://upload.wikimedia.org/wikipedia/en/6/6a/Metalgear2boxart.jpg', 'Metal Gear Solid 2: Sons of Liberty', 'Nov-12-2001', 568, 254, NULL),
(38, 'N/A', 'Grand Theft Auto Double Pack', 'Oct-31-2003', 569, 255, NULL),
(39, 'https://upload.wikimedia.org/wikipedia/en/1/17/Baldur''s_Gate_II_-_Shadows_of_Amn_Coverart.png', 'Baldur''s Gate II: Shadows of Amn', 'Sep-24-2000', 570, 256, NULL),
(40, 'https://upload.wikimedia.org/wikipedia/en/c/c4/GTASABOX.jpg', 'Grand Theft Auto: San Andreas', 'Oct-26-2004', 571, 257, NULL);    
INSERT INTO PUBLIC.GAME(ID, IMAGE_URL, NAME, RELEASE_DATE, DEVELOPER_ID, PUBLISHER_ID, PURCHASE_WEBSITE_ID) VALUES
(41, 'https://upload.wikimedia.org/wikipedia/en/c/ce/Vice-city-cover.jpg', 'Grand Theft Auto: Vice City', 'Oct-27-2002', 572, 258, NULL),
(42, 'N/A', 'LittleBigPlanet', 'Oct-27-2008', 573, 259, NULL),
(43, 'N/A', 'The Legend of Zelda Collector''s Edition', 'Nov-17-2003', 574, 260, NULL),
(44, 'https://upload.wikimedia.org/wikipedia/en/a/a7/Red_Dead_Redemption.jpg', 'Red Dead Redemption', 'May-18-2010', 575, 261, NULL),
(45, 'https://upload.wikimedia.org/wikipedia/en/0/0d/Gran_Turismo_3.jpg', 'Gran Turismo 3: A-Spec', 'Jul-9-2001', 576, 262, NULL),
(46, 'https://upload.wikimedia.org/wikipedia/en/9/92/Halo2-cover.png', 'Halo 2', 'Nov-9-2004', 577, 263, NULL),
(47, 'https://upload.wikimedia.org/wikipedia/en/2/21/The_Legend_of_Zelda_A_Link_to_the_Past_SNES_Game_Cover.jpg', 'The Legend of Zelda: A Link to the Past', 'Dec-3-2002', 578, 264, NULL),
(48, 'https://upload.wikimedia.org/wikipedia/en/6/60/The_Legend_of_Zelda_-_Majora''s_Mask_Box_Art.jpg', 'The Legend of Zelda: Majora''s Mask', 'Oct-25-2000', 579, 265, NULL),
(49, 'https://upload.wikimedia.org/wikipedia/en/4/46/Video_Game_Cover_-_The_Last_of_Us.jpg', 'The Last of Us', 'Jun-14-2013', 580, 266, NULL),
(51, 'https://upload.wikimedia.org/wikipedia/en/7/75/Madden2003Box.jpg', 'Madden NFL 2003', 'Aug-12-2002', 581, 267, NULL),
(53, 'https://upload.wikimedia.org/wikipedia/en/5/58/The_Last_of_Us_Remastered.jpg', 'The Last of Us Remastered', 'Jul-29-2014', 582, 268, NULL),
(54, 'https://upload.wikimedia.org/wikipedia/en/f/f9/Portal2cover.jpg', 'Portal 2', 'Apr-19-2011', 583, 269, NULL),
(57, 'https://upload.wikimedia.org/wikipedia/en/8/8f/Metal_Gear_Solid_V_The_Phantom_Pain_cover.png', 'Metal Gear Solid V: The Phantom Pain', 'Sep-1-2015', 584, 270, NULL),
(59, 'https://upload.wikimedia.org/wikipedia/en/7/79/WoG-BoxArt.png', 'World of Goo', 'Oct-13-2008', 585, 271, NULL),
(60, 'https://upload.wikimedia.org/wikipedia/en/a/a3/Official_cover_art_for_Bioshock_Infinite.jpg', 'BioShock Infinite', 'Mar-26-2013', 586, 272, NULL),
(61, 'https://upload.wikimedia.org/wikipedia/en/5/51/Ffixbox.jpg', 'Final Fantasy IX', 'Nov-13-2000', 587, 273, NULL),
(62, 'https://upload.wikimedia.org/wikipedia/en/thumb/d/db/Modern_Warfare_2_cover.PNG/250px-Modern_Warfare_2_cover.PNG', 'Call of Duty: Modern Warfare 2', 'Nov-10-2009', 588, 274, NULL),
(63, 'https://upload.wikimedia.org/wikipedia/en/8/8e/THPS4.jpg', 'Tony Hawk''s Pro Skater 4', 'Oct-23-2002', 589, 275, NULL),
(64, 'N/A', 'Devil May Cry', 'Oct-16-2001', 590, 276, NULL),
(65, 'https://upload.wikimedia.org/wikipedia/en/5/5f/Call_of_Duty_4_Modern_Warfare.jpg', 'Call of Duty 4: Modern Warfare', 'Nov-5-2007', 591, 277, NULL),
(66, 'https://upload.wikimedia.org/wikipedia/en/a/a0/Madden_NFL_2002_Coverart.png', 'Madden NFL 2002', 'Aug-19-2001', 592, 278, NULL),
(70, 'https://upload.wikimedia.org/wikipedia/en/3/30/The_Legend_of_Zelda_Ocarina_of_Time_3D_box_art.png', 'The Legend of Zelda: Ocarina of Time 3D', 'Jun-19-2011', 593, 279, NULL),
(71, 'https://upload.wikimedia.org/wikipedia/en/9/9a/Chronocrossbox.jpg', 'Chrono Cross', 'Aug-15-2000', 594, 280, NULL),
(75, 'https://upload.wikimedia.org/wikipedia/en/9/98/Madden2004box.jpg', 'Madden NFL 2004', 'Aug-12-2003', 595, 281, NULL),
(76, 'N/A', 'Gears of War', 'Nov-7-2006', 596, 282, NULL),
(77, 'https://upload.wikimedia.org/wikipedia/en/4/4b/The_Elder_Scrolls_IV_Oblivion_cover.png', 'The Elder Scrolls IV: Oblivion', 'Mar-20-2006', 597, 283, NULL),
(78, 'https://upload.wikimedia.org/wikipedia/en/7/73/Civ2boxart.jpg', 'Civilization II', 'Feb-29-1996', 598, 284, NULL),
(79, 'N/A', 'Quake', 'Jun-22-1996', 599, 285, NULL),
(82, 'https://upload.wikimedia.org/wikipedia/en/thumb/b/b4/Halo_3_final_boxshot.JPG/250px-Halo_3_final_boxshot.JPG', 'Halo 3', 'Sep-25-2007', 600, 286, NULL),
(83, 'https://upload.wikimedia.org/wikipedia/en/1/1d/Ninja_Gaiden_%282004_video_game%29.png', 'Ninja Gaiden Black', 'Sep-20-2005', 601, 287, NULL),
(85, 'https://upload.wikimedia.org/wikipedia/en/0/06/Street_Fighter_IV_%28flyer%29.jpg', 'Street Fighter IV', 'Feb-17-2009', 602, 288, NULL);        
INSERT INTO PUBLIC.GAME(ID, IMAGE_URL, NAME, RELEASE_DATE, DEVELOPER_ID, PUBLISHER_ID, PURCHASE_WEBSITE_ID) VALUES
(86, 'https://upload.wikimedia.org/wikipedia/en/2/2f/Super_Mario_Advance_4.png', 'Super Mario Advance 4: Super Mario Bros. 3', 'Oct-21-2003', 603, 289, NULL),
(87, 'https://upload.wikimedia.org/wikipedia/en/thumb/7/7b/Jetsetradiopalboxart.jpg/384px-Jetsetradiopalboxart.jpg', 'Jet Grind Radio', 'Oct-30-2000', 604, 290, NULL),
(88, 'https://upload.wikimedia.org/wikipedia/en/3/33/Metal_Gear_Solid_cover_art.png', 'Metal Gear Solid', 'Oct-21-1998', 605, 291, NULL),
(89, 'https://upload.wikimedia.org/wikipedia/en/7/76/Grim_Fandango_artwork.jpg', 'Grim Fandango', 'Sep-30-1998', 606, 292, NULL),
(90, 'https://upload.wikimedia.org/wikipedia/en/1/17/Tom_Clancy''s_Splinter_Cell_-_Chaos_Theory_Coverart.png', 'Tom Clancy''s Splinter Cell Chaos Theory', 'Mar-28-2005', 607, 293, NULL),
(91, 'https://upload.wikimedia.org/wikipedia/en/9/93/Burnout_3_-_Takedown_Coverart.jpg', 'Burnout 3: Takedown', 'Sep-7-2004', 608, 294, NULL),
(92, 'N/A', 'Diablo', 'Nov-30-1996', 609, 295, NULL),
(93, 'https://upload.wikimedia.org/wikipedia/en/b/b3/Mgs3box.jpg', 'Metal Gear Solid 3: Subsistence', 'Mar-14-2006', 610, 296, NULL),
(95, 'https://upload.wikimedia.org/wikipedia/en/4/4b/Mgs4us_cover_small.jpg', 'Metal Gear Solid 4: Guns of the Patriots', 'Jun-12-2008', 611, 297, NULL),
(96, 'https://upload.wikimedia.org/wikipedia/en/b/b7/NCAA_Football_2004_Coverart.jpg', 'NCAA Football 2004', 'Jul-16-2003', 612, 298, NULL),
(97, 'N/A', 'God of War', 'Mar-22-2005', 613, 299, NULL),
(98, 'https://upload.wikimedia.org/wikipedia/en/1/11/Kotorbox.jpg', 'Star Wars: Knights of the Old Republic', 'Jul-17-2003', 614, 300, NULL),
(99, 'https://upload.wikimedia.org/wikipedia/en/7/7e/CivIVboxshot.jpg', 'Sid Meier''s Civilization IV', 'Oct-25-2005', 615, 301, NULL),
(101, 'https://upload.wikimedia.org/wikipedia/en/6/67/Virtua-fighter-4-box.jpg', 'Virtua Fighter 4', 'Mar-17-2002', 616, 302, NULL),
(102, 'https://upload.wikimedia.org/wikipedia/en/6/6a/Super_Mario_64_box_cover.jpg', 'Super Mario 64', 'Sep-26-1996', 617, 303, NULL),
(103, 'https://upload.wikimedia.org/wikipedia/en/0/0c/Witcher_3_cover_art.jpg', 'The Witcher 3: Wild Hunt', 'May-18-2015', 618, 304, NULL),
(105, 'https://upload.wikimedia.org/wikipedia/en/f/f3/SSBB_Cover.jpg', 'Super Smash Bros. Brawl', 'Mar-9-2008', 619, 305, NULL),
(106, 'N/A', 'Company of Heroes', 'Sep-13-2006', 620, 306, NULL),
(107, 'https://upload.wikimedia.org/wikipedia/en/thumb/6/6b/GranTurismo2.jpg/384px-GranTurismo2.jpg', 'Gran Turismo 2', 'Nov-30-1999', 621, 307, NULL),
(108, 'https://upload.wikimedia.org/wikipedia/en/5/5e/Pandora_Tomorrow_box_art.jpg', 'Tom Clancy''s Splinter Cell Pandora Tomorrow', 'Mar-23-2004', 622, 308, NULL),
(109, 'https://upload.wikimedia.org/wikipedia/en/7/75/ChinatownWars.jpg', 'Grand Theft Auto: Chinatown Wars', 'Mar-17-2009', 623, 309, NULL),
(110, 'https://upload.wikimedia.org/wikipedia/en/3/34/Pac-Man_CE_DX_cover.png', 'Pac-Man Championship Edition DX', 'Nov-17-2010', 624, 310, NULL),
(111, 'https://upload.wikimedia.org/wikipedia/en/a/aa/Street_Fighter_Alpha_3_flyer.png', 'Street Fighter Alpha 3', 'Apr-30-1999', 625, 311, NULL),
(113, 'https://upload.wikimedia.org/wikipedia/en/9/97/Unreal_Tournament_2004_Coverart.png', 'Unreal Tournament 2004', 'Mar-16-2004', 626, 312, NULL),
(115, 'N/A', 'Braid', 'Aug-6-2008', 627, 313, NULL),
(116, 'https://upload.wikimedia.org/wikipedia/en/3/3c/Gow2-2.jpg', 'God of War II', 'Mar-13-2007', 628, 314, NULL),
(117, 'https://upload.wikimedia.org/wikipedia/en/5/5e/Super_Mario_3D_World_box_art.jpg', 'Super Mario 3D World', 'Nov-22-2013', 629, 315, NULL),
(118, 'https://upload.wikimedia.org/wikipedia/en/2/20/StarCraft_II_-_Box_Art.jpg', 'Starcraft II: Wings of Liberty', 'Jul-27-2010', 630, 316, NULL),
(119, 'https://upload.wikimedia.org/wikipedia/en/3/33/SSX_box_art.jpg', 'SSX', 'Oct-30-2000', 631, 317, NULL),
(121, 'https://upload.wikimedia.org/wikipedia/en/thumb/3/32/Minecraft_logo.svg/375px-Minecraft_logo.svg.png', 'Minecraft', 'May-10-2009', 632, 318, NULL),
(122, 'https://upload.wikimedia.org/wikipedia/en/1/10/Shin_Megami_Tensei_Persona_4.jpg', 'Persona 4 Golden', 'Nov-20-2012', 633, 319, NULL);     
INSERT INTO PUBLIC.GAME(ID, IMAGE_URL, NAME, RELEASE_DATE, DEVELOPER_ID, PUBLISHER_ID, PURCHASE_WEBSITE_ID) VALUES
(123, 'https://upload.wikimedia.org/wikipedia/en/4/43/SSX_3_Coverart.png', 'SSX 3', 'Oct-20-2003', 634, 320, NULL),
(124, 'N/A', 'Tom Clancy''s Splinter Cell', 'Nov-17-2002', 635, 321, NULL),
(126, 'https://upload.wikimedia.org/wikipedia/en/thumb/a/a1/Quake3Title.jpg/375px-Quake3Title.jpg', 'Quake III Arena', 'Oct-22-2000', 636, 322, NULL),
(127, 'https://upload.wikimedia.org/wikipedia/en/4/4b/Homeworld_%28video_game%29_box_art.jpg', 'Homeworld', 'Aug-31-1999', 637, 323, NULL),
(128, 'https://upload.wikimedia.org/wikipedia/en/b/be/OkamiNTSCcoverFinal.jpg', 'Okami', 'Sep-19-2006', 638, 324, NULL),
(130, 'https://upload.wikimedia.org/wikipedia/en/thumb/8/83/Fallout_3_cover_art.PNG/250px-Fallout_3_cover_art.PNG', 'Fallout 3', 'Oct-28-2008', 639, 325, NULL),
(131, 'https://upload.wikimedia.org/wikipedia/en/e/e0/Gears_of_War_2_Game_Cover.jpg', 'Gears of War 2', 'Nov-7-2008', 640, 326, NULL),
(132, 'https://upload.wikimedia.org/wikipedia/en/thumb/3/37/Soulcalibur_II_flyer.png/375px-Soulcalibur_II_flyer.png', 'SoulCalibur II', 'Aug-27-2003', 641, 327, NULL),
(133, 'N/A', 'World Soccer Winning Eleven 6 International', 'Mar-11-2003', 642, 328, NULL),
(134, 'N/A', 'NFL 2K3', 'Aug-12-2002', 643, 329, NULL),
(135, 'https://upload.wikimedia.org/wikipedia/en/b/b0/Mass_Effect_3_Game_Cover.jpg', 'Mass Effect 3', 'Mar-6-2012', 644, 330, NULL),
(137, 'https://upload.wikimedia.org/wikipedia/en/6/65/ArcadiaDC.png', 'Skies of Arcadia', 'Nov-13-2000', 645, 331, NULL),
(138, 'https://upload.wikimedia.org/wikipedia/en/9/99/Legend_of_Zelda_Skyward_Sword_boxart.png', 'The Legend of Zelda: Skyward Sword', 'Nov-20-2011', 646, 332, NULL),
(139, 'https://upload.wikimedia.org/wikipedia/en/9/90/Super_Circuit.jpg', 'Mario Kart Super Circuit', 'Aug-26-2001', 647, 333, NULL),
(140, 'https://upload.wikimedia.org/wikipedia/en/3/3b/Rock_Band_3_Game_Cover.jpg', 'Rock Band 3', 'Oct-26-2010', 648, 334, NULL),
(141, 'https://upload.wikimedia.org/wikipedia/en/9/9a/VJbox.jpg', 'Viewtiful Joe', 'Oct-7-2003', 649, 335, NULL),
(142, 'https://upload.wikimedia.org/wikipedia/en/7/74/Test_Drive_Le_Mans_Coverart.png', 'Test Drive Le Mans', 'Nov-13-2000', 650, 336, NULL),
(143, 'https://upload.wikimedia.org/wikipedia/en/7/79/NBA_2K1_Cover.jpg', 'NBA 2K1', 'Nov-1-2000', 651, 337, NULL),
(144, 'https://upload.wikimedia.org/wikipedia/en/thumb/c/cf/Castlevania_SOTN_PAL.jpg/375px-Castlevania_SOTN_PAL.jpg', 'Castlevania: Symphony of the Night', 'Oct-2-1997', 652, 338, NULL),
(146, 'https://upload.wikimedia.org/wikipedia/en/6/67/Virtua-fighter-4-box.jpg', 'Virtua Fighter 4: Evolution', 'Aug-13-2003', 653, 339, NULL),
(149, 'https://upload.wikimedia.org/wikipedia/en/thumb/6/61/Papermario.jpg/375px-Papermario.jpg', 'Paper Mario', 'Feb-5-2001', 654, 340, NULL),
(150, 'https://upload.wikimedia.org/wikipedia/en/f/f7/WipEout2097Cover.jpg', 'Wipeout XL', 'Sep-30-1996', 655, 341, NULL),
(152, 'https://upload.wikimedia.org/wikipedia/en/1/1a/Uncharted_4_box_artwork.jpg', 'Uncharted 4: A Thief''s End', 'May-10-2016', 656, 342, NULL),
(153, 'https://upload.wikimedia.org/wikipedia/en/9/91/WoW_Box_Art1.jpg', 'World of Warcraft', 'Nov-23-2004', 657, 343, NULL),
(155, 'https://upload.wikimedia.org/wikipedia/commons/a/a1/Flipnote_Studio_Logo.jpg', 'Flipnote Studio', 'Aug-12-2009', 658, 344, NULL),
(156, 'https://upload.wikimedia.org/wikipedia/en/8/83/Pro_Evolution_Soccer_3.jpg', 'World Soccer Winning Eleven 7 International', 'Feb-17-2004', 659, 345, NULL),
(157, 'https://upload.wikimedia.org/wikipedia/en/2/25/NBA_2K2_Cover.jpg', 'NBA 2K2', 'Oct-24-2001', 660, 346, NULL),
(158, 'N/A', 'INSIDE', 'Jun-29-2016', 661, 347, NULL),
(161, 'https://upload.wikimedia.org/wikipedia/en/8/86/Sands_of_time_cover.jpg', 'Prince of Persia: The Sands of Time', 'Nov-12-2003', 662, 348, NULL),
(163, 'https://upload.wikimedia.org/wikipedia/en/8/8b/God_of_War_III_cover_art.jpg', 'God of War III', 'Mar-16-2010', 663, 349, NULL),
(165, 'https://upload.wikimedia.org/wikipedia/en/6/6a/SSX_Tricky.jpg', 'SSX Tricky', 'Nov-5-2001', 664, 350, NULL);           
INSERT INTO PUBLIC.GAME(ID, IMAGE_URL, NAME, RELEASE_DATE, DEVELOPER_ID, PUBLISHER_ID, PURCHASE_WEBSITE_ID) VALUES
(166, 'https://upload.wikimedia.org/wikipedia/en/5/50/NHL_2002_Coverart.png', 'NHL 2002', 'Sep-24-2001', 665, 351, NULL),
(167, 'https://upload.wikimedia.org/wikipedia/en/8/83/Guitar_Hero_II.jpg', 'Guitar Hero II', 'Apr-3-2007', 666, 352, NULL),
(169, 'https://upload.wikimedia.org/wikipedia/en/thumb/0/02/Uncharted_3_Boxart.jpg/375px-Uncharted_3_Boxart.jpg', 'Uncharted 3: Drake''s Deception', 'Nov-1-2011', 667, 353, NULL),
(170, 'N/A', 'Rock Band', 'Nov-20-2007', 668, 354, NULL),
(171, 'N/A', 'Journey', 'Jul-21-2015', 669, 355, NULL),
(172, 'https://upload.wikimedia.org/wikipedia/en/6/68/Bloodborne_Cover_Wallpaper.jpg', 'Bloodborne', 'Mar-24-2015', 670, 356, NULL),
(173, 'https://upload.wikimedia.org/wikipedia/en/8/8d/Eternal_Darkness_box.jpg', 'Eternal Darkness: Sanity''s Requiem', 'Jun-23-2002', 671, 357, NULL),
(174, 'https://upload.wikimedia.org/wikipedia/en/6/66/WarcraftIII.jpg', 'Warcraft III: Reign of Chaos', 'Jul-3-2002', 672, 358, NULL),
(176, 'N/A', 'The Sims', 'Jan-31-2000', 673, 359, NULL),
(177, 'https://upload.wikimedia.org/wikipedia/en/d/de/BanjoKazooieCover500px.jpg', 'Banjo-Kazooie', 'May-31-1998', 674, 360, NULL),
(178, 'https://upload.wikimedia.org/wikipedia/en/a/a1/Sid_Meier''s_Gettysburg!_Coverart.png', 'Sid Meier''s Gettysburg!', 'Sep-30-1997', 675, 361, NULL),
(179, 'https://upload.wikimedia.org/wikipedia/en/0/01/Rock_Band_2_Game_Cover.JPG', 'Rock Band 2', 'Dec-18-2008', 676, 362, NULL),
(180, 'https://upload.wikimedia.org/wikipedia/en/c/ce/Forza_Motorsport_Coverart.png', 'Forza Motorsport', 'May-3-2005', 677, 363, NULL),
(182, 'https://upload.wikimedia.org/wikipedia/en/4/43/SuperSF4.jpg', 'Super Street Fighter IV', 'Apr-27-2010', 678, 364, NULL),
(184, 'https://upload.wikimedia.org/wikipedia/en/a/a7/Advance_Wars_Coverart.jpg', 'Advance Wars', 'Sep-9-2001', 679, 365, NULL),
(185, 'https://upload.wikimedia.org/wikipedia/en/a/a3/Vagrantstorybox.jpg', 'Vagrant Story', 'May-15-2000', 680, 366, NULL),
(186, 'https://upload.wikimedia.org/wikipedia/en/5/5f/Tf2_standalonebox.jpg', 'Team Fortress 2', 'Apr-8-2008', 681, 367, NULL),
(187, 'https://upload.wikimedia.org/wikipedia/en/9/91/Systemshock2box.jpg', 'System Shock 2', 'Aug-11-1999', 682, 368, NULL),
(188, 'https://upload.wikimedia.org/wikipedia/en/1/17/Tom_Clancy''s_Splinter_Cell_-_Chaos_Theory_Coverart.png', 'Tom Clancy''s Splinter Cell: Chaos Theory', 'Mar-28-2005', 683, 369, NULL),
(189, 'https://upload.wikimedia.org/wikipedia/en/2/27/Final_Fantasy_XII_Box_Art.png', 'Final Fantasy XII', 'Oct-31-2006', 684, 370, NULL),
(192, 'https://upload.wikimedia.org/wikipedia/en/3/32/Super_Mario_World_Coverart.png', 'Super Mario World: Super Mario Advance 2', 'Feb-9-2002', 685, 371, NULL),
(193, 'https://upload.wikimedia.org/wikipedia/en/thumb/3/33/ESPN_NFL_2K5.jpg/330px-ESPN_NFL_2K5.jpg', 'ESPN NFL 2K5', 'Jul-20-2004', 686, 372, NULL),
(194, 'https://upload.wikimedia.org/wikipedia/en/7/75/Super_Smash_Bros_Melee_box_art.png', 'Super Smash Bros. Melee', 'Dec-2-2001', 687, 373, NULL),
(195, 'https://upload.wikimedia.org/wikipedia/commons/thumb/5/5f/Undertale_logo.jpg/375px-Undertale_logo.jpg', 'Undertale', 'Sep-15-2015', 688, 374, NULL),
(197, 'https://upload.wikimedia.org/wikipedia/en/7/73/Romebox.jpg', 'Rome: Total War', 'Sep-22-2004', 689, 375, NULL),
(198, 'https://upload.wikimedia.org/wikipedia/en/0/06/Forza3cover.jpg', 'Forza Motorsport 3', 'Oct-27-2009', 690, 376, NULL),
(199, 'https://upload.wikimedia.org/wikipedia/en/4/42/Batman_Arkham_Asylum_Videogame_Cover.jpg', 'Batman: Arkham Asylum', 'Aug-25-2009', 691, 377, NULL),
(200, 'https://upload.wikimedia.org/wikipedia/en/7/78/Super_mario_sunshine.jpg', 'Super Mario Sunshine', 'Aug-25-2002', 692, 378, NULL),
(203, 'https://upload.wikimedia.org/wikipedia/en/thumb/5/58/TonyHawksProSkaterPlayStation1.jpg/375px-TonyHawksProSkaterPlayStation1.jpg', 'Tony Hawk''s Pro Skater', 'Aug-31-1999', 693, 379, NULL),
(204, 'https://upload.wikimedia.org/wikipedia/en/thumb/b/b6/Thief_The_Dark_Project_boxcover.jpg/375px-Thief_The_Dark_Project_boxcover.jpg', 'Thief: The Dark Project', 'Nov-30-1998', 694, 380, NULL);          
INSERT INTO PUBLIC.GAME(ID, IMAGE_URL, NAME, RELEASE_DATE, DEVELOPER_ID, PUBLISHER_ID, PURCHASE_WEBSITE_ID) VALUES
(205, 'https://upload.wikimedia.org/wikipedia/en/4/44/Fire_Emblem_Awakening_box_art.png', 'Fire Emblem: Awakening', 'Feb-4-2013', 695, 381, NULL),
(206, 'https://upload.wikimedia.org/wikipedia/en/5/56/Age_of_Empires_II_-_The_Age_of_Kings_Coverart.png', 'Age of Empires II: The Age of Kings', 'Sep-30-1999', 696, 382, NULL),
(207, 'https://upload.wikimedia.org/wikipedia/en/a/a7/Ffxboxart.jpg', 'Final Fantasy X', 'Dec-17-2001', 697, 383, NULL),
(209, 'N/A', 'The Walking Dead: A Telltale Games Series', 'Apr-27-2012', 698, 384, NULL),
(210, 'https://upload.wikimedia.org/wikipedia/en/f/f4/Unrealtournament.jpg', 'Unreal Tournament (1999)', 'Nov-30-1999', 699, 385, NULL),
(211, 'https://upload.wikimedia.org/wikipedia/en/0/01/Alpha_Centauri_cover.jpg', 'Sid Meier''s Alpha Centauri', 'Feb-12-1999', 700, 386, NULL),
(212, 'https://upload.wikimedia.org/wikipedia/en/e/e6/Wave_Race_64_Coverart.png', 'Wave Race 64', 'Nov-1-1996', 701, 387, NULL),
(213, 'https://upload.wikimedia.org/wikipedia/en/3/3d/GCIITABOX.jpg', 'Galactic Civilizations II: Twilight of the Arnor', 'Apr-30-2008', 702, 388, NULL),
(214, 'https://upload.wikimedia.org/wikipedia/en/a/a2/Super_Smash_Bros_for_Wii_U_Box_Art.png', 'Super Smash Bros. for Wii U', 'Nov-21-2014', 703, 389, NULL),
(216, 'https://upload.wikimedia.org/wikipedia/en/c/c2/Final_Fantasy_VII_Box_Art.jpg', 'Final Fantasy VII', 'Sep-3-1997', 704, 390, NULL),
(218, 'https://upload.wikimedia.org/wikipedia/en/a/a7/Chrono_Trigger.jpg', 'Chrono Trigger', 'Nov-25-2008', 705, 391, NULL),
(220, 'https://upload.wikimedia.org/wikipedia/en/d/d9/Xenoblade_box_artwork.png', 'Xenoblade Chronicles', 'Apr-6-2012', 706, 392, NULL),
(221, 'https://upload.wikimedia.org/wikipedia/en/thumb/9/99/Conkersbfdbox.jpg/375px-Conkersbfdbox.jpg', 'Conker''s Bad Fur Day', 'Mar-4-2001', 707, 393, NULL),
(222, 'N/A', 'Medal of Honor', 'Oct-31-1999', 708, 394, NULL),
(223, 'https://upload.wikimedia.org/wikipedia/en/7/74/JPPaRappacover.jpg', 'PaRappa the Rapper', 'Oct-31-1997', 709, 395, NULL),
(225, 'https://upload.wikimedia.org/wikipedia/en/a/a5/IcoShadow.jpg', 'The ICO & Shadow of the Colossus Collection', 'Sep-27-2011', 710, 396, NULL),
(226, 'https://upload.wikimedia.org/wikipedia/en/7/7f/Rayman_Origins_Box_Art.jpg', 'Rayman Origins', 'Nov-15-2011', 711, 397, NULL),
(227, 'https://upload.wikimedia.org/wikipedia/en/6/6e/Echoesboxart_(Large).jpg', 'Metroid Prime 2: Echoes', 'Nov-15-2004', 712, 398, NULL),
(228, 'https://upload.wikimedia.org/wikipedia/en/thumb/b/bb/Blood_and_wine_art.jpg/375px-Blood_and_wine_art.jpg', 'The Witcher 3: Wild Hunt - Blood and Wine', 'May-30-2016', 713, 399, NULL),
(229, 'N/A', 'Out of the Park Baseball 17', 'Mar-22-2016', 714, 400, NULL),
(230, 'https://upload.wikimedia.org/wikipedia/en/4/45/Metroid_Fusion_box.jpg', 'Metroid Fusion', 'Nov-17-2002', 715, 401, NULL),
(231, 'https://upload.wikimedia.org/wikipedia/en/thumb/0/05/Final_Fantasy_VI.jpg/375px-Final_Fantasy_VI.jpg', 'Final Fantasy VI Advance', 'Feb-5-2007', 716, 402, NULL),
(232, 'https://upload.wikimedia.org/wikipedia/en/f/f6/Rayman_Legends_Box_Art.jpg', 'Rayman Legends', 'Sep-3-2013', 717, 403, NULL),
(233, 'https://upload.wikimedia.org/wikipedia/en/5/5f/Tiger_Woods_PGA_Tour_2003_Cover.jpg', 'Tiger Woods PGA Tour 2003', 'Oct-31-2002', 718, 404, NULL),
(234, 'https://upload.wikimedia.org/wikipedia/en/5/58/Madden_NFL_2005_Coverart.png', 'Madden NFL 2005', 'Aug-9-2004', 719, 405, NULL),
(238, 'https://upload.wikimedia.org/wikipedia/en/e/ed/Dark_Souls_II_cover.jpg', 'Dark Souls II', 'Mar-11-2014', 720, 406, NULL),
(239, 'https://upload.wikimedia.org/wikipedia/en/6/65/Dishonored_box_art_Bethesda.jpg', 'Dishonored', 'Oct-8-2012', 721, 407, NULL),
(240, 'N/A', 'ESPN NFL Football', 'Sep-3-2003', 722, 408, NULL),
(241, 'https://upload.wikimedia.org/wikipedia/en/d/d9/Medal_of_Honor_-_Allied_Assault_Coverart.png', 'Medal of Honor: Allied Assault', 'Jan-20-2002', 723, 409, NULL),
(242, 'https://upload.wikimedia.org/wikipedia/en/6/63/Myth_-_The_Fallen_Lords.jpg', 'Myth: The Fallen Lords', 'Oct-31-1997', 724, 410, NULL);         
INSERT INTO PUBLIC.GAME(ID, IMAGE_URL, NAME, RELEASE_DATE, DEVELOPER_ID, PUBLISHER_ID, PURCHASE_WEBSITE_ID) VALUES
(243, 'https://upload.wikimedia.org/wikipedia/en/e/e7/Littlebigplanet2-boxart.jpg', 'LittleBigPlanet 2', 'Jan-18-2011', 725, 411, NULL),
(244, 'N/A', 'Guitar Hero', 'Nov-7-2005', 726, 412, NULL),
(245, 'https://upload.wikimedia.org/wikipedia/en/a/a9/Wrath_of_the_Lich_King.jpg', 'World of Warcraft: Wrath of the Lich King', 'Nov-13-2008', 727, 413, NULL),
(247, 'https://upload.wikimedia.org/wikipedia/en/1/16/Metroid_Prime_Trilogy.jpg', 'Metroid Prime Trilogy', 'Aug-24-2009', 728, 414, NULL),
(248, 'https://upload.wikimedia.org/wikipedia/en/2/29/F1_Challenge_%2799-%2702_Logo.png', 'F1 Challenge ''99-''02', 'Jun-24-2003', 729, 415, NULL),
(250, 'https://upload.wikimedia.org/wikipedia/en/2/2b/Madden_NFL_2001_Coverart.png', 'Madden NFL 2001', 'Oct-23-2000', 730, 416, NULL),
(251, 'https://upload.wikimedia.org/wikipedia/en/thumb/d/d0/Baldur''s_Gate_box.PNG/375px-Baldur''s_Gate_box.PNG', 'Baldur''s Gate', 'Nov-30-1998', 731, 417, NULL),
(252, 'https://upload.wikimedia.org/wikipedia/en/9/90/Bayonetta2boxart.png', 'Bayonetta 2', 'Sep-20-2014', 732, 418, NULL),
(254, 'N/A', 'Overwatch', 'May-23-2016', 733, 419, NULL),
(256, 'https://upload.wikimedia.org/wikipedia/en/f/f5/Klonoa2.jpg', 'Klonoa 2: Lunatea''s Veil', 'Jul-25-2001', 734, 420, NULL),
(257, 'N/A', 'IL-2 Sturmovik', 'Nov-18-2001', 735, 421, NULL),
(258, 'https://upload.wikimedia.org/wikipedia/en/f/fa/Mario_Tennis_box.jpg', 'Mario Tennis', 'Aug-28-2000', 736, 422, NULL),
(259, 'https://upload.wikimedia.org/wikipedia/en/0/0d/Freespace2box.jpg', 'FreeSpace 2', 'Sep-30-1999', 737, 423, NULL),
(260, 'N/A', 'Colony Wars', 'Oct-31-1997', 738, 424, NULL),
(262, 'https://upload.wikimedia.org/wikipedia/en/7/73/Ratchetandclank3box.jpg', 'Ratchet & Clank: Up Your Arsenal', 'Nov-3-2004', 739, 425, NULL),
(263, 'N/A', 'Resident Evil', 'Apr-30-2002', 740, 426, NULL),
(264, 'https://upload.wikimedia.org/wikipedia/en/2/24/FIFA_10_Cover.jpg', 'FIFA Soccer 10', 'Oct-20-2009', 741, 427, NULL),
(265, 'https://upload.wikimedia.org/wikipedia/en/5/54/Forza_horizon_3_cover_art.jpg', 'Forza Horizon 3', 'Sep-23-2016', 742, 428, NULL),
(266, 'https://upload.wikimedia.org/wikipedia/en/7/77/Assassins_Creed_2_Box_Art.JPG', 'Assassin''s Creed II', 'Nov-17-2009', 743, 429, NULL),
(267, 'https://upload.wikimedia.org/wikipedia/en/b/b3/Mgs3box.jpg', 'Metal Gear Solid 3: Snake Eater', 'Nov-17-2004', 744, 430, NULL),
(268, 'https://upload.wikimedia.org/wikipedia/en/9/9e/Twisted_Metal_Black.jpg', 'Twisted Metal: Black', 'Jun-18-2001', 745, 431, NULL),
(269, 'https://upload.wikimedia.org/wikipedia/en/5/54/Spyro-year_of_the_dragon.png', 'Spyro: Year of the Dragon', 'Oct-23-2000', 746, 432, NULL),
(270, 'N/A', 'Tomb Raider', 'Nov-15-1996', 747, 433, NULL),
(272, 'https://upload.wikimedia.org/wikipedia/en/d/d9/Resi4-gc-cover.jpg', 'Resident Evil 4: Wii Edition', 'Jun-19-2007', 748, 434, NULL),
(273, 'https://upload.wikimedia.org/wikipedia/en/b/bf/Sotc_boxart.jpg', 'Shadow of the Colossus', 'Oct-18-2005', 749, 435, NULL),
(274, 'https://upload.wikimedia.org/wikipedia/en/c/c5/Peggle_Steam.jpg', 'Peggle', 'Nov-19-2009', 750, 436, NULL),
(275, 'N/A', 'The Legend of Zelda: Ocarina of Time / Master Quest', 'Feb-28-2003', 751, 437, NULL),
(276, 'https://upload.wikimedia.org/wikipedia/en/7/77/Borderlands2boxart3.jpg', 'Borderlands 2', 'Sep-18-2012', 752, 438, NULL),
(278, 'N/A', 'Kentucky Route Zero - Act III', 'May-6-2014', 753, 439, NULL),
(279, 'https://upload.wikimedia.org/wikipedia/en/1/14/College_Football_USA_96_Cover.jpg', 'NCAA Football 2003', 'Jul-20-2002', 754, 440, NULL),
(280, 'N/A', 'Crysis', 'Nov-13-2007', 755, 441, NULL),
(281, 'N/A', 'Ninja Gaiden', 'Mar-2-2004', 756, 442, NULL),
(282, 'https://upload.wikimedia.org/wikipedia/en/3/3a/God_of_War_Chains_of_Olympus_NA_version_front_cover.jpg', 'God of War: Chains of Olympus', 'Mar-4-2008', 757, 443, NULL),
(283, 'https://upload.wikimedia.org/wikipedia/en/e/e2/Dead_or_Alive_2_Coverart.png', 'DOA2: Hardcore', 'Oct-25-2000', 758, 444, NULL),
(284, 'https://upload.wikimedia.org/wikipedia/en/2/29/World_of_Warcraft_-_The_Burning_Crusade_coverart.jpg', 'World of Warcraft: The Burning Crusade', 'Jan-16-2007', 759, 445, NULL);  
INSERT INTO PUBLIC.GAME(ID, IMAGE_URL, NAME, RELEASE_DATE, DEVELOPER_ID, PUBLISHER_ID, PURCHASE_WEBSITE_ID) VALUES
(285, 'https://upload.wikimedia.org/wikipedia/en/2/2f/MLB_10_The_Show_Cover.jpg', 'MLB 10: The Show', 'Mar-2-2010', 760, 446, NULL),
(286, 'https://upload.wikimedia.org/wikipedia/en/thumb/9/9a/Yoshi''s_Island_(Super_Mario_World_2)_box_art.jpg/375px-Yoshi''s_Island_(Super_Mario_World_2)_box_art.jpg', 'Yoshi''s Island: Super Mario Advance 3', 'Sep-24-2002', 761, 447, NULL),
(288, 'https://upload.wikimedia.org/wikipedia/en/0/03/Tiger_Woods_PGA_Tour_2005.jpg', 'Tiger Woods PGA Tour 2005', 'Sep-20-2004', 762, 448, NULL),
(291, 'https://upload.wikimedia.org/wikipedia/en/7/7d/Longest.jpg', 'The Longest Journey', 'Nov-16-2000', 763, 449, NULL),
(293, 'https://upload.wikimedia.org/wikipedia/en/2/2f/JediKnight-cover.jpg', 'Star Wars Jedi Knight: Dark Forces II', 'Sep-30-1997', 764, 450, NULL),
(295, 'https://upload.wikimedia.org/wikipedia/en/5/5c/Halo-_Reach_box_art.png', 'Halo: Reach', 'Sep-14-2010', 765, 451, NULL),
(296, 'https://upload.wikimedia.org/wikipedia/en/thumb/d/dc/GalCiv2DarkAvatarBoxShot.jpg/375px-GalCiv2DarkAvatarBoxShot.jpg', 'Galactic Civilizations II: Dark Avatar', 'Feb-14-2007', 766, 452, NULL),
(297, 'N/A', 'Mass Effect', 'Nov-20-2007', 767, 453, NULL),
(298, 'https://upload.wikimedia.org/wikipedia/en/9/93/No_one_lives_forever_video_game_PC_cover_scan.jpg', 'The Operative: No One Lives Forever', 'Nov-9-2000', 768, 454, NULL),
(299, 'https://upload.wikimedia.org/wikipedia/en/f/f1/Forza_Motorsport_4_cover.jpg', 'Forza Motorsport 4', 'Oct-11-2011', 769, 455, NULL),
(301, 'https://upload.wikimedia.org/wikipedia/en/6/62/Battlefield2Cover.jpg', 'Battlefield 2', 'Jun-21-2005', 770, 456, NULL),
(302, 'https://upload.wikimedia.org/wikipedia/en/5/5d/God_of_War_Collection_Cover.jpg', 'God of War Collection', 'Nov-17-2009', 771, 457, NULL),
(308, 'N/A', 'Fez', 'May-1-2013', 772, 458, NULL),
(309, 'https://upload.wikimedia.org/wikipedia/en/thumb/0/06/Planescape-torment-box.jpg/375px-Planescape-torment-box.jpg', 'Planescape: Torment', 'Dec-14-1999', 773, 459, NULL),
(310, 'https://upload.wikimedia.org/wikipedia/en/d/dc/Gears_of_War_3_box_artwork.png', 'Gears of War 3', 'Sep-20-2011', 774, 460, NULL),
(311, 'https://upload.wikimedia.org/wikipedia/en/3/31/Killzone2_Box_Art.jpg', 'Killzone 2', 'Feb-27-2009', 775, 461, NULL),
(312, 'https://upload.wikimedia.org/wikipedia/en/7/7a/Neverwinter_Nights_cover.jpg', 'Neverwinter Nights', 'Jun-16-2002', 776, 462, NULL),
(314, 'https://upload.wikimedia.org/wikipedia/en/a/ab/AriaofSorrowCover.jpg', 'Castlevania: Aria of Sorrow', 'May-6-2003', 777, 463, NULL),
(315, 'https://upload.wikimedia.org/wikipedia/en/2/23/No_One_Lives_Forever_2_cover.png', 'No One Lives Forever 2: A Spy in H.A.R.M.''s Way', 'Sep-30-2002', 778, 464, NULL),
(317, 'https://upload.wikimedia.org/wikipedia/en/d/db/Legacy_Of_Kain-_Sould_Reaver_Cover.jpg', 'Legacy of Kain: Soul Reaver', 'Aug-16-1999', 779, 465, NULL),
(318, 'https://upload.wikimedia.org/wikipedia/en/8/89/Dragon_Age_Origins_cover.png', 'Dragon Age: Origins', 'Nov-3-2009', 780, 466, NULL),
(319, 'https://upload.wikimedia.org/wikipedia/en/8/87/Gsbox.jpg', 'Golden Sun', 'Nov-11-2001', 781, 467, NULL),
(321, 'https://upload.wikimedia.org/wikipedia/en/f/f5/Mark_of_the_Ninja_cover.png', 'Mark of the Ninja', 'Oct-16-2012', 782, 468, NULL),
(322, 'https://upload.wikimedia.org/wikipedia/en/3/34/Pro_Evolution_Soccer_4_Coverart.png', 'World Soccer Winning Eleven 8 International', 'Feb-1-2005', 783, 469, NULL),
(323, 'https://upload.wikimedia.org/wikipedia/en/1/1b/The_Legend_of_Zelda_A_Link_Between_Worlds_NA_cover.jpg', 'The Legend of Zelda: A Link Between Worlds', 'Nov-22-2013', 784, 470, NULL),
(325, 'https://upload.wikimedia.org/wikipedia/en/c/c5/Castlevania_CotM_boxart.jpg', 'Castlevania: Circle of the Moon', 'Jun-10-2001', 785, 471, NULL),
(326, 'https://upload.wikimedia.org/wikipedia/en/c/c6/Far_Cry_3_PAL_box_art.jpg', 'Far Cry 3', 'Dec-4-2012', 786, 472, NULL),
(328, 'N/A', 'flower', 'Nov-15-2013', 787, 473, NULL),
(329, 'https://upload.wikimedia.org/wikipedia/en/8/86/Mario_Kart_DS_cover.jpg', 'Mario Kart DS', 'Nov-14-2005', 788, 474, NULL); 
INSERT INTO PUBLIC.GAME(ID, IMAGE_URL, NAME, RELEASE_DATE, DEVELOPER_ID, PUBLISHER_ID, PURCHASE_WEBSITE_ID) VALUES
(330, 'N/A', 'Call of Duty', 'Oct-29-2003', 789, 475, NULL),
(332, 'N/A', 'Mario Golf', 'Jun-30-1999', 790, 476, NULL),
(333, 'https://upload.wikimedia.org/wikipedia/en/3/3e/Crash_Bandicoot_3_Warped_Original_Box_Art.jpg', 'Crash Bandicoot 3: Warped', 'Oct-31-1998', 791, 477, NULL),
(335, 'https://upload.wikimedia.org/wikipedia/en/2/23/Project_Gotham_Racing_2_Coverart.png', 'Project Gotham Racing 2', 'Nov-17-2003', 792, 478, NULL),
(336, 'https://upload.wikimedia.org/wikipedia/en/5/5a/NBA_2K12_cover.jpg', 'NBA 2K12', 'Oct-4-2011', 793, 479, NULL),
(337, 'https://upload.wikimedia.org/wikipedia/en/b/bd/The_sims_2.jpg', 'The Sims 2', 'Sep-14-2004', 794, 480, NULL),
(338, 'https://upload.wikimedia.org/wikipedia/en/b/bd/Cataclysm_Cover_Art.png', 'World of Warcraft: Cataclysm', 'Dec-7-2010', 795, 481, NULL),
(341, 'https://upload.wikimedia.org/wikipedia/en/6/61/Rayman_2.jpg', 'Rayman 2: The Great Escape', 'Oct-31-1999', 796, 482, NULL),
(342, 'https://upload.wikimedia.org/wikipedia/en/8/81/Bayonetta_box_artwork.png', 'Bayonetta', 'Jan-5-2010', 797, 483, NULL),
(343, 'https://upload.wikimedia.org/wikipedia/en/8/80/Diablo_III_cover.png', 'Diablo III: Ultimate Evil Edition', 'Aug-19-2014', 798, 484, NULL),
(346, 'N/A', 'ICO', 'Sep-24-2001', 799, 485, NULL),
(347, 'https://upload.wikimedia.org/wikipedia/en/2/24/Ghost_Recon_Advanced_Warfighter_cover.jpg', 'Tom Clancy''s Ghost Recon Advanced Warfighter', 'Mar-9-2006', 800, 486, NULL),
(348, 'https://upload.wikimedia.org/wikipedia/en/8/8f/FIFA_12_cover.jpg', 'FIFA Soccer 12', 'Sep-27-2011', 801, 487, NULL),
(350, 'https://upload.wikimedia.org/wikipedia/en/6/63/MarioAndLuigiSuperstarSagaGBACoverArtUS.jpg', 'Mario & Luigi: Superstar Saga', 'Nov-17-2003', 802, 488, NULL),
(351, 'https://upload.wikimedia.org/wikipedia/en/c/c8/Shovel_knight_cover.jpg', 'Shovel Knight', 'Apr-21-2015', 803, 489, NULL),
(352, 'https://upload.wikimedia.org/wikipedia/en/9/98/Tony_Hawk''s_Underground_PlayStation2_box_art_cover.jpg', 'Tony Hawk''s Underground', 'Oct-27-2003', 804, 490, NULL),
(353, 'https://upload.wikimedia.org/wikipedia/en/5/56/MvC2_Cover.png', 'Marvel vs. Capcom 2', 'Jun-29-2000', 805, 491, NULL),
(354, 'N/A', 'Ape Escape', 'May-31-1999', 806, 492, NULL),
(355, 'https://upload.wikimedia.org/wikipedia/en/thumb/4/40/Syphon_Filter.jpg/375px-Syphon_Filter.jpg', 'Syphon Filter', 'Jan-31-1999', 807, 493, NULL),
(356, 'https://upload.wikimedia.org/wikipedia/en/thumb/6/69/Mario_&_Luigi_3_NA_Cover.PNG/375px-Mario_&_Luigi_3_NA_Cover.PNG', 'Mario & Luigi: Bowser''s Inside Story', 'Sep-14-2009', 808, 494, NULL),
(357, 'https://upload.wikimedia.org/wikipedia/en/2/20/TrialsEvolutionBox.jpg', 'Trials Evolution', 'Apr-18-2012', 809, 495, NULL),
(358, 'https://upload.wikimedia.org/wikipedia/en/4/4d/Grand_Theft_Auto_IV_coverart.jpg', 'Grand Theft Auto IV: The Lost and Damned', 'Feb-17-2009', 810, 496, NULL),
(360, 'https://upload.wikimedia.org/wikipedia/en/thumb/5/5b/Spelunky.jpg/375px-Spelunky.jpg', 'Spelunky', 'Aug-8-2013', 811, 497, NULL),
(362, 'https://upload.wikimedia.org/wikipedia/en/a/a4/Ratchet_and_clank_gc_image.jpg', 'Ratchet & Clank: Going Commando', 'Nov-11-2003', 812, 498, NULL),
(363, 'https://upload.wikimedia.org/wikipedia/en/e/ea/NBA_Street_Vol._2_Coverart.png', 'NBA Street Vol. 2', 'Apr-28-2003', 813, 499, NULL),
(364, 'https://upload.wikimedia.org/wikipedia/en/f/f0/Vt2box.jpg', 'Tennis 2K2', 'Oct-24-2001', 814, 500, NULL),
(365, 'N/A', 'Black & White', 'Mar-26-2001', 815, 501, NULL),
(367, 'https://upload.wikimedia.org/wikipedia/en/0/04/TheWindWakerHD.jpg', 'The Legend of Zelda: The Wind Waker HD', 'Sep-20-2013', 816, 502, NULL),
(369, 'N/A', 'Portal', 'Apr-8-2008', 817, 503, NULL),
(370, 'https://upload.wikimedia.org/wikipedia/en/5/5e/The_Legend_of_Zelda_Phantom_Hourglass_Game_Cover.jpg', 'The Legend of Zelda: Phantom Hourglass', 'Oct-1-2007', 818, 504, NULL),
(371, 'N/A', 'MVP Baseball 2004', 'Mar-9-2004', 819, 505, NULL),
(373, 'N/A', 'Dance Dance Revolution', 'May-9-2001', 820, 506, NULL);  
INSERT INTO PUBLIC.GAME(ID, IMAGE_URL, NAME, RELEASE_DATE, DEVELOPER_ID, PUBLISHER_ID, PURCHASE_WEBSITE_ID) VALUES
(374, 'https://upload.wikimedia.org/wikipedia/en/8/83/NHL_2001_Coverart.png', 'NHL 2001', 'Sep-28-2000', 821, 507, NULL),
(375, 'https://upload.wikimedia.org/wikipedia/en/e/e8/Advance_Wars_DS_cover_art.jpg', 'Advance Wars: Dual Strike', 'Aug-22-2005', 822, 508, NULL),
(377, 'https://upload.wikimedia.org/wikipedia/en/7/79/Mlb11theshow.jpg', 'MLB 11: The Show', 'Mar-8-2011', 823, 509, NULL),
(378, 'https://upload.wikimedia.org/wikipedia/en/b/b6/Jak_and_Daxter_-_The_Precursor_Legacy_Coverart.png', 'Jak and Daxter: The Precursor Legacy', 'Dec-3-2001', 824, 510, NULL),
(379, 'https://upload.wikimedia.org/wikipedia/en/2/26/Rogue_squadron_2_Box.jpg', 'Star Wars Rogue Leader: Rogue Squadron II', 'Nov-9-2001', 825, 511, NULL),
(380, 'https://upload.wikimedia.org/wikipedia/commons/thumb/a/ac/Stephen''s_Sausage_Roll_header.jpg/375px-Stephen''s_Sausage_Roll_header.jpg', 'Stephen''s Sausage Roll', 'Apr-18-2016', 826, 512, NULL),
(381, 'N/A', 'Velocity 2X', 'Sep-2-2014', 827, 513, NULL),
(382, 'https://upload.wikimedia.org/wikipedia/en/c/cb/Revenge_boxart.jpg', 'Burnout Revenge', 'Sep-13-2005', 828, 514, NULL),
(385, 'https://upload.wikimedia.org/wikipedia/en/1/14/College_Football_USA_96_Cover.jpg', 'NCAA Football 2002', 'Jul-23-2001', 829, 515, NULL),
(386, 'https://upload.wikimedia.org/wikipedia/en/f/f4/Unrealtournament.jpg', 'Unreal Tournament', 'Mar-13-2001', 830, 516, NULL),
(387, 'N/A', 'Deus Ex', 'Jun-23-2000', 831, 517, NULL),
(388, 'https://upload.wikimedia.org/wikipedia/en/thumb/a/ae/DonkeyKong64CoverArt.jpg/375px-DonkeyKong64CoverArt.jpg', 'Donkey Kong 64', 'Oct-31-1999', 832, 518, NULL),
(389, 'https://upload.wikimedia.org/wikipedia/en/7/73/Panzercover.jpg', 'Panzer Dragoon Orta', 'Jan-12-2003', 833, 519, NULL),
(390, 'https://upload.wikimedia.org/wikipedia/en/9/9f/Portal_standalonebox.jpg', 'Portal: Still Alive', 'Oct-22-2008', 834, 520, NULL),
(391, 'https://upload.wikimedia.org/wikipedia/en/2/2d/Half-Life_2_Episode_Two_title.jpg', 'Half-Life 2: Episode Two', 'Oct-10-2007', 835, 521, NULL),
(394, 'N/A', 'The Chronicles of Riddick: Escape From Butcher Bay - Developer''s Cut', 'Dec-8-2004', 836, 522, NULL),
(395, 'https://upload.wikimedia.org/wikipedia/en/1/10/Shin_Megami_Tensei_Persona_4.jpg', 'Shin Megami Tensei: Persona 4', 'Dec-8-2008', 837, 523, NULL),
(396, 'https://upload.wikimedia.org/wikipedia/en/6/61/MLB_09_The_Show_PS3_cover.jpg', 'MLB 09: The Show', 'Mar-3-2009', 838, 524, NULL),
(397, 'https://upload.wikimedia.org/wikipedia/en/8/83/Blast_Corps_Coverart.png', 'Blast Corps', 'Feb-28-1997', 839, 525, NULL),
(401, 'https://upload.wikimedia.org/wikipedia/en/a/a1/Axiom_Verge_Title.png', 'Axiom Verge', 'Sep-1-2016', 840, 526, NULL),
(402, 'https://upload.wikimedia.org/wikipedia/en/5/5b/Left4Dead_Windows_cover.jpg', 'Left 4 Dead', 'Nov-17-2008', 841, 527, NULL),
(404, 'https://upload.wikimedia.org/wikipedia/en/b/ba/Left4Dead2.jpg', 'Left 4 Dead 2', 'Nov-17-2009', 842, 528, NULL),
(405, 'https://upload.wikimedia.org/wikipedia/en/b/bb/Dark_souls_3_cover_art.jpg', 'Dark Souls III', 'Apr-12-2016', 843, 529, NULL),
(406, 'N/A', '3D Gunstar Heroes', 'Aug-20-2015', 844, 530, NULL),
(407, 'https://upload.wikimedia.org/wikipedia/en/a/ae/Jade_Empire_Coverart.png', 'Jade Empire', 'Apr-12-2005', 845, 531, NULL),
(409, 'https://upload.wikimedia.org/wikipedia/en/1/1f/NHL_2K3_Coverart.png', 'NHL 2K3', 'Nov-19-2002', 846, 532, NULL),
(410, 'https://upload.wikimedia.org/wikipedia/en/0/04/NBA_2K3_frontcover.jpg', 'NBA 2K3', 'Oct-8-2002', 847, 533, NULL),
(411, 'N/A', 'NASCAR Racing 2002 Season', 'Feb-14-2002', 848, 534, NULL),
(412, 'https://upload.wikimedia.org/wikipedia/en/thumb/6/6c/Phantasy_Star_Online.PNG/250px-Phantasy_Star_Online.PNG', 'Phantasy Star Online', 'Jan-29-2001', 849, 535, NULL),
(413, 'https://upload.wikimedia.org/wikipedia/en/4/40/NTSC_Resident_Evil_2_Cover.png', 'Resident Evil 2', 'Oct-31-1999', 850, 536, NULL),
(414, 'https://upload.wikimedia.org/wikipedia/en/0/06/Tekken2Box.jpg', 'Tekken 2', 'Aug-25-1996', 851, 537, NULL);        
INSERT INTO PUBLIC.GAME(ID, IMAGE_URL, NAME, RELEASE_DATE, DEVELOPER_ID, PUBLISHER_ID, PURCHASE_WEBSITE_ID) VALUES
(415, 'N/A', 'Need for Speed: Hot Pursuit', 'Nov-16-2010', 852, 538, NULL),
(416, 'https://upload.wikimedia.org/wikipedia/en/6/66/F-Zero_GX_box_artwork.png', 'F-Zero GX', 'Aug-26-2003', 853, 539, NULL),
(418, 'https://upload.wikimedia.org/wikipedia/en/8/8d/Dark_Souls_Cover_Art.jpg', 'Dark Souls', 'Oct-4-2011', 854, 540, NULL),
(419, 'https://upload.wikimedia.org/wikipedia/en/7/7f/NBA_Street_V3_Coverart.png', 'NBA Street V3', 'Feb-8-2005', 855, 541, NULL),
(420, 'https://upload.wikimedia.org/wikipedia/en/9/95/NFSHP2_PC.jpg', 'Need for Speed: Hot Pursuit 2', 'Oct-1-2002', 856, 542, NULL),
(421, 'https://upload.wikimedia.org/wikipedia/en/0/0e/The_Ballad_of_Gay_Tony_cover.jpg', 'Grand Theft Auto IV: The Ballad of Gay Tony', 'Oct-29-2009', 857, 543, NULL),
(422, 'https://upload.wikimedia.org/wikipedia/en/a/a5/The_Leg', 'The Legend of Zelda: The Minish Cap', 'Jan-10-2005', 858, 544, NULL),
(423, 'https://upload.wikimedia.org/wikipedia/en/0/0d/NCAA_Football_2005_Coverart.jpg', 'NCAA Football 2005', 'Jul-15-2004', 859, 545, NULL),
(425, 'https://upload.wikimedia.org/wikipedia/en/9/94/Combat_Mission_-_Barbarossa_to_Berlin_Coverart.png', 'Combat Mission: Barbarossa to Berlin', 'Oct-29-2002', 860, 546, NULL),
(427, 'https://upload.wikimedia.org/wikipedia/en/a/ab/Homeworld_-_Cataclysm_Coverart.png', 'Homeworld: Cataclysm', 'Sep-7-2000', 861, 547, NULL),
(429, 'https://upload.wikimedia.org/wikipedia/en/thumb/8/83/Cave_Story_title_screen.png/375px-Cave_Story_title_screen.png', 'Cave Story', 'Mar-22-2010', 862, 548, NULL),
(430, 'https://upload.wikimedia.org/wikipedia/en/e/ed/Dark_Souls_II_cover.jpg', 'Dark Souls II: Scholar of the First Sin', 'Apr-7-2015', 863, 549, NULL),
(431, 'N/A', 'The Walking Dead: Episode 5 - No Time Left', 'Nov-21-2012', 864, 550, NULL),
(432, 'N/A', 'Guild Wars', 'Apr-26-2005', 865, 551, NULL),
(434, 'https://upload.wikimedia.org/wikipedia/en/1/11/Pro_Evolution_Soccer_5_cover.jpg', 'World Soccer Winning Eleven 9', 'Feb-7-2006', 866, 552, NULL),
(435, 'https://upload.wikimedia.org/wikipedia/en/7/77/Guitar_Hero_5_Game_Cover.jpg', 'Guitar Hero 5', 'Sep-1-2009', 867, 553, NULL),
(436, 'https://upload.wikimedia.org/wikipedia/en/5/51/Ac04box.jpg', 'Ace Combat 04: Shattered Skies', 'Nov-1-2001', 868, 554, NULL),
(437, 'N/A', 'Max Payne', 'Jul-23-2001', 869, 555, NULL),
(438, 'N/A', '3D Streets of Rage II', 'Jul-23-2015', 870, 556, NULL),
(439, 'N/A', 'Out of the Park Baseball 15', 'Apr-21-2014', 871, 557, NULL),
(441, 'https://upload.wikimedia.org/wikipedia/en/4/4d/Tiger_Woods_PGA_Tour_2004_cover.jpg', 'Tiger Woods PGA Tour 2004', 'Sep-22-2003', 872, 558, NULL),
(444, 'https://upload.wikimedia.org/wikipedia/en/f/fd/Titanfall_2_box_art.jpeg', 'Titanfall 2', 'Oct-28-2016', 873, 559, NULL),
(445, 'https://upload.wikimedia.org/wikipedia/en/4/48/Wic-win-cover.jpg', 'World in Conflict', 'Sep-18-2007', 874, 560, NULL),
(447, 'https://upload.wikimedia.org/wikipedia/en/thumb/f/f5/Fifa11_Game_Cover.jpg/375px-Fifa11_Game_Cover.jpg', 'FIFA Soccer 11', 'Sep-28-2010', 875, 561, NULL),
(448, 'https://upload.wikimedia.org/wikipedia/en/0/06/Deus_Ex_Human_Revolution_cover.jpg', 'Deus Ex: Human Revolution', 'Aug-23-2011', 876, 562, NULL),
(449, 'https://upload.wikimedia.org/wikipedia/en/5/50/Castlevania_-_Dawn_of_Sorrow_Coverart.png', 'Castlevania: Dawn of Sorrow', 'Oct-4-2005', 877, 563, NULL),
(451, 'https://upload.wikimedia.org/wikipedia/en/9/99/Sonic_Adventure_2_cover.png', 'Sonic Adventure 2', 'Jun-18-2001', 878, 564, NULL),
(452, 'https://upload.wikimedia.org/wikipedia/en/thumb/c/cc/NASCAR_Racing_4_boxart.jpg/375px-NASCAR_Racing_4_boxart.jpg', 'NASCAR Racing 4', 'Feb-6-2001', 879, 565, NULL),
(453, 'https://upload.wikimedia.org/wikipedia/en/6/61/Duke_Nukem_3D_Coverart.png', 'Duke Nukem 3D', 'Jan-29-1996', 880, 566, NULL),
(454, 'https://upload.wikimedia.org/wikipedia/en/3/3c/LA-Noire-Box-Art.jpg', 'L.A. Noire', 'May-17-2011', 881, 567, NULL),
(455, 'N/A', 'Bastion', 'Apr-7-2015', 882, 568, NULL),
(456, 'N/A', 'Far Cry', 'Mar-23-2004', 883, 569, NULL);           
INSERT INTO PUBLIC.GAME(ID, IMAGE_URL, NAME, RELEASE_DATE, DEVELOPER_ID, PUBLISHER_ID, PURCHASE_WEBSITE_ID) VALUES
(457, 'N/A', 'Dead Space', 'Oct-13-2008', 884, 570, NULL),
(460, 'https://upload.wikimedia.org/wikipedia/en/f/fd/XCOM_Enemy_Unknown_Game_Cover.jpg', 'XCOM: Enemy Unknown', 'Oct-9-2012', 885, 571, NULL),
(462, 'https://upload.wikimedia.org/wikipedia/en/d/d0/Rise_of_Nations_Coverart.png', 'Rise of Nations', 'May-20-2003', 886, 572, NULL),
(463, 'https://upload.wikimedia.org/wikipedia/en/4/47/Persona3cover.jpg', 'Shin Megami Tensei: Persona 3 FES', 'Apr-22-2008', 887, 573, NULL),
(464, 'https://upload.wikimedia.org/wikipedia/en/2/2a/Burnout_2_-_Point_of_Impact.jpg', 'Burnout 2: Point of Impact', 'Apr-9-2003', 888, 574, NULL),
(465, 'https://upload.wikimedia.org/wikipedia/en/2/24/World_Series_Baseball_2K3_Coverart.jpg', 'World Series Baseball 2K3', 'Mar-10-2003', 889, 575, NULL),
(466, 'https://upload.wikimedia.org/wikipedia/en/a/aa/NASCAR_Racing_2003_Season_boxart.jpg', 'NASCAR Racing 2003 Season', 'Feb-14-2003', 890, 576, NULL),
(467, 'https://upload.wikimedia.org/wikipedia/en/b/b2/D3_Box_Art.jpg', 'Descent 3', 'Jun-14-2000', 891, 577, NULL),
(469, 'https://upload.wikimedia.org/wikipedia/en/2/26/The_Curse_of_Monkey_Island_artwork.jpg', 'The Curse of Monkey Island', 'Oct-31-1997', 892, 578, NULL),
(470, 'https://upload.wikimedia.org/wikipedia/en/8/8d/Dark_Souls_Cover_Art.jpg', 'Dark Souls: Artorias of the Abyss', 'Oct-23-2012', 893, 579, NULL),
(471, 'https://upload.wikimedia.org/wikipedia/en/e/ed/MGS_HD_NA_Boxart_X360.jpg', 'Metal Gear Solid HD Collection', 'Nov-8-2011', 894, 580, NULL),
(472, 'https://upload.wikimedia.org/wikipedia/en/6/69/Battlefield_3_Game_Cover.jpg', 'Battlefield 3', 'Oct-25-2011', 895, 581, NULL),
(473, 'https://upload.wikimedia.org/wikipedia/en/0/0c/Dead_Space_2_Box_Art.jpg', 'Dead Space 2', 'Jan-25-2011', 896, 582, NULL),
(474, 'https://upload.wikimedia.org/wikipedia/en/2/27/Battlefield_1942_Box_Art.jpg', 'Battlefield 1942', 'Sep-10-2002', 897, 583, NULL),
(475, 'https://upload.wikimedia.org/wikipedia/en/thumb/0/0c/Einhander.JPG/250px-Einhander.JPG', 'Einhander', 'May-5-1998', 898, 584, NULL),
(477, 'https://upload.wikimedia.org/wikipedia/en/3/38/RiddickButcherBay.jpg', 'The Chronicles of Riddick: Escape From Butcher Bay', 'Jun-1-2004', 899, 585, NULL),
(480, 'https://upload.wikimedia.org/wikipedia/en/thumb/9/90/NoMercyGameBox.jpg/330px-NoMercyGameBox.jpg', 'WWF No Mercy', 'Nov-17-2000', 900, 586, NULL),
(481, 'https://upload.wikimedia.org/wikipedia/en/0/06/Gran_Turismo_4.jpg', 'Gran Turismo 4', 'Feb-22-2005', 901, 587, NULL),
(482, 'https://upload.wikimedia.org/wikipedia/en/c/ce/Dragon_Age_Inquisition_BoxArt.jpg', 'Dragon Age: Inquisition', 'Nov-18-2014', 902, 588, NULL),
(483, 'https://upload.wikimedia.org/wikipedia/en/0/0f/The_Beatles_Rock_Band_box_art.jpg', 'The Beatles: Rock Band', 'Sep-9-2009', 903, 589, NULL),
(484, 'https://upload.wikimedia.org/wikipedia/en/e/e4/Aw2box.jpg', 'Advance Wars 2: Black Hole Rising', 'Jun-24-2003', 904, 590, NULL),
(485, 'https://upload.wikimedia.org/wikipedia/en/7/7a/Dirt_2_box_art.jpg', 'DiRT 2', 'Dec-8-2009', 905, 591, NULL),
(486, 'https://upload.wikimedia.org/wikipedia/en/7/7e/Lumines.jpg', 'Lumines', 'Mar-22-2005', 906, 592, NULL),
(488, 'https://upload.wikimedia.org/wikipedia/en/9/92/Ratchet_&_Clank_Future_Tools_of_Destruction_North_American_cover.png', 'Ratchet & Clank Future: Tools of Destruction', 'Oct-23-2007', 907, 593, NULL),
(490, 'https://upload.wikimedia.org/wikipedia/en/1/1e/Scda_boxart.jpg', 'Tom Clancy''s Splinter Cell Double Agent', 'Oct-24-2006', 908, 594, NULL),
(491, 'https://upload.wikimedia.org/wikipedia/en/d/db/NewSuperMarioBrothers.jpg', 'New Super Mario Bros.', 'May-15-2006', 909, 595, NULL),
(492, 'https://upload.wikimedia.org/wikipedia/en/9/95/Silent_Hill_2.jpg', 'Silent Hill 2', 'Sep-24-2001', 910, 596, NULL),
(493, 'https://upload.wikimedia.org/wikipedia/en/8/86/Metal_Gear_Solid_Peace_Walker_Cover_Art.jpg', 'Metal Gear Solid: Peace Walker', 'Jun-8-2010', 911, 597, NULL),
(494, 'https://upload.wikimedia.org/wikipedia/en/c/c0/Virtua_Fighter_5_Box_Art.jpg', 'Virtua Fighter 5 Online', 'Oct-30-2007', 912, 598, NULL); 
INSERT INTO PUBLIC.GAME(ID, IMAGE_URL, NAME, RELEASE_DATE, DEVELOPER_ID, PUBLISHER_ID, PURCHASE_WEBSITE_ID) VALUES
(495, 'https://upload.wikimedia.org/wikipedia/en/8/84/Warioware1box.jpg', 'WarioWare Inc.: Mega Microgame$!', 'May-21-2003', 913, 599, NULL),
(496, 'https://upload.wikimedia.org/wikipedia/en/3/3b/Civilization_VI_cover_art.jpg', 'Sid Meier''s Civilization VI', 'Oct-21-2016', 914, 600, NULL),
(499, 'N/A', 'Grandia', 'Sep-30-1999', 915, 601, NULL),
(500, 'https://upload.wikimedia.org/wikipedia/en/thumb/5/50/Colors!_3D_logo.png/375px-Colors!_3D_logo.png', 'Colors! 3D', 'Apr-5-2012', 916, 602, NULL);        
CREATE CACHED TABLE PUBLIC.GAME_GENRE(
    GAME_ID INTEGER NOT NULL,
    GENRE_ID INTEGER NOT NULL
);          
-- 544 +/- SELECT COUNT(*) FROM PUBLIC.GAME_GENRE;             
INSERT INTO PUBLIC.GAME_GENRE(GAME_ID, GENRE_ID) VALUES
(1, 1),
(2, 2),
(2, 2),
(3, 1),
(3, 3),
(3, 3),
(6, 5),
(6, 5),
(7, 5),
(8, 1),
(8, 3),
(12, 6),
(12, 6),
(13, 7),
(13, 7),
(13, 8),
(13, 8),
(15, 9),
(15, 9),
(15, 1),
(16, 1),
(16, 3),
(17, 7),
(18, 6),
(19, 7),
(21, 7),
(23, 3),
(23, 1),
(23, 10),
(23, 10),
(24, 11),
(24, 11),
(25, 7),
(25, 12),
(25, 12),
(25, 13),
(25, 13),
(27, 1),
(29, 14),
(29, 14),
(29, 3),
(30, 1),
(31, 14),
(34, 1),
(37, 1),
(37, 8),
(39, 15),
(39, 15),
(40, 1),
(41, 1),
(42, 12),
(42, 16),
(42, 16),
(43, 1),
(44, 1),
(45, 17),
(45, 17),
(46, 7),
(47, 1),
(48, 1),
(49, 1),
(49, 11),
(51, 6),
(53, 1),
(53, 11),
(54, 18),
(54, 18),
(57, 1),
(57, 8),
(59, 12),
(60, 7),
(61, 15),
(62, 7),
(63, 6),
(64, 1),
(64, 19),
(64, 19),
(65, 7),
(65, 7),
(66, 6),
(66, 20),
(66, 20),
(70, 1),
(71, 15),
(75, 6),
(76, 3),
(77, 14),
(78, 21),
(78, 21),
(82, 7),
(83, 1),
(83, 19),
(86, 10),
(87, 10),
(87, 22),
(87, 22),
(87, 6),
(88, 1),
(88, 8),
(89, 23),
(89, 23),
(90, 8),
(91, 17),
(93, 1),
(93, 8),
(95, 1),
(95, 8),
(96, 6),
(98, 15),
(99, 21),
(102, 16),
(103, 14),
(105, 16),
(106, 24),
(106, 24),
(107, 17),
(108, 8),
(109, 1),
(110, 25),
(110, 25),
(110, 26),
(110, 26),
(113, 7),
(116, 1),
(116, 19),
(117, 16),
(118, 24),
(119, 27),
(119, 27),
(121, 28),
(121, 28),
(121, 29),
(121, 29),
(122, 15),
(122, 30),
(122, 30),
(123, 17),
(124, 1),
(124, 8),
(126, 7),
(127, 24),
(128, 1),
(130, 14),
(131, 3),
(134, 6),
(135, 14),
(135, 3),
(137, 15),
(138, 1),
(139, 17),
(140, 31),
(140, 31),
(141, 22),
(141, 10),
(141, 32),
(141, 32),
(142, 17),
(143, 6),
(144, 33),
(144, 33),
(144, 14),
(149, 15),
(150, 17),
(152, 1),
(153, 34),
(153, 34),
(156, 6),
(157, 6),
(161, 1),
(161, 35),
(161, 35),
(161, 19),
(163, 1),
(163, 19),
(165, 17),
(166, 36),
(166, 36),
(167, 31),
(167, 37),
(167, 37),
(169, 3),
(169, 1),
(169, 10),
(170, 37),
(172, 14),
(173, 1),
(173, 38),
(173, 38),
(173, 39),
(173, 39),
(173, 1),
(174, 24),
(176, 40),
(176, 40),
(177, 5),
(177, 1),
(178, 41),
(178, 41),
(179, 37),
(180, 17),
(184, 42),
(184, 42),
(185, 14),
(186, 7),
(187, 7),
(187, 14),
(187, 11),
(188, 8),
(189, 15),
(192, 5),
(193, 43),
(193, 43),
(195, 15),
(197, 41),
(197, 21),
(198, 17),
(199, 1),
(200, 16),
(200, 1),
(203, 2),
(204, 8),
(205, 44),
(205, 44),
(206, 24),
(207, 15),
(210, 7),
(211, 21),
(212, 17),
(213, 21),
(216, 15),
(218, 15),
(220, 14),
(221, 22),
(221, 5),
(223, 37),
(225, 1),
(226, 10),
(227, 1),
(228, 14),
(230, 1),
(231, 15),
(232, 10),
(233, 6),
(234, 6),
(238, 14),
(239, 1),
(239, 8),
(240, 6),
(241, 7),
(242, 41),
(243, 35),
(243, 28),
(243, 16),
(244, 31),
(244, 37),
(245, 45),
(245, 45),
(247, 9),
(247, 1),
(248, 46),
(248, 46),
(248, 46),
(250, 20),
(251, 15),
(252, 22),
(252, 47),
(252, 47),
(256, 10),
(258, 6),
(259, 48),
(259, 48),
(262, 16),
(263, 11),
(263, 3),
(264, 6),
(265, 17),
(266, 1),
(267, 1),
(267, 8),
(268, 49),
(268, 49),
(269, 16),
(270, 1),
(272, 11),
(273, 1),
(274, 12),
(276, 7),
(276, 14),
(279, 6),
(279, 6),
(279, 6),
(279, 6),
(279, 6),
(279, 6),
(279, 6),
(279, 6),
(279, 6),
(279, 6),
(279, 6),
(279, 6),
(279, 6),
(279, 6),
(279, 6),
(279, 6),
(279, 6),
(279, 6),
(279, 6),
(279, 20),
(279, 20),
(280, 7),
(281, 1),
(281, 19),
(282, 19),
(282, 1),
(284, 45),
(285, 6),
(285, 50),
(285, 50),
(286, 16),
(288, 6),
(291, 51),
(291, 51),
(293, 7),
(295, 7),
(296, 21),
(297, 14),
(297, 3),
(298, 7),
(298, 8),
(299, 17),
(301, 7),
(302, 1),
(302, 19),
(302, 1),
(302, 19),
(302, 1),
(302, 19),
(309, 15),
(310, 3),
(311, 7),
(312, 15),
(314, 33),
(314, 14),
(315, 7),
(315, 8),
(317, 1),
(318, 15),
(319, 15),
(321, 22),
(321, 8),
(322, 6),
(323, 1),
(325, 33),
(325, 14),
(326, 7),
(326, 1),
(329, 17),
(333, 10),
(335, 17),
(336, 6),
(337, 40),
(338, 45),
(341, 1),
(342, 22),
(342, 19),
(343, 14),
(343, 19),
(347, 52),
(347, 52),
(348, 6),
(350, 15),
(351, 22),
(351, 10),
(352, 6),
(354, 10),
(354, 53),
(354, 53),
(355, 3),
(355, 8),
(356, 15),
(357, 10),
(357, 17),
(358, 1),
(360, 1),
(360, 16),
(362, 16),
(363, 6),
(364, 6),
(367, 1),
(370, 1),
(373, 31),
(373, 54),
(373, 54),
(374, 36),
(375, 42);         
INSERT INTO PUBLIC.GAME_GENRE(GAME_ID, GENRE_ID) VALUES
(377, 6),
(377, 50),
(378, 16),
(379, 22),
(379, 55),
(379, 55),
(380, 12),
(381, 56),
(381, 56),
(381, 12),
(382, 17),
(385, 6),
(385, 6),
(385, 6),
(385, 6),
(385, 6),
(385, 6),
(385, 6),
(385, 6),
(385, 6),
(385, 6),
(385, 6),
(385, 6),
(385, 6),
(385, 6),
(385, 6),
(385, 6),
(385, 6),
(385, 6),
(385, 6),
(385, 20),
(385, 20),
(386, 7),
(387, 14),
(387, 7),
(387, 8),
(388, 16),
(388, 57),
(388, 57),
(389, 58),
(389, 58),
(390, 18),
(391, 7),
(395, 15),
(395, 30),
(396, 6),
(397, 22),
(397, 12),
(401, 59),
(401, 59),
(402, 7),
(402, 11),
(404, 7),
(404, 11),
(405, 14),
(407, 14),
(409, 6),
(410, 6),
(411, 46),
(412, 60),
(412, 60),
(412, 34),
(413, 11),
(416, 17),
(418, 14),
(419, 6),
(420, 17),
(421, 1),
(422, 1),
(423, 61),
(423, 61),
(423, 62),
(423, 62),
(425, 42),
(425, 63),
(425, 63),
(427, 64),
(427, 64),
(427, 65),
(427, 65),
(429, 33),
(430, 14),
(432, 45),
(434, 6),
(435, 31),
(435, 37),
(436, 66),
(436, 66),
(437, 3),
(441, 6),
(444, 7),
(445, 41),
(445, 24),
(447, 6),
(448, 14),
(448, 7),
(448, 8),
(449, 33),
(449, 14),
(451, 16),
(451, 1),
(451, 67),
(451, 67),
(452, 46),
(453, 7),
(454, 1),
(456, 7),
(460, 42),
(460, 44),
(462, 24),
(463, 15),
(463, 30),
(464, 17),
(465, 6),
(466, 46),
(467, 7),
(467, 56),
(469, 23),
(470, 14),
(471, 1),
(471, 8),
(472, 7),
(473, 3),
(473, 11),
(474, 7),
(475, 68),
(475, 68),
(477, 7),
(477, 1),
(477, 8),
(480, 6),
(481, 69),
(481, 69),
(481, 17),
(481, 17),
(482, 14),
(483, 37),
(484, 42),
(485, 17),
(486, 12),
(488, 16),
(490, 8),
(491, 5),
(492, 11),
(493, 1),
(493, 8),
(496, 21),
(500, 70),
(500, 70);           
CREATE CACHED TABLE PUBLIC.GAME_PURCHASE_WEBSITE(
    GAME_ID INTEGER NOT NULL,
    PURCHASE_WEBSITE_ID INTEGER NOT NULL
);    
-- 846 +/- SELECT COUNT(*) FROM PUBLIC.GAME_PURCHASE_WEBSITE;  
INSERT INTO PUBLIC.GAME_PURCHASE_WEBSITE(GAME_ID, PURCHASE_WEBSITE_ID) VALUES
(1, 1),
(1, 1),
(1, 2),
(1, 2),
(1, 3),
(1, 3),
(1, 4),
(1, 4),
(1, 5),
(1, 5),
(1, 4),
(1, 6),
(1, 6),
(1, 6),
(2, 6),
(2, 7),
(2, 7),
(2, 8),
(2, 8),
(3, 9),
(3, 9),
(3, 2),
(3, 1),
(3, 1),
(3, 3),
(3, 10),
(3, 10),
(6, 2),
(6, 3),
(6, 5),
(6, 4),
(6, 5),
(6, 8),
(6, 4),
(7, 2),
(7, 11),
(7, 11),
(7, 3),
(7, 6),
(7, 5),
(7, 8),
(7, 8),
(7, 5),
(8, 1),
(8, 3),
(8, 10),
(12, 12),
(12, 12),
(12, 7),
(12, 13),
(12, 13),
(12, 4),
(12, 7),
(12, 8),
(12, 8),
(12, 8),
(16, 1),
(16, 14),
(16, 14),
(16, 8),
(16, 13),
(16, 15),
(16, 15),
(16, 8),
(16, 5),
(24, 9),
(24, 9),
(24, 1),
(24, 3),
(24, 1),
(24, 3),
(24, 5),
(30, 3),
(30, 3),
(30, 1),
(30, 10),
(30, 7),
(30, 6),
(30, 14),
(30, 8),
(34, 1),
(34, 3),
(34, 11),
(34, 5),
(34, 5),
(34, 8),
(34, 8),
(37, 7),
(37, 15),
(37, 16),
(37, 16),
(38, 4),
(38, 8),
(38, 8),
(38, 8),
(38, 17),
(38, 17),
(38, 6),
(39, 8),
(39, 8),
(39, 18),
(39, 18),
(39, 8),
(39, 8),
(39, 8),
(40, 9),
(40, 1),
(40, 5),
(41, 5),
(41, 1),
(41, 5),
(41, 8),
(41, 19),
(41, 19),
(41, 4),
(41, 8),
(43, 13),
(43, 13),
(43, 7),
(43, 3),
(43, 4),
(43, 8),
(43, 6),
(43, 8),
(45, 6),
(45, 8),
(45, 8),
(45, 8),
(45, 13),
(45, 8),
(45, 17),
(46, 9),
(46, 10),
(46, 6),
(46, 6),
(46, 8),
(46, 5),
(46, 19),
(47, 4),
(47, 1),
(47, 13),
(47, 13),
(47, 13),
(47, 8),
(47, 14),
(47, 8),
(48, 1),
(48, 3),
(48, 1),
(48, 11),
(48, 1),
(48, 4),
(48, 13),
(49, 3),
(53, 3),
(53, 10),
(53, 5),
(53, 14),
(53, 20),
(53, 20),
(53, 6),
(57, 1),
(57, 9),
(57, 5),
(57, 11),
(57, 21),
(57, 21),
(57, 1),
(57, 3),
(61, 3),
(61, 8),
(61, 8),
(62, 3),
(62, 3),
(62, 8),
(62, 6),
(62, 4),
(62, 8),
(62, 14),
(63, 1),
(63, 3),
(63, 7),
(63, 8),
(65, 3),
(65, 10),
(65, 3),
(65, 15),
(65, 15),
(65, 6),
(65, 8),
(66, 8),
(66, 7),
(66, 8),
(66, 8),
(70, 1),
(70, 3),
(70, 2),
(70, 22),
(70, 22),
(83, 4),
(83, 8),
(87, 8),
(87, 8),
(90, 21),
(90, 15),
(90, 8),
(90, 8),
(90, 8),
(90, 17),
(99, 23),
(99, 23),
(99, 1),
(99, 1),
(99, 1),
(99, 2),
(99, 10),
(99, 10),
(105, 2),
(108, 8),
(108, 7),
(108, 8),
(108, 8),
(108, 17),
(108, 17),
(108, 12),
(116, 5),
(116, 8),
(117, 1),
(117, 2),
(117, 3),
(117, 5),
(117, 3),
(117, 8),
(117, 5),
(117, 17),
(118, 11),
(118, 11),
(118, 10),
(118, 5),
(118, 6),
(118, 14),
(118, 8),
(118, 8),
(119, 17),
(119, 17),
(119, 17),
(119, 9),
(119, 3),
(119, 6),
(124, 11),
(124, 3),
(124, 21),
(124, 1),
(124, 3),
(124, 21),
(124, 11),
(132, 9),
(132, 14),
(132, 8),
(137, 4),
(137, 7),
(146, 5),
(146, 8),
(146, 8),
(146, 8),
(146, 8),
(146, 8),
(146, 8),
(146, 17),
(150, 24),
(150, 24),
(150, 13),
(150, 17),
(152, 2),
(152, 3),
(152, 2),
(152, 2),
(152, 11),
(152, 3),
(152, 1),
(156, 7),
(156, 8),
(156, 8),
(156, 8),
(157, 4),
(157, 13),
(163, 3),
(163, 3),
(163, 3),
(163, 10),
(163, 8),
(163, 5),
(163, 8),
(167, 11),
(167, 3),
(167, 15),
(167, 17),
(167, 3),
(167, 8),
(167, 5),
(169, 3),
(169, 5),
(169, 14),
(169, 13),
(169, 8),
(169, 6),
(169, 8),
(169, 8),
(170, 1),
(170, 9),
(170, 25),
(170, 25),
(170, 3),
(170, 25),
(170, 1),
(173, 8),
(173, 7),
(174, 6),
(174, 8),
(174, 8),
(174, 8),
(176, 3),
(176, 1),
(176, 5),
(176, 1),
(176, 5),
(178, 12),
(178, 8),
(178, 8),
(178, 8),
(179, 25),
(179, 25),
(179, 25),
(179, 3),
(187, 8),
(188, 21),
(188, 8),
(188, 15),
(188, 8),
(188, 8),
(188, 17),
(189, 3),
(189, 6),
(189, 8),
(189, 8),
(189, 8),
(189, 4),
(194, 4),
(194, 8),
(194, 6),
(198, 3),
(198, 9),
(198, 3),
(198, 4),
(198, 7),
(198, 26),
(198, 26),
(198, 1),
(198, 6),
(199, 27),
(199, 27),
(199, 2),
(199, 3),
(199, 3),
(199, 3),
(199, 27),
(203, 1),
(203, 3),
(203, 2),
(203, 1),
(203, 11),
(203, 5),
(203, 3),
(206, 8),
(206, 8),
(209, 3),
(209, 4),
(209, 11),
(209, 8),
(209, 8),
(209, 17),
(209, 8),
(209, 8),
(214, 1),
(214, 5),
(214, 2),
(214, 2),
(214, 5),
(214, 10),
(214, 5),
(214, 11),
(221, 4),
(221, 13),
(221, 13),
(221, 6),
(221, 8),
(221, 8),
(221, 8),
(221, 13),
(223, 4),
(223, 4),
(225, 15),
(225, 14),
(225, 8),
(225, 8),
(225, 5),
(225, 19),
(225, 8),
(225, 8),
(227, 6),
(227, 4),
(227, 7),
(227, 8),
(227, 14),
(227, 6),
(227, 8),
(227, 8);             
INSERT INTO PUBLIC.GAME_PURCHASE_WEBSITE(GAME_ID, PURCHASE_WEBSITE_ID) VALUES
(228, 9),
(228, 10),
(228, 8),
(229, 8),
(232, 5),
(232, 10),
(233, 6),
(233, 6),
(233, 8),
(238, 5),
(238, 3),
(238, 8),
(244, 1),
(244, 2),
(244, 3),
(244, 1),
(244, 11),
(244, 28),
(244, 28),
(245, 7),
(245, 8),
(245, 6),
(245, 8),
(245, 7),
(245, 6),
(245, 18),
(245, 16),
(247, 13),
(247, 4),
(247, 15),
(247, 16),
(247, 17),
(247, 8),
(247, 8),
(256, 7),
(256, 8),
(256, 8),
(256, 8),
(257, 21),
(257, 15),
(257, 7),
(257, 4),
(257, 8),
(257, 8),
(258, 2),
(258, 1),
(258, 3),
(258, 5),
(258, 3),
(258, 5),
(262, 4),
(262, 15),
(262, 8),
(264, 6),
(264, 14),
(264, 6),
(264, 6),
(265, 9),
(265, 9),
(265, 9),
(265, 3),
(265, 5),
(265, 3),
(265, 1),
(266, 9),
(266, 3),
(266, 2),
(266, 8),
(266, 14),
(266, 8),
(266, 8),
(266, 29),
(266, 29),
(267, 5),
(267, 8),
(268, 4),
(268, 6),
(269, 4),
(269, 4),
(269, 8),
(269, 7),
(272, 15),
(272, 5),
(272, 8),
(272, 14),
(272, 8),
(272, 8),
(272, 4),
(273, 4),
(273, 17),
(275, 4),
(275, 8),
(275, 8),
(275, 8),
(275, 8),
(275, 7),
(275, 8),
(281, 5),
(281, 4),
(281, 8),
(281, 8),
(282, 5),
(282, 14),
(285, 3),
(285, 3),
(285, 4),
(286, 4),
(286, 6),
(286, 13),
(286, 8),
(286, 7),
(286, 8),
(286, 8),
(288, 8),
(288, 8),
(288, 17),
(288, 6),
(288, 15),
(288, 8),
(288, 12),
(288, 12),
(293, 8),
(293, 8),
(293, 8),
(293, 8),
(293, 8),
(293, 8),
(295, 3),
(295, 6),
(299, 5),
(299, 4),
(299, 6),
(299, 17),
(299, 8),
(299, 8),
(299, 8),
(299, 7),
(302, 2),
(302, 2),
(302, 10),
(302, 4),
(302, 5),
(302, 15),
(302, 5),
(302, 14),
(308, 30),
(308, 30),
(308, 30),
(308, 30),
(308, 31),
(308, 31),
(308, 32),
(308, 32),
(308, 33),
(308, 33),
(308, 8),
(308, 8),
(317, 21),
(317, 21),
(317, 4),
(318, 1),
(318, 14),
(318, 4),
(318, 8),
(318, 5),
(318, 8),
(318, 12),
(322, 8),
(322, 8),
(322, 7),
(322, 17),
(323, 11),
(323, 6),
(323, 8),
(323, 7),
(323, 8),
(323, 5),
(323, 8),
(325, 4),
(325, 13),
(325, 7),
(325, 8),
(326, 8),
(326, 14),
(326, 21),
(326, 1),
(326, 10),
(326, 10),
(326, 21),
(326, 3),
(328, 34),
(328, 34),
(328, 34),
(328, 34),
(328, 35),
(328, 35),
(328, 35),
(329, 1),
(329, 3),
(329, 5),
(329, 5),
(329, 4),
(329, 8),
(329, 17),
(329, 8),
(332, 13),
(332, 13),
(332, 13),
(332, 6),
(332, 8),
(332, 4),
(332, 7),
(332, 7),
(333, 8),
(333, 15),
(335, 36),
(335, 36),
(335, 11),
(335, 14),
(335, 12),
(335, 8),
(335, 8),
(335, 8),
(338, 5),
(338, 6),
(341, 4),
(341, 4),
(341, 13),
(341, 6),
(343, 9),
(343, 2),
(343, 1),
(343, 37),
(343, 37),
(343, 10),
(343, 11),
(343, 6),
(347, 9),
(347, 3),
(347, 11),
(347, 11),
(347, 3),
(347, 5),
(347, 8),
(351, 5),
(351, 1),
(351, 1),
(351, 8),
(352, 26),
(352, 14),
(353, 4),
(353, 13),
(353, 6),
(353, 8),
(355, 11),
(355, 5),
(355, 5),
(355, 5),
(355, 3),
(355, 14),
(355, 17),
(355, 13),
(356, 4),
(356, 15),
(356, 8),
(356, 8),
(356, 8),
(356, 8),
(356, 8),
(356, 6),
(363, 4),
(363, 14),
(363, 17),
(364, 8),
(364, 17),
(364, 7),
(364, 8),
(364, 8),
(364, 8),
(367, 3),
(367, 1),
(367, 11),
(367, 5),
(367, 17),
(367, 6),
(367, 5),
(370, 13),
(370, 5),
(370, 8),
(370, 8),
(371, 8),
(371, 36),
(371, 8),
(371, 8),
(375, 4),
(375, 15),
(375, 6),
(375, 7),
(375, 8),
(375, 8),
(378, 15),
(378, 13),
(378, 6),
(378, 8),
(378, 8),
(378, 17),
(378, 8),
(378, 7),
(382, 5),
(382, 8),
(382, 4),
(387, 3),
(387, 1),
(387, 3),
(387, 1),
(387, 1),
(387, 21),
(387, 8),
(388, 4),
(388, 13),
(388, 8),
(388, 8),
(389, 4),
(389, 8),
(394, 8),
(394, 17),
(405, 1),
(405, 3),
(405, 1),
(405, 3),
(405, 3),
(405, 5),
(410, 14),
(410, 13),
(411, 8),
(411, 26),
(415, 2),
(415, 1),
(415, 1),
(415, 3),
(415, 11),
(415, 4),
(418, 5),
(418, 8),
(418, 8),
(418, 5),
(418, 3),
(418, 8),
(422, 1),
(422, 4),
(434, 8),
(434, 8),
(434, 8),
(434, 8),
(434, 8),
(434, 8),
(434, 8),
(434, 8),
(435, 4),
(435, 17),
(435, 14),
(435, 17),
(435, 8),
(435, 8),
(444, 9),
(444, 9),
(444, 9),
(447, 4),
(447, 4),
(447, 6),
(447, 6),
(447, 8),
(447, 8),
(447, 6),
(447, 13),
(449, 5),
(449, 38),
(449, 38),
(451, 4),
(451, 4),
(460, 1),
(460, 5),
(462, 39),
(462, 39),
(462, 6),
(462, 21),
(462, 6),
(462, 8),
(462, 8),
(462, 8),
(463, 4);            
INSERT INTO PUBLIC.GAME_PURCHASE_WEBSITE(GAME_ID, PURCHASE_WEBSITE_ID) VALUES
(463, 5),
(464, 4),
(464, 7),
(471, 8),
(471, 7),
(471, 6),
(477, 11),
(477, 5),
(481, 3),
(481, 5),
(481, 3),
(481, 14),
(483, 8),
(483, 8),
(483, 3),
(483, 3),
(483, 8),
(483, 5),
(488, 11),
(488, 5),
(488, 8),
(488, 19),
(490, 21),
(490, 3),
(490, 21),
(490, 8),
(490, 8),
(490, 8),
(490, 10),
(490, 7),
(496, 1),
(496, 3),
(496, 2),
(496, 3),
(496, 1),
(496, 10),
(496, 1),
(496, 10);             
CREATE CACHED TABLE PUBLIC.GAME_SCORE_WEBSITE(
    GAME_ID INTEGER NOT NULL SELECTIVITY 9,
    SCORE_WEBSITE_ID INTEGER NOT NULL SELECTIVITY 9
);              
-- 2178 +/- SELECT COUNT(*) FROM PUBLIC.GAME_SCORE_WEBSITE;    
INSERT INTO PUBLIC.GAME_SCORE_WEBSITE(GAME_ID, SCORE_WEBSITE_ID) VALUES
(1, 1),
(1, 2),
(1, 3),
(1, 4),
(1, 5),
(1, 6),
(1, 7),
(1, 8),
(1, 9),
(1, 10),
(1, 11),
(3, 12),
(3, 13),
(3, 2),
(3, 14),
(3, 15),
(3, 7),
(3, 16),
(3, 9),
(3, 12),
(3, 13),
(3, 14),
(3, 7),
(3, 17),
(3, 9),
(3, 18),
(4, 12),
(4, 1),
(4, 3),
(4, 14),
(4, 4),
(4, 19),
(4, 15),
(4, 5),
(4, 7),
(4, 9),
(6, 12),
(6, 13),
(6, 2),
(6, 14),
(6, 4),
(6, 15),
(6, 5),
(6, 6),
(6, 7),
(6, 17),
(6, 16),
(6, 20),
(6, 9),
(6, 21),
(6, 22),
(7, 12),
(7, 2),
(7, 4),
(7, 15),
(7, 5),
(7, 7),
(7, 17),
(7, 16),
(7, 8),
(7, 9),
(7, 21),
(7, 23),
(8, 2),
(8, 14),
(8, 15),
(8, 7),
(8, 16),
(8, 9),
(8, 24),
(8, 22),
(8, 25),
(8, 15),
(8, 7),
(8, 9),
(8, 26),
(8, 18),
(13, 2),
(13, 5),
(13, 6),
(13, 7),
(13, 9),
(13, 27),
(13, 10),
(13, 28),
(13, 29),
(15, 2),
(15, 3),
(15, 4),
(15, 15),
(15, 7),
(15, 17),
(15, 9),
(15, 10),
(16, 12),
(16, 1),
(16, 2),
(16, 14),
(16, 15),
(16, 5),
(16, 6),
(16, 7),
(16, 17),
(16, 9),
(16, 15),
(16, 7),
(16, 17),
(16, 9),
(16, 26),
(16, 23),
(16, 30),
(16, 14),
(16, 7),
(16, 9),
(16, 31),
(17, 2),
(17, 14),
(17, 15),
(17, 7),
(17, 17),
(17, 9),
(19, 1),
(19, 2),
(19, 14),
(19, 5),
(19, 7),
(19, 17),
(19, 16),
(19, 9),
(19, 32),
(19, 26),
(19, 18),
(19, 33),
(19, 34),
(21, 12),
(21, 1),
(21, 2),
(21, 3),
(21, 14),
(21, 15),
(21, 7),
(21, 8),
(21, 9),
(21, 35),
(21, 36),
(21, 37),
(23, 12),
(23, 13),
(23, 2),
(23, 14),
(23, 4),
(23, 38),
(23, 15),
(23, 5),
(23, 7),
(23, 17),
(23, 16),
(23, 8),
(23, 9),
(23, 39),
(23, 40),
(23, 41),
(23, 42),
(23, 43),
(23, 44),
(27, 12),
(27, 3),
(27, 14),
(27, 15),
(27, 5),
(27, 7),
(27, 9),
(27, 24),
(27, 40),
(27, 35),
(27, 23),
(28, 1),
(28, 13),
(28, 2),
(28, 3),
(28, 4),
(28, 15),
(28, 5),
(28, 6),
(28, 45),
(28, 7),
(28, 9),
(28, 39),
(28, 46),
(29, 12),
(29, 2),
(29, 14),
(29, 4),
(29, 15),
(29, 5),
(29, 6),
(29, 7),
(29, 17),
(29, 8),
(29, 9),
(29, 29),
(29, 11),
(31, 1),
(31, 4),
(31, 15),
(31, 7),
(31, 8),
(34, 1),
(34, 4),
(34, 15),
(34, 7),
(34, 9),
(34, 10),
(37, 1),
(37, 13),
(37, 2),
(37, 3),
(37, 4),
(37, 15),
(37, 5),
(37, 6),
(37, 45),
(37, 7),
(37, 17),
(37, 16),
(37, 20),
(37, 9),
(37, 39),
(37, 40),
(37, 47),
(37, 48),
(37, 49),
(37, 50),
(37, 51),
(37, 52),
(37, 53),
(37, 54),
(37, 28),
(39, 1),
(39, 55),
(39, 14),
(39, 5),
(39, 7),
(39, 17),
(39, 20),
(39, 9),
(39, 37),
(39, 56),
(39, 57),
(39, 11),
(41, 1),
(41, 2),
(41, 14),
(41, 15),
(41, 6),
(41, 7),
(41, 17),
(41, 9),
(41, 14),
(41, 7),
(41, 17),
(41, 9),
(41, 30),
(41, 9),
(41, 58),
(41, 59),
(41, 31),
(41, 60),
(41, 61),
(44, 12),
(44, 2),
(44, 14),
(44, 15),
(44, 5),
(44, 7),
(44, 17),
(44, 8),
(44, 9),
(45, 1),
(45, 2),
(45, 3),
(45, 14),
(45, 4),
(45, 15),
(45, 5),
(45, 6),
(45, 7),
(45, 17),
(45, 20),
(45, 9),
(45, 39),
(45, 33),
(45, 53),
(46, 2),
(46, 3),
(46, 15),
(46, 7),
(46, 17),
(46, 9),
(47, 1),
(47, 3),
(47, 4),
(47, 5),
(47, 7),
(47, 9),
(47, 10),
(48, 2),
(48, 3),
(48, 4),
(48, 15),
(48, 45),
(48, 7),
(48, 20),
(48, 9),
(48, 27),
(48, 10),
(48, 62),
(49, 13),
(49, 2),
(49, 14),
(49, 15),
(49, 7),
(49, 9),
(49, 24),
(49, 40),
(49, 63),
(53, 15),
(53, 7),
(53, 9),
(53, 63),
(53, 18),
(54, 12),
(54, 2),
(54, 14),
(54, 4),
(54, 38),
(54, 15),
(54, 7),
(54, 9),
(54, 26),
(57, 30),
(57, 3),
(57, 14),
(57, 4),
(57, 15),
(57, 6),
(57, 7),
(57, 64),
(57, 65),
(57, 9),
(57, 66),
(57, 26),
(57, 63),
(57, 58),
(57, 67),
(57, 68),
(57, 69),
(57, 70),
(57, 71),
(57, 72),
(60, 2),
(60, 3),
(60, 14),
(60, 15),
(60, 7),
(60, 16),
(60, 9),
(60, 24),
(60, 40),
(60, 35),
(60, 36),
(60, 18),
(61, 4),
(61, 15),
(61, 5),
(61, 7),
(61, 9),
(62, 12),
(62, 1),
(62, 13),
(62, 30),
(62, 4),
(62, 38),
(62, 15),
(62, 5),
(62, 7),
(62, 17),
(62, 16),
(62, 8),
(62, 9),
(62, 24),
(62, 35),
(62, 66),
(62, 36),
(62, 26),
(62, 73),
(62, 23),
(62, 25),
(62, 71),
(62, 69),
(63, 12),
(63, 14),
(63, 7),
(63, 9),
(65, 14),
(65, 15),
(65, 5),
(65, 7),
(65, 17),
(65, 8),
(65, 9),
(65, 35),
(65, 23),
(70, 12),
(70, 1),
(70, 13),
(70, 3),
(70, 14),
(70, 4),
(70, 15),
(70, 7),
(70, 16),
(70, 8),
(70, 65),
(70, 9),
(70, 24),
(70, 10),
(70, 74),
(70, 21),
(70, 75);         
INSERT INTO PUBLIC.GAME_SCORE_WEBSITE(GAME_ID, SCORE_WEBSITE_ID) VALUES
(70, 22),
(70, 18),
(70, 23),
(70, 58),
(70, 43),
(70, 76),
(70, 31),
(70, 69),
(71, 3),
(71, 4),
(71, 5),
(71, 6),
(71, 7),
(71, 9),
(71, 39),
(71, 62),
(71, 54),
(77, 12),
(77, 4),
(77, 7),
(77, 17),
(77, 9),
(77, 35),
(77, 26),
(82, 12),
(82, 2),
(82, 14),
(82, 4),
(82, 15),
(82, 7),
(82, 8),
(82, 9),
(82, 35),
(82, 23),
(85, 12),
(85, 14),
(85, 15),
(85, 7),
(85, 8),
(85, 9),
(85, 22),
(85, 23),
(87, 14),
(87, 4),
(87, 7),
(87, 16),
(87, 9),
(88, 1),
(88, 2),
(88, 3),
(88, 7),
(88, 9),
(88, 47),
(88, 77),
(89, 78),
(89, 1),
(89, 2),
(89, 6),
(89, 7),
(89, 9),
(89, 26),
(89, 37),
(89, 14),
(89, 6),
(89, 7),
(89, 9),
(89, 26),
(93, 2),
(93, 15),
(93, 5),
(93, 7),
(93, 17),
(93, 8),
(93, 9),
(93, 47),
(93, 23),
(93, 14),
(93, 5),
(93, 7),
(93, 17),
(93, 9),
(93, 14),
(93, 7),
(93, 9),
(95, 13),
(95, 2),
(95, 14),
(95, 4),
(95, 15),
(95, 5),
(95, 45),
(95, 7),
(95, 8),
(96, 1),
(96, 3),
(98, 13),
(98, 14),
(98, 15),
(98, 5),
(98, 7),
(98, 17),
(98, 9),
(99, 12),
(99, 13),
(99, 14),
(99, 6),
(99, 7),
(99, 17),
(99, 9),
(102, 1),
(102, 2),
(102, 3),
(102, 4),
(102, 15),
(102, 7),
(102, 9),
(103, 30),
(103, 2),
(103, 15),
(103, 6),
(103, 7),
(103, 16),
(103, 8),
(103, 9),
(103, 39),
(103, 40),
(103, 35),
(103, 26),
(103, 63),
(103, 18),
(103, 79),
(103, 80),
(103, 81),
(103, 71),
(105, 12),
(105, 2),
(105, 14),
(105, 4),
(105, 7),
(105, 8),
(105, 9),
(105, 10),
(105, 21),
(105, 77),
(106, 12),
(106, 14),
(106, 7),
(106, 17),
(106, 16),
(106, 9),
(107, 1),
(107, 2),
(107, 3),
(107, 14),
(107, 4),
(107, 5),
(107, 6),
(107, 7),
(107, 9),
(107, 39),
(109, 12),
(109, 13),
(109, 2),
(109, 14),
(109, 15),
(109, 5),
(109, 7),
(109, 17),
(109, 16),
(109, 65),
(109, 9),
(109, 74),
(109, 21),
(109, 23),
(110, 12),
(110, 14),
(110, 15),
(110, 7),
(110, 9),
(110, 73),
(113, 12),
(113, 55),
(113, 13),
(113, 14),
(113, 15),
(113, 5),
(113, 6),
(113, 7),
(113, 17),
(113, 16),
(113, 9),
(113, 26),
(113, 23),
(116, 12),
(116, 14),
(116, 15),
(116, 7),
(116, 9),
(117, 30),
(117, 2),
(117, 14),
(117, 4),
(117, 15),
(117, 7),
(117, 16),
(117, 9),
(117, 24),
(117, 74),
(117, 82),
(118, 13),
(118, 14),
(118, 15),
(118, 6),
(118, 7),
(118, 17),
(118, 16),
(118, 8),
(118, 65),
(118, 9),
(118, 24),
(118, 18),
(118, 23),
(118, 83),
(118, 84),
(119, 1),
(119, 2),
(119, 3),
(119, 14),
(119, 4),
(119, 19),
(119, 15),
(119, 5),
(119, 6),
(119, 7),
(119, 17),
(119, 9),
(119, 39),
(119, 53),
(119, 85),
(121, 12),
(121, 2),
(121, 14),
(121, 15),
(121, 7),
(121, 17),
(121, 9),
(121, 26),
(122, 12),
(122, 2),
(122, 4),
(122, 5),
(122, 7),
(122, 8),
(122, 20),
(122, 9),
(122, 23),
(122, 86),
(126, 14),
(126, 6),
(126, 7),
(126, 9),
(126, 87),
(126, 88),
(127, 55),
(127, 14),
(127, 5),
(127, 7),
(127, 17),
(127, 9),
(127, 89),
(127, 15),
(127, 7),
(127, 9),
(127, 26),
(128, 12),
(130, 12),
(130, 2),
(130, 3),
(130, 14),
(130, 4),
(130, 15),
(130, 7),
(130, 17),
(130, 9),
(130, 35),
(130, 26),
(131, 12),
(131, 13),
(131, 2),
(131, 14),
(131, 15),
(131, 5),
(131, 6),
(131, 7),
(131, 17),
(131, 8),
(131, 65),
(131, 9),
(131, 35),
(131, 23),
(131, 90),
(131, 71),
(135, 12),
(135, 2),
(135, 14),
(135, 38),
(135, 15),
(135, 7),
(135, 8),
(135, 9),
(135, 66),
(135, 26),
(137, 2),
(137, 3),
(137, 4),
(137, 15),
(137, 7),
(137, 9),
(137, 91),
(138, 12),
(138, 30),
(138, 2),
(138, 3),
(138, 14),
(138, 4),
(138, 15),
(138, 7),
(138, 16),
(138, 8),
(138, 9),
(138, 24),
(138, 10),
(138, 21),
(138, 18),
(139, 3),
(139, 14),
(139, 4),
(139, 15),
(139, 5),
(139, 7),
(139, 17),
(139, 9),
(139, 10),
(140, 2),
(140, 14),
(140, 38),
(140, 15),
(140, 7),
(140, 17),
(140, 9),
(141, 3),
(141, 14),
(141, 4),
(141, 5),
(141, 7),
(141, 17),
(141, 9),
(141, 22),
(143, 1),
(143, 3),
(143, 4),
(143, 19),
(143, 15),
(143, 5),
(143, 7),
(143, 17),
(143, 9),
(143, 33),
(144, 12),
(144, 1),
(144, 13),
(144, 2),
(144, 3),
(144, 14),
(144, 15),
(144, 5),
(144, 6),
(144, 7),
(144, 9),
(144, 39),
(144, 66),
(149, 3),
(149, 14),
(149, 4),
(149, 7),
(149, 9),
(149, 92),
(150, 2),
(150, 7),
(150, 9),
(152, 30),
(152, 3),
(152, 15);             
INSERT INTO PUBLIC.GAME_SCORE_WEBSITE(GAME_ID, SCORE_WEBSITE_ID) VALUES
(152, 6),
(152, 7),
(152, 16),
(152, 64),
(152, 65),
(152, 9),
(152, 63),
(152, 18),
(152, 25),
(153, 12),
(153, 2),
(153, 14),
(153, 15),
(153, 5),
(153, 45),
(153, 7),
(153, 17),
(153, 9),
(153, 36),
(153, 37),
(163, 12),
(163, 14),
(163, 15),
(163, 7),
(163, 8),
(163, 9),
(163, 40),
(163, 23),
(169, 12),
(169, 13),
(169, 30),
(169, 2),
(169, 3),
(169, 14),
(169, 4),
(169, 15),
(169, 5),
(169, 6),
(169, 45),
(169, 7),
(169, 16),
(169, 64),
(169, 8),
(169, 9),
(172, 30),
(172, 2),
(172, 3),
(172, 15),
(172, 6),
(172, 7),
(172, 16),
(172, 9),
(172, 63),
(172, 80),
(172, 69),
(172, 71),
(173, 1),
(173, 14),
(173, 4),
(173, 15),
(173, 7),
(173, 9),
(174, 5),
(174, 7),
(174, 9),
(174, 26),
(177, 1),
(177, 5),
(177, 6),
(177, 7),
(177, 9),
(177, 27),
(177, 10),
(179, 12),
(179, 15),
(179, 7),
(179, 9),
(179, 10),
(179, 35),
(179, 23),
(179, 86),
(180, 12),
(180, 14),
(180, 7),
(180, 17),
(180, 9),
(180, 73),
(182, 12),
(182, 13),
(182, 2),
(182, 14),
(182, 4),
(182, 15),
(182, 5),
(182, 7),
(182, 8),
(182, 65),
(182, 9),
(182, 22),
(182, 18),
(182, 23),
(182, 93),
(184, 1),
(184, 13),
(184, 2),
(184, 14),
(184, 7),
(184, 9),
(184, 10),
(184, 74),
(185, 2),
(185, 3),
(185, 4),
(185, 7),
(185, 9),
(185, 39),
(185, 94),
(186, 12),
(186, 14),
(186, 7),
(186, 17),
(186, 16),
(186, 9),
(186, 26),
(186, 95),
(187, 1),
(187, 13),
(187, 2),
(187, 5),
(187, 6),
(187, 7),
(187, 9),
(187, 26),
(187, 37),
(187, 89),
(189, 12),
(189, 2),
(189, 3),
(189, 14),
(189, 4),
(189, 15),
(189, 7),
(189, 8),
(189, 9),
(189, 40),
(192, 1),
(192, 4),
(192, 15),
(192, 9),
(193, 12),
(193, 15),
(194, 2),
(194, 14),
(194, 4),
(194, 7),
(194, 9),
(194, 21),
(195, 30),
(195, 15),
(195, 7),
(195, 65),
(195, 9),
(195, 26),
(195, 96),
(197, 14),
(197, 15),
(197, 6),
(197, 7),
(197, 17),
(197, 9),
(198, 13),
(198, 30),
(198, 2),
(198, 14),
(198, 38),
(198, 15),
(198, 5),
(198, 7),
(198, 17),
(198, 16),
(198, 8),
(198, 9),
(198, 35),
(198, 73),
(199, 12),
(199, 13),
(199, 2),
(199, 14),
(199, 15),
(199, 7),
(199, 65),
(199, 9),
(199, 23),
(199, 71),
(199, 86),
(200, 12),
(200, 1),
(200, 13),
(200, 2),
(200, 3),
(200, 14),
(200, 4),
(200, 15),
(204, 55),
(204, 5),
(204, 7),
(204, 9),
(204, 32),
(204, 36),
(204, 26),
(204, 37),
(204, 97),
(204, 54),
(205, 12),
(205, 30),
(205, 3),
(205, 14),
(205, 4),
(205, 15),
(205, 7),
(205, 8),
(205, 9),
(205, 63),
(206, 1),
(206, 13),
(206, 2),
(206, 14),
(206, 5),
(206, 6),
(206, 7),
(206, 17),
(206, 9),
(206, 37),
(207, 2),
(207, 14),
(207, 4),
(207, 15),
(207, 5),
(207, 6),
(207, 7),
(207, 17),
(207, 9),
(210, 1),
(210, 55),
(210, 13),
(210, 2),
(210, 14),
(210, 15),
(210, 5),
(210, 6),
(210, 7),
(210, 17),
(210, 9),
(210, 36),
(210, 26),
(210, 89),
(210, 28),
(210, 37),
(210, 98),
(210, 99),
(210, 100),
(210, 101),
(210, 32),
(210, 19),
(210, 102),
(211, 5),
(211, 6),
(211, 9),
(211, 103),
(211, 56),
(212, 1),
(212, 7),
(212, 9),
(216, 12),
(216, 1),
(216, 55),
(216, 13),
(216, 2),
(216, 3),
(216, 4),
(216, 19),
(216, 15),
(216, 5),
(216, 7),
(216, 9),
(216, 39),
(216, 26),
(216, 47),
(216, 89),
(216, 11),
(220, 2),
(220, 14),
(220, 4),
(220, 15),
(220, 5),
(220, 7),
(220, 16),
(220, 64),
(220, 8),
(220, 9),
(220, 24),
(220, 77),
(220, 21),
(220, 75),
(220, 58),
(220, 11),
(220, 104),
(221, 1),
(221, 5),
(221, 6),
(221, 7),
(221, 9),
(221, 27),
(221, 57),
(223, 12),
(223, 13),
(223, 14),
(225, 14),
(225, 15),
(225, 9),
(226, 12),
(226, 14),
(226, 8),
(226, 9),
(226, 24),
(226, 92),
(226, 10),
(227, 14),
(227, 4),
(227, 15),
(227, 5),
(227, 7),
(227, 17),
(227, 9),
(227, 23),
(230, 3),
(230, 14),
(230, 15),
(230, 5),
(230, 7),
(230, 17),
(230, 16),
(230, 20),
(230, 9),
(230, 10),
(230, 74),
(230, 22),
(230, 23),
(231, 12),
(231, 1),
(231, 2),
(231, 3),
(231, 14),
(231, 4),
(231, 19),
(231, 5),
(231, 7),
(231, 9),
(232, 2),
(232, 7),
(232, 16),
(232, 8),
(232, 65),
(232, 9),
(232, 63),
(238, 13),
(238, 2),
(238, 14),
(238, 4),
(238, 15),
(238, 6),
(238, 45),
(238, 7),
(238, 64),
(238, 9),
(238, 24),
(238, 40),
(238, 41),
(238, 22),
(238, 63),
(238, 18);             
INSERT INTO PUBLIC.GAME_SCORE_WEBSITE(GAME_ID, SCORE_WEBSITE_ID) VALUES
(238, 58),
(238, 105),
(238, 25),
(239, 13),
(239, 14),
(239, 38),
(239, 15),
(239, 7),
(239, 65),
(239, 9),
(239, 25),
(239, 106),
(239, 71),
(239, 107),
(241, 6),
(241, 7),
(241, 17),
(241, 9),
(242, 6),
(242, 7),
(242, 26),
(242, 37),
(243, 13),
(243, 2),
(243, 14),
(243, 4),
(243, 64),
(243, 9),
(243, 24),
(243, 40),
(243, 108),
(243, 109),
(245, 12),
(245, 14),
(245, 38),
(245, 7),
(245, 17),
(245, 8),
(245, 20),
(245, 9),
(245, 37),
(245, 18),
(247, 12),
(247, 2),
(247, 14),
(247, 15),
(247, 5),
(247, 17),
(247, 16),
(247, 9),
(247, 21),
(247, 77),
(251, 55),
(251, 7),
(251, 9),
(251, 32),
(251, 26),
(251, 89),
(251, 28),
(252, 1),
(252, 30),
(252, 2),
(252, 14),
(252, 4),
(252, 15),
(252, 6),
(252, 7),
(252, 16),
(252, 8),
(252, 9),
(252, 24),
(252, 92),
(252, 74),
(252, 63),
(252, 76),
(256, 1),
(256, 2),
(256, 3),
(256, 4),
(256, 15),
(256, 5),
(256, 7),
(256, 17),
(256, 20),
(256, 9),
(256, 39),
(262, 15),
(262, 7),
(262, 17),
(262, 9),
(262, 39),
(264, 12),
(264, 1),
(264, 14),
(264, 7),
(264, 8),
(264, 9),
(264, 21),
(265, 30),
(265, 6),
(265, 7),
(265, 16),
(265, 9),
(265, 63),
(266, 12),
(266, 13),
(266, 2),
(266, 15),
(266, 5),
(266, 7),
(266, 17),
(266, 16),
(266, 8),
(266, 9),
(266, 73),
(267, 2),
(267, 15),
(267, 5),
(267, 7),
(267, 17),
(267, 8),
(267, 9),
(267, 47),
(267, 23),
(267, 14),
(267, 5),
(267, 7),
(267, 17),
(267, 9),
(267, 14),
(267, 7),
(267, 9),
(268, 1),
(268, 2),
(268, 3),
(268, 14),
(268, 15),
(268, 5),
(268, 6),
(268, 7),
(268, 17),
(268, 20),
(268, 9),
(268, 39),
(268, 33),
(268, 110),
(269, 1),
(269, 6),
(269, 7),
(269, 9),
(273, 12),
(273, 2),
(273, 3),
(273, 14),
(273, 4),
(273, 15),
(273, 7),
(273, 8),
(273, 9),
(274, 14),
(274, 9),
(274, 35),
(274, 36),
(274, 37),
(276, 2),
(276, 15),
(276, 6),
(276, 7),
(276, 65),
(276, 9),
(276, 36),
(276, 22),
(276, 63),
(276, 18),
(282, 12),
(282, 14),
(282, 38),
(282, 5),
(282, 7),
(282, 8),
(282, 9),
(282, 111),
(282, 112),
(284, 12),
(284, 14),
(284, 7),
(284, 17),
(284, 9),
(286, 1),
(286, 2),
(286, 14),
(286, 19),
(286, 7),
(286, 9),
(286, 92),
(286, 54),
(291, 78),
(291, 7),
(291, 17),
(291, 9),
(291, 26),
(293, 1),
(293, 6),
(293, 7),
(293, 9),
(293, 26),
(293, 37),
(295, 12),
(295, 13),
(295, 2),
(295, 14),
(295, 4),
(295, 15),
(295, 5),
(295, 7),
(295, 16),
(295, 8),
(295, 9),
(295, 35),
(295, 66),
(295, 23),
(295, 69),
(295, 71),
(298, 55),
(299, 12),
(299, 2),
(299, 14),
(299, 15),
(299, 5),
(299, 6),
(299, 7),
(299, 8),
(299, 9),
(299, 35),
(299, 23),
(301, 38),
(301, 7),
(301, 17),
(301, 9),
(309, 1),
(309, 14),
(309, 5),
(309, 6),
(309, 7),
(309, 17),
(309, 9),
(309, 26),
(309, 37),
(309, 113),
(309, 54),
(310, 13),
(310, 30),
(310, 14),
(310, 4),
(310, 15),
(310, 6),
(310, 7),
(310, 20),
(310, 65),
(310, 9),
(310, 24),
(310, 35),
(310, 69),
(310, 71),
(310, 90),
(311, 12),
(311, 2),
(311, 14),
(311, 15),
(311, 5),
(311, 45),
(311, 7),
(311, 17),
(311, 8),
(311, 20),
(311, 9),
(311, 22),
(311, 23),
(312, 1),
(312, 15),
(312, 5),
(312, 7),
(312, 17),
(312, 20),
(312, 26),
(312, 56),
(312, 57),
(314, 12),
(314, 1),
(314, 14),
(314, 4),
(314, 15),
(314, 7),
(314, 17),
(314, 9),
(314, 104),
(314, 11),
(317, 1),
(317, 55),
(317, 15),
(317, 7),
(317, 9),
(317, 40),
(318, 15),
(318, 6),
(318, 7),
(318, 17),
(318, 16),
(318, 65),
(318, 9),
(318, 18),
(319, 4),
(319, 38),
(319, 15),
(319, 5),
(319, 7),
(319, 9),
(319, 114),
(319, 115),
(321, 12),
(321, 2),
(321, 3),
(321, 14),
(321, 38),
(321, 15),
(321, 6),
(321, 7),
(321, 16),
(321, 65),
(321, 9),
(321, 35),
(321, 66),
(323, 15),
(323, 7),
(323, 16),
(323, 9),
(323, 92),
(323, 63),
(325, 3),
(325, 15),
(325, 5),
(325, 7),
(325, 17),
(325, 9),
(325, 10),
(325, 51),
(325, 11),
(326, 12),
(326, 13),
(326, 2),
(326, 14),
(326, 38),
(326, 15),
(326, 7),
(326, 16),
(326, 8),
(326, 65),
(326, 9),
(326, 40),
(326, 35),
(326, 66),
(329, 12),
(329, 13),
(329, 14),
(329, 5),
(329, 6),
(329, 7),
(329, 17),
(329, 64),
(329, 8),
(329, 20),
(329, 9),
(329, 74),
(329, 23),
(329, 116),
(329, 117),
(333, 1),
(333, 5),
(333, 6),
(333, 7);         
INSERT INTO PUBLIC.GAME_SCORE_WEBSITE(GAME_ID, SCORE_WEBSITE_ID) VALUES
(333, 9),
(333, 39),
(335, 2),
(335, 3),
(335, 14),
(336, 15),
(336, 7),
(336, 16),
(336, 9),
(337, 12),
(337, 14),
(337, 5),
(337, 6),
(337, 7),
(337, 17),
(337, 16),
(337, 20),
(337, 9),
(337, 26),
(338, 5),
(338, 7),
(338, 17),
(338, 9),
(341, 7),
(341, 9),
(341, 118),
(342, 12),
(342, 14),
(342, 4),
(342, 38),
(342, 15),
(342, 5),
(342, 16),
(342, 9),
(343, 2),
(343, 14),
(343, 38),
(343, 15),
(343, 7),
(343, 17),
(343, 16),
(343, 9),
(343, 36),
(343, 63),
(347, 1),
(347, 2),
(347, 14),
(348, 12),
(348, 14),
(348, 4),
(348, 8),
(348, 9),
(350, 3),
(350, 14),
(350, 15),
(350, 7),
(350, 9),
(350, 10),
(351, 9),
(351, 92),
(352, 14),
(353, 30),
(353, 14),
(353, 6),
(353, 7),
(353, 9),
(353, 18),
(355, 6),
(355, 7),
(355, 9),
(356, 12),
(356, 2),
(356, 4),
(356, 15),
(356, 5),
(356, 6),
(356, 7),
(356, 8),
(356, 9),
(356, 10),
(357, 14),
(357, 38),
(357, 15),
(357, 65),
(357, 9),
(357, 24),
(357, 35),
(357, 66),
(358, 14),
(358, 8),
(358, 9),
(360, 9),
(362, 12),
(362, 14),
(362, 15),
(362, 5),
(362, 7),
(362, 17),
(362, 20),
(362, 9),
(367, 3),
(367, 15),
(367, 7),
(367, 8),
(367, 9),
(367, 74),
(367, 63),
(367, 119),
(370, 12),
(370, 13),
(370, 15),
(370, 5),
(370, 6),
(370, 7),
(370, 17),
(370, 8),
(370, 20),
(370, 9),
(370, 74),
(370, 23),
(370, 120),
(375, 12),
(375, 14),
(375, 4),
(375, 15),
(375, 7),
(375, 9),
(375, 10),
(378, 1),
(378, 4),
(378, 15),
(378, 7),
(378, 17),
(378, 9),
(378, 39),
(379, 1),
(379, 3),
(379, 14),
(379, 15),
(379, 5),
(379, 6),
(379, 7),
(379, 17),
(379, 20),
(379, 9),
(379, 92),
(379, 10),
(379, 33),
(379, 110),
(380, 30),
(380, 15),
(380, 69),
(380, 121),
(381, 14),
(381, 7),
(381, 9),
(381, 63),
(381, 18),
(386, 1),
(386, 55),
(386, 13),
(386, 2),
(386, 14),
(386, 15),
(386, 5),
(386, 6),
(386, 7),
(386, 17),
(386, 9),
(386, 36),
(386, 26),
(386, 89),
(386, 28),
(386, 37),
(386, 98),
(386, 99),
(386, 100),
(386, 101),
(386, 32),
(386, 19),
(386, 102),
(388, 1),
(388, 3),
(388, 4),
(388, 5),
(388, 6),
(388, 7),
(388, 9),
(388, 92),
(388, 10),
(388, 122),
(389, 12),
(389, 14),
(389, 4),
(389, 15),
(389, 7),
(389, 9),
(390, 12),
(390, 14),
(390, 7),
(390, 17),
(390, 9),
(391, 12),
(391, 13),
(391, 14),
(391, 17),
(391, 9),
(391, 36),
(391, 123),
(395, 12),
(395, 2),
(395, 4),
(395, 5),
(395, 7),
(395, 8),
(395, 20),
(395, 9),
(395, 23),
(395, 86),
(396, 7),
(396, 9),
(397, 1),
(397, 13),
(397, 3),
(397, 9),
(401, 30),
(401, 15),
(401, 6),
(401, 7),
(401, 65),
(401, 9),
(402, 2),
(402, 3),
(402, 14),
(402, 4),
(402, 15),
(402, 7),
(402, 17),
(402, 65),
(402, 9),
(402, 35),
(402, 36),
(402, 73),
(402, 23),
(404, 12),
(404, 14),
(404, 15),
(404, 7),
(404, 8),
(404, 9),
(404, 35),
(404, 66),
(405, 30),
(405, 4),
(405, 15),
(405, 6),
(405, 7),
(405, 16),
(405, 9),
(405, 36),
(405, 63),
(405, 71),
(405, 69),
(407, 12),
(407, 13),
(407, 14),
(407, 5),
(407, 7),
(407, 17),
(407, 16),
(407, 9),
(407, 73),
(407, 23),
(413, 1),
(413, 13),
(413, 3),
(413, 4),
(413, 19),
(413, 15),
(413, 5),
(413, 45),
(413, 7),
(413, 9),
(414, 1),
(414, 13),
(414, 3),
(414, 4),
(414, 19),
(414, 15),
(414, 5),
(414, 6),
(414, 7),
(414, 9),
(414, 22),
(414, 124),
(416, 1),
(416, 2),
(416, 3),
(416, 14),
(416, 4),
(416, 5),
(416, 7),
(416, 9),
(416, 75),
(416, 23),
(418, 2),
(418, 14),
(418, 4),
(418, 75),
(418, 71),
(420, 2),
(421, 14),
(421, 9),
(422, 12),
(422, 1),
(422, 3),
(422, 5),
(422, 7),
(422, 9),
(422, 23),
(423, 3),
(423, 15),
(423, 5),
(429, 12),
(429, 30),
(429, 2),
(429, 14),
(429, 4),
(429, 15),
(429, 9),
(430, 13),
(430, 2),
(430, 14),
(430, 4),
(430, 15),
(430, 6),
(430, 45),
(430, 7),
(430, 64),
(430, 9),
(430, 24),
(430, 40),
(430, 41),
(430, 22),
(430, 63),
(430, 18),
(430, 58),
(430, 105),
(430, 25),
(435, 12),
(435, 14),
(435, 15),
(435, 7),
(435, 17),
(435, 9),
(436, 7),
(436, 9),
(444, 30),
(444, 3),
(444, 15),
(444, 6),
(444, 7),
(444, 16),
(444, 65),
(444, 9),
(444, 26),
(444, 63),
(444, 18),
(445, 14),
(445, 15),
(445, 7),
(445, 9),
(445, 36),
(445, 26),
(445, 125),
(445, 37),
(445, 23),
(445, 126),
(447, 45),
(447, 7),
(447, 9);       
INSERT INTO PUBLIC.GAME_SCORE_WEBSITE(GAME_ID, SCORE_WEBSITE_ID) VALUES
(447, 40),
(447, 127),
(448, 14),
(448, 4),
(448, 15),
(448, 7),
(448, 9),
(448, 21),
(448, 66),
(448, 36),
(449, 12),
(449, 1),
(449, 14),
(449, 4),
(449, 7),
(449, 17),
(449, 9),
(449, 23),
(451, 2),
(451, 5),
(451, 6),
(451, 7),
(451, 9),
(453, 1),
(453, 7),
(454, 12),
(454, 2),
(454, 14),
(454, 4),
(454, 15),
(454, 5),
(454, 45),
(454, 7),
(454, 17),
(454, 16),
(454, 8),
(454, 20),
(454, 65),
(454, 9),
(454, 24),
(454, 39),
(454, 35),
(454, 48),
(454, 23),
(454, 69),
(460, 12),
(460, 2),
(460, 3),
(460, 14),
(460, 38),
(460, 15),
(460, 7),
(460, 17),
(460, 64),
(460, 8),
(460, 9),
(460, 18),
(463, 12),
(463, 4),
(463, 15),
(463, 7),
(463, 17),
(463, 16),
(463, 8),
(463, 9),
(467, 5),
(467, 6),
(467, 7),
(467, 9),
(467, 32),
(467, 89),
(467, 128),
(467, 129),
(469, 78),
(469, 1),
(469, 55),
(469, 2),
(469, 7),
(469, 26),
(469, 37),
(470, 2),
(470, 14),
(470, 4),
(470, 75),
(470, 71),
(471, 12),
(471, 14),
(471, 15),
(471, 16),
(471, 8),
(471, 9),
(471, 40),
(471, 35),
(473, 12),
(473, 30),
(473, 2),
(473, 15),
(475, 1),
(475, 2),
(475, 3),
(475, 5),
(475, 7),
(475, 9),
(475, 39),
(475, 47),
(480, 3),
(480, 15),
(480, 5),
(480, 6),
(480, 7),
(480, 9),
(480, 10),
(480, 23),
(481, 2),
(481, 14),
(481, 4),
(481, 15),
(481, 5),
(481, 6),
(481, 7),
(481, 17),
(481, 20),
(481, 9),
(481, 39),
(481, 130),
(481, 53),
(482, 30),
(482, 2),
(482, 14),
(482, 15),
(482, 7),
(482, 16),
(482, 8),
(482, 65),
(482, 9),
(482, 24),
(482, 26),
(482, 63),
(482, 121),
(482, 72),
(483, 12),
(483, 14),
(483, 38),
(483, 15),
(483, 7),
(483, 17),
(483, 9),
(483, 75),
(484, 14),
(484, 15),
(484, 7),
(484, 9),
(484, 10),
(484, 49),
(485, 14),
(485, 7),
(485, 8),
(485, 9),
(485, 22),
(488, 12),
(488, 2),
(488, 3),
(488, 15),
(488, 5),
(488, 6),
(488, 7),
(488, 17),
(488, 8),
(488, 9),
(488, 40),
(488, 22),
(488, 47),
(488, 48),
(488, 23),
(490, 2),
(490, 3),
(491, 12),
(491, 1),
(491, 13),
(491, 14),
(491, 4),
(491, 15),
(491, 5),
(491, 6),
(491, 7),
(491, 17),
(491, 16),
(491, 8),
(491, 20),
(491, 9),
(491, 21),
(491, 23),
(492, 1),
(492, 14),
(492, 4),
(492, 7),
(492, 17),
(492, 9),
(493, 12),
(493, 2),
(493, 14),
(493, 4),
(493, 7),
(493, 8),
(493, 9),
(493, 23),
(496, 30),
(496, 15),
(496, 6),
(496, 7),
(496, 9),
(496, 26),
(496, 63);             
CREATE CACHED TABLE PUBLIC.GAME_SYSTEM(
    GAME_ID INTEGER NOT NULL,
    SYSTEM_ID INTEGER NOT NULL
);        
-- 1244 +/- SELECT COUNT(*) FROM PUBLIC.GAME_SYSTEM;           
INSERT INTO PUBLIC.GAME_SYSTEM(GAME_ID, SYSTEM_ID) VALUES
(1, 1),
(1, 2),
(1, 3),
(2, 4),
(2, 4),
(2, 5),
(2, 5),
(2, 6),
(2, 6),
(2, 7),
(2, 7),
(2, 8),
(2, 8),
(2, 9),
(2, 9),
(2, 1),
(2, 10),
(2, 10),
(2, 11),
(2, 11),
(3, 12),
(3, 12),
(3, 13),
(3, 13),
(3, 5),
(4, 14),
(4, 14),
(4, 7),
(4, 11),
(4, 15),
(4, 15),
(4, 16),
(4, 16),
(6, 17),
(6, 17),
(7, 17),
(8, 5),
(8, 12),
(8, 18),
(8, 18),
(8, 13),
(8, 19),
(8, 19),
(12, 20),
(12, 20),
(12, 4),
(12, 6),
(12, 2),
(12, 10),
(12, 9),
(12, 5),
(12, 1),
(12, 8),
(13, 1),
(15, 2),
(15, 17),
(16, 20),
(16, 5),
(16, 10),
(16, 8),
(16, 16),
(16, 11),
(16, 21),
(16, 21),
(17, 10),
(17, 5),
(17, 8),
(17, 13),
(17, 19),
(19, 5),
(19, 10),
(19, 13),
(19, 12),
(19, 8),
(19, 22),
(19, 22),
(19, 16),
(21, 5),
(21, 13),
(21, 19),
(21, 12),
(21, 18),
(21, 8),
(21, 11),
(23, 12),
(23, 18),
(24, 2),
(24, 20),
(24, 5),
(24, 17),
(24, 23),
(24, 23),
(24, 11),
(24, 12),
(24, 13),
(24, 16),
(24, 18),
(24, 19),
(25, 5),
(25, 12),
(25, 13),
(25, 8),
(25, 22),
(27, 12),
(27, 13),
(27, 5),
(27, 24),
(27, 24),
(27, 8),
(27, 18),
(27, 19),
(28, 14),
(28, 4),
(28, 20),
(29, 5),
(29, 13),
(29, 12),
(30, 17),
(30, 2),
(31, 25),
(31, 25),
(31, 12),
(31, 13),
(31, 18),
(31, 19),
(34, 2),
(37, 20),
(39, 5),
(39, 8),
(39, 22),
(40, 20),
(40, 5),
(40, 10),
(40, 13),
(40, 8),
(40, 12),
(40, 11),
(40, 16),
(40, 26),
(40, 26),
(40, 21),
(41, 20),
(41, 5),
(41, 10),
(41, 8),
(41, 11),
(41, 16),
(41, 21),
(44, 12),
(44, 13),
(45, 20),
(46, 10),
(46, 5),
(46, 19),
(47, 27),
(47, 27),
(47, 9),
(48, 1),
(48, 2),
(49, 12),
(51, 9),
(51, 5),
(51, 2),
(51, 4),
(51, 20),
(51, 10),
(53, 18),
(54, 5),
(54, 8),
(54, 22),
(54, 12),
(54, 13),
(57, 5),
(57, 12),
(57, 18),
(57, 13),
(57, 19),
(59, 17),
(59, 5),
(59, 8),
(59, 22),
(59, 11),
(59, 16),
(59, 28),
(59, 28),
(60, 5),
(60, 12),
(60, 13),
(60, 8),
(60, 22),
(60, 18),
(60, 19),
(61, 4),
(61, 11),
(61, 16),
(61, 5),
(62, 5),
(62, 12),
(62, 13),
(62, 8),
(63, 2),
(63, 10),
(63, 4),
(63, 20),
(63, 9),
(63, 29),
(63, 29),
(63, 8),
(63, 5),
(65, 5),
(65, 12),
(65, 13),
(65, 8),
(65, 17),
(65, 18),
(65, 19),
(65, 5),
(65, 18),
(65, 19),
(66, 4),
(66, 20),
(66, 5),
(66, 6),
(66, 1),
(66, 10),
(66, 30),
(66, 30),
(66, 9),
(70, 31),
(70, 31),
(71, 4),
(75, 9),
(75, 2),
(75, 5),
(75, 4),
(75, 20),
(75, 10),
(77, 5),
(77, 12),
(77, 13),
(78, 8),
(78, 4),
(78, 5),
(82, 13),
(82, 19),
(83, 10),
(85, 14),
(85, 12),
(85, 13),
(85, 5),
(85, 31),
(85, 11),
(85, 16),
(85, 18),
(86, 9),
(87, 7),
(87, 32),
(87, 32),
(87, 9),
(87, 5),
(87, 15),
(87, 33),
(87, 33),
(87, 11),
(87, 16),
(88, 4),
(88, 5),
(89, 5),
(89, 8),
(89, 22),
(89, 18),
(89, 33),
(89, 16),
(89, 11),
(90, 34),
(90, 34),
(90, 5),
(90, 20),
(90, 10),
(90, 2),
(90, 35),
(90, 35),
(90, 31),
(90, 12),
(91, 20),
(91, 10),
(93, 20),
(95, 12),
(96, 10),
(96, 20),
(96, 2),
(96, 34),
(98, 10),
(98, 5),
(98, 8),
(98, 36),
(98, 36),
(98, 37),
(98, 37),
(98, 38),
(98, 38),
(98, 16),
(99, 5),
(99, 8),
(101, 14),
(101, 20),
(102, 1),
(102, 3),
(103, 5),
(103, 18),
(103, 19),
(105, 17),
(106, 5),
(106, 8),
(107, 4),
(108, 10),
(108, 5),
(108, 9),
(108, 20),
(108, 2),
(108, 12),
(109, 35),
(109, 39),
(109, 39),
(109, 11),
(109, 16),
(109, 21),
(110, 15),
(110, 26),
(110, 40),
(110, 40),
(110, 41),
(110, 41),
(110, 42),
(110, 42),
(110, 11),
(110, 16),
(111, 14),
(111, 7),
(111, 9),
(111, 4),
(111, 43),
(111, 43),
(111, 20),
(111, 39),
(111, 44),
(111, 44),
(113, 5),
(113, 8),
(113, 22),
(116, 20),
(116, 12),
(116, 33),
(117, 24),
(118, 5),
(118, 8),
(119, 20),
(121, 5),
(121, 8),
(121, 22),
(121, 16),
(121, 11),
(121, 26),
(121, 13),
(121, 19),
(121, 12),
(121, 18),
(121, 33),
(121, 45),
(121, 45),
(121, 46),
(121, 46),
(121, 24),
(122, 20),
(122, 33),
(123, 2),
(123, 20),
(123, 10),
(123, 9),
(123, 47),
(123, 47),
(126, 5),
(126, 22),
(126, 8),
(126, 7),
(126, 20),
(126, 13),
(126, 11),
(127, 5),
(127, 8),
(128, 20),
(128, 12),
(128, 17),
(130, 5),
(130, 12),
(130, 13),
(130, 19),
(131, 13),
(132, 14),
(132, 2),
(132, 20),
(132, 10),
(132, 12),
(132, 13),
(135, 5),
(135, 12),
(135, 13),
(135, 24),
(137, 7),
(137, 2),
(138, 17),
(139, 9);         
INSERT INTO PUBLIC.GAME_SYSTEM(GAME_ID, SYSTEM_ID) VALUES
(140, 13),
(140, 12),
(140, 17),
(140, 35),
(141, 2),
(141, 20),
(142, 4),
(142, 5),
(142, 6),
(142, 7),
(142, 20),
(143, 7),
(144, 4),
(146, 14),
(146, 20),
(149, 1),
(149, 3),
(150, 4),
(150, 5),
(150, 44),
(150, 48),
(150, 48),
(150, 8),
(152, 18),
(153, 5),
(153, 8),
(155, 49),
(155, 49),
(156, 20),
(156, 5),
(157, 7),
(157, 20),
(157, 10),
(157, 2),
(161, 20),
(161, 10),
(161, 2),
(161, 9),
(161, 5),
(161, 12),
(163, 12),
(163, 18),
(165, 20),
(165, 2),
(165, 10),
(165, 9),
(166, 9),
(166, 10),
(166, 20),
(166, 25),
(167, 20),
(167, 13),
(169, 12),
(169, 18),
(172, 18),
(173, 2),
(173, 5),
(173, 24),
(174, 5),
(174, 8),
(174, 8),
(177, 1),
(177, 13),
(178, 5),
(179, 13),
(179, 12),
(179, 20),
(179, 17),
(180, 10),
(182, 12),
(182, 13),
(184, 9),
(185, 4),
(186, 5),
(186, 13),
(186, 12),
(186, 8),
(186, 22),
(187, 5),
(187, 8),
(187, 22),
(188, 34),
(188, 5),
(188, 20),
(188, 10),
(188, 2),
(188, 35),
(188, 31),
(188, 12),
(189, 20),
(189, 18),
(192, 27),
(192, 9),
(193, 20),
(193, 10),
(194, 2),
(195, 5),
(195, 8),
(195, 22),
(197, 5),
(197, 8),
(197, 11),
(198, 13),
(199, 12),
(199, 13),
(199, 5),
(199, 8),
(199, 18),
(199, 19),
(200, 2),
(203, 4),
(203, 1),
(203, 6),
(203, 7),
(203, 34),
(203, 10),
(204, 5),
(205, 31),
(206, 5),
(206, 8),
(206, 20),
(207, 20),
(210, 5),
(210, 8),
(210, 22),
(210, 20),
(210, 7),
(211, 5),
(211, 8),
(211, 22),
(212, 1),
(212, 3),
(213, 5),
(214, 31),
(214, 24),
(216, 4),
(216, 5),
(216, 11),
(216, 18),
(216, 16),
(218, 27),
(218, 4),
(218, 35),
(218, 50),
(218, 50),
(218, 11),
(218, 16),
(220, 17),
(220, 51),
(220, 51),
(221, 1),
(223, 4),
(223, 39),
(223, 18),
(225, 12),
(226, 12),
(226, 17),
(226, 13),
(226, 33),
(226, 5),
(226, 31),
(226, 8),
(227, 2),
(227, 17),
(228, 5),
(228, 18),
(228, 19),
(230, 9),
(231, 27),
(232, 5),
(232, 12),
(232, 18),
(232, 33),
(232, 24),
(232, 13),
(232, 19),
(233, 10),
(233, 20),
(233, 2),
(233, 5),
(233, 8),
(234, 30),
(234, 20),
(234, 4),
(234, 10),
(234, 35),
(234, 5),
(234, 9),
(234, 29),
(238, 12),
(238, 13),
(238, 5),
(238, 18),
(238, 19),
(239, 5),
(239, 12),
(239, 18),
(239, 13),
(239, 19),
(241, 5),
(241, 8),
(241, 22),
(242, 5),
(242, 8),
(243, 12),
(243, 12),
(245, 5),
(245, 8),
(247, 17),
(248, 5),
(248, 8),
(248, 4),
(248, 20),
(248, 10),
(248, 2),
(248, 9),
(248, 10),
(248, 20),
(248, 2),
(250, 4),
(250, 20),
(250, 1),
(250, 6),
(250, 5),
(251, 5),
(251, 8),
(251, 22),
(252, 24),
(256, 20),
(258, 1),
(258, 6),
(258, 52),
(258, 52),
(259, 5),
(262, 20),
(262, 12),
(262, 33),
(264, 5),
(264, 20),
(264, 12),
(264, 39),
(264, 17),
(264, 13),
(264, 35),
(264, 11),
(264, 16),
(264, 32),
(265, 5),
(265, 19),
(266, 12),
(266, 18),
(266, 13),
(266, 19),
(266, 5),
(266, 8),
(267, 20),
(268, 20),
(268, 18),
(269, 4),
(272, 2),
(272, 20),
(272, 5),
(272, 17),
(272, 23),
(272, 11),
(272, 12),
(272, 13),
(272, 16),
(272, 18),
(272, 19),
(273, 20),
(274, 5),
(274, 8),
(274, 26),
(274, 32),
(274, 53),
(274, 53),
(274, 35),
(274, 13),
(274, 15),
(274, 12),
(274, 11),
(274, 23),
(274, 16),
(276, 5),
(276, 8),
(276, 22),
(276, 12),
(276, 33),
(276, 13),
(276, 18),
(276, 19),
(276, 54),
(276, 54),
(279, 27),
(279, 55),
(279, 55),
(279, 56),
(279, 56),
(279, 55),
(279, 55),
(279, 27),
(279, 55),
(279, 4),
(279, 5),
(279, 4),
(279, 5),
(279, 4),
(279, 4),
(279, 20),
(279, 20),
(279, 10),
(279, 2),
(279, 20),
(279, 10),
(279, 2),
(279, 20),
(279, 10),
(279, 2),
(279, 20),
(279, 10),
(279, 20),
(279, 10),
(279, 13),
(279, 39),
(279, 20),
(279, 12),
(279, 10),
(279, 13),
(279, 20),
(279, 12),
(279, 39),
(279, 13),
(279, 17),
(279, 20),
(279, 12),
(279, 39),
(279, 13),
(279, 20),
(279, 12),
(279, 13),
(279, 11),
(279, 12),
(279, 13),
(279, 12),
(279, 13),
(279, 12),
(279, 13),
(282, 39),
(282, 12),
(283, 14),
(283, 7),
(283, 20),
(284, 5),
(284, 8),
(285, 20),
(285, 12),
(285, 39),
(286, 27),
(286, 9),
(288, 2),
(288, 20),
(288, 10),
(288, 5),
(288, 35),
(288, 39),
(288, 8),
(291, 5),
(291, 11),
(293, 5),
(295, 13),
(296, 5),
(298, 5),
(298, 20),
(298, 8),
(299, 13),
(301, 5),
(302, 12),
(302, 33),
(302, 12);         
INSERT INTO PUBLIC.GAME_SYSTEM(GAME_ID, SYSTEM_ID) VALUES
(302, 12),
(309, 5),
(309, 22),
(309, 8),
(310, 13),
(311, 12),
(312, 5),
(312, 8),
(312, 22),
(314, 9),
(315, 5),
(315, 8),
(317, 4),
(317, 5),
(317, 7),
(318, 5),
(318, 8),
(318, 12),
(318, 13),
(319, 9),
(319, 52),
(321, 13),
(321, 5),
(321, 22),
(321, 8),
(322, 5),
(322, 20),
(322, 10),
(323, 31),
(325, 9),
(325, 57),
(325, 57),
(326, 5),
(326, 12),
(326, 13),
(329, 35),
(329, 52),
(329, 24),
(333, 4),
(335, 10),
(336, 13),
(336, 12),
(336, 20),
(336, 39),
(336, 17),
(336, 5),
(336, 11),
(337, 5),
(337, 8),
(337, 9),
(337, 2),
(337, 35),
(337, 20),
(337, 10),
(337, 39),
(338, 5),
(338, 8),
(341, 7),
(341, 6),
(341, 11),
(341, 5),
(341, 1),
(341, 35),
(341, 31),
(341, 4),
(341, 20),
(342, 12),
(342, 13),
(342, 24),
(343, 5),
(343, 8),
(343, 12),
(343, 13),
(343, 18),
(343, 19),
(347, 13),
(347, 10),
(347, 20),
(347, 5),
(348, 5),
(348, 20),
(348, 12),
(348, 39),
(348, 33),
(348, 13),
(348, 17),
(348, 31),
(348, 11),
(348, 16),
(348, 32),
(348, 8),
(348, 58),
(348, 58),
(350, 9),
(351, 5),
(351, 31),
(351, 24),
(351, 8),
(351, 22),
(351, 12),
(351, 18),
(351, 33),
(351, 19),
(351, 59),
(351, 59),
(352, 20),
(352, 2),
(352, 10),
(352, 9),
(352, 5),
(353, 14),
(353, 7),
(353, 11),
(353, 20),
(353, 12),
(353, 10),
(353, 13),
(355, 4),
(355, 16),
(356, 35),
(357, 13),
(357, 15),
(357, 5),
(358, 5),
(358, 12),
(358, 13),
(360, 5),
(360, 13),
(360, 12),
(360, 18),
(360, 33),
(360, 60),
(360, 60),
(362, 20),
(362, 12),
(362, 33),
(363, 20),
(363, 2),
(363, 10),
(364, 14),
(364, 7),
(364, 20),
(367, 24),
(370, 35),
(374, 4),
(374, 20),
(374, 5),
(375, 35),
(377, 20),
(377, 12),
(377, 39),
(378, 20),
(379, 2),
(380, 5),
(380, 8),
(380, 22),
(381, 5),
(381, 8),
(381, 22),
(381, 18),
(381, 33),
(381, 19),
(382, 20),
(382, 10),
(382, 13),
(385, 27),
(385, 55),
(385, 56),
(385, 55),
(385, 55),
(385, 27),
(385, 55),
(385, 4),
(385, 5),
(385, 4),
(385, 5),
(385, 4),
(385, 4),
(385, 20),
(385, 20),
(385, 10),
(385, 2),
(385, 20),
(385, 10),
(385, 2),
(385, 20),
(385, 10),
(385, 2),
(385, 20),
(385, 10),
(385, 20),
(385, 10),
(385, 13),
(385, 39),
(385, 20),
(385, 12),
(385, 10),
(385, 13),
(385, 20),
(385, 12),
(385, 39),
(385, 13),
(385, 17),
(385, 20),
(385, 12),
(385, 39),
(385, 13),
(385, 20),
(385, 12),
(385, 13),
(385, 11),
(385, 12),
(385, 13),
(385, 12),
(385, 13),
(385, 12),
(385, 13),
(386, 5),
(386, 8),
(386, 22),
(386, 20),
(386, 7),
(388, 1),
(389, 10),
(390, 5),
(390, 12),
(390, 13),
(390, 8),
(390, 22),
(390, 16),
(391, 5),
(391, 12),
(391, 13),
(391, 8),
(391, 22),
(395, 20),
(395, 33),
(396, 20),
(396, 12),
(396, 39),
(397, 1),
(401, 18),
(401, 33),
(401, 5),
(401, 8),
(401, 22),
(401, 19),
(401, 24),
(402, 5),
(402, 13),
(402, 8),
(404, 5),
(404, 13),
(404, 8),
(404, 22),
(405, 5),
(405, 18),
(405, 19),
(407, 10),
(407, 5),
(407, 13),
(407, 8),
(407, 11),
(407, 16),
(409, 2),
(409, 20),
(409, 10),
(410, 2),
(410, 20),
(410, 10),
(411, 5),
(411, 8),
(412, 7),
(412, 5),
(412, 30),
(412, 10),
(413, 4),
(413, 5),
(413, 1),
(413, 7),
(413, 2),
(414, 14),
(414, 4),
(414, 20),
(414, 23),
(416, 2),
(418, 12),
(418, 13),
(418, 5),
(419, 20),
(419, 2),
(419, 10),
(420, 2),
(420, 20),
(420, 10),
(420, 5),
(421, 5),
(421, 12),
(421, 13),
(422, 9),
(422, 31),
(423, 20),
(423, 10),
(423, 2),
(425, 25),
(425, 8),
(427, 5),
(429, 5),
(429, 17),
(429, 49),
(429, 31),
(429, 8),
(429, 22),
(430, 12),
(430, 13),
(430, 5),
(430, 18),
(430, 19),
(434, 5),
(434, 20),
(434, 39),
(434, 10),
(435, 20),
(435, 12),
(435, 17),
(435, 13),
(436, 20),
(441, 20),
(441, 2),
(441, 10),
(441, 9),
(441, 34),
(441, 5),
(444, 5),
(444, 18),
(444, 19),
(445, 5),
(447, 5),
(447, 20),
(447, 12),
(447, 11),
(447, 16),
(447, 35),
(447, 17),
(447, 39),
(447, 13),
(447, 61),
(447, 61),
(447, 32),
(448, 5),
(448, 8),
(448, 12),
(448, 24),
(448, 13),
(449, 35),
(451, 7),
(451, 2),
(452, 5),
(453, 62),
(453, 62),
(454, 12),
(454, 13),
(454, 5),
(460, 5),
(460, 12),
(460, 13),
(460, 8),
(460, 11),
(460, 16),
(460, 22),
(460, 33),
(462, 5),
(462, 8),
(463, 20),
(463, 39),
(464, 20),
(464, 2),
(464, 10),
(465, 20);           
INSERT INTO PUBLIC.GAME_SYSTEM(GAME_ID, SYSTEM_ID) VALUES
(465, 10),
(466, 5),
(466, 8),
(467, 5),
(467, 8),
(467, 22),
(469, 5),
(470, 12),
(470, 13),
(470, 5),
(471, 12),
(471, 13),
(471, 33),
(472, 5),
(472, 12),
(472, 13),
(473, 5),
(473, 12),
(473, 13),
(474, 5),
(474, 8),
(475, 4),
(477, 10),
(477, 5),
(480, 1),
(481, 20),
(481, 20),
(481, 20),
(482, 5),
(482, 12),
(482, 18),
(482, 13),
(482, 19),
(483, 12),
(483, 17),
(483, 13),
(484, 9),
(484, 57),
(485, 35),
(485, 12),
(485, 39),
(485, 17),
(485, 13),
(485, 5),
(485, 8),
(485, 63),
(485, 63),
(486, 39),
(486, 5),
(486, 20),
(486, 15),
(486, 11),
(488, 12),
(490, 2),
(490, 5),
(490, 20),
(490, 12),
(490, 10),
(490, 13),
(490, 17),
(491, 35),
(492, 20),
(492, 10),
(492, 5),
(493, 39),
(493, 12),
(493, 13),
(494, 14),
(494, 12),
(494, 13),
(496, 5),
(496, 8),
(500, 31);          
CREATE CACHED TABLE PUBLIC.GENRE(
    ID INTEGER DEFAULT (NEXT VALUE FOR PUBLIC.SYSTEM_SEQUENCE_699D2A6B_D7C8_4640_A2ED_2218DC75C17D) NOT NULL NULL_TO_DEFAULT SEQUENCE PUBLIC.SYSTEM_SEQUENCE_699D2A6B_D7C8_4640_A2ED_2218DC75C17D,
    GENRE VARCHAR(255) NOT NULL
);        
ALTER TABLE PUBLIC.GENRE ADD CONSTRAINT PUBLIC.CONSTRAINT_4 PRIMARY KEY(ID);   
-- 70 +/- SELECT COUNT(*) FROM PUBLIC.GENRE;   
INSERT INTO PUBLIC.GENRE(ID, GENRE) VALUES
(1, 'ACTION ADVENTURE'),
(2, 'EXTREME SPORTS'),
(3, 'THIRD PERSON SHOOTER'),
(4, ''),
(5, 'PLATFORMING'),
(6, 'SPORTS'),
(7, 'FIRST PERSON SHOOTER'),
(8, 'STEALTH'),
(9, 'FIRST PERSON'),
(10, 'PLATFORMER'),
(11, 'SURVIVAL HORROR'),
(12, 'PUZZLE'),
(13, 'COMPILATION'),
(14, 'ACTION ROLE PLAYING'),
(15, 'ROLE PLAYING'),
(16, 'Platformer PLATFORMER'),
(17, 'RACING'),
(18, 'PUZZLE Platformer PLATFORM'),
(19, 'HACK AND SLASH'),
(20, 'AMERICAN FOOTBALL'),
(21, 'TURN BASED STRATEGY'),
(22, 'ACTION'),
(23, 'GRAPHIC ADVENTURE'),
(24, 'REAL TIME STRATEGY'),
(25, 'MAZE'),
(26, 'ARCADE'),
(27, 'SNOWBOARDING'),
(28, 'SANDBOX'),
(29, 'SURVIVAL'),
(30, 'SOCIAL SIMULATION'),
(31, 'MUSIC'),
(32, 'BEAT ''EM UP'),
(33, 'Platformer PLATFORM ADVENTURE'),
(34, 'MASSIVELY MULTIPLAYER ONLINE ROLE PLAYING'),
(35, 'PUZZLE Platformer PLATFORMER'),
(36, 'SPORTS   ICE HOCKEY SIM'),
(37, 'RHYTHM'),
(38, 'HORROR'),
(39, 'PSYCHOLOGICAL HORROR'),
(40, 'LIFE SIMULATION'),
(41, 'REAL TIME TACTICS'),
(42, 'TURN BASED TACTICS'),
(43, 'FOOTBALL (AMERICAN) SIMULATION'),
(44, 'TACTICAL ROLE PLAYING'),
(45, 'MMORPG'),
(46, 'SIM RACING'),
(47, 'HACK ''N'' SLASH'),
(48, 'SPACE COMBAT SIMULATOR'),
(49, 'VEHICLE COMBAT'),
(50, 'PROFESSIONAL BASEBALL'),
(51, 'POINT AND CLICK ADVENTURE'),
(52, 'TACTICAL SHOOTER'),
(53, 'PARTY'),
(54, 'EXERCISE'),
(55, 'SHOOTER'),
(56, 'SHOOT ''EM UP'),
(57, 'ADVENTURE'),
(58, 'RAIL SHOOTER'),
(59, 'METROIDVANIA'),
(60, 'ACTION RPG'),
(61, 'TRADITIONAL FOOTBALL'),
(62, 'SIMULATION'),
(63, 'WARGAME'),
(64, 'SPACE SIMULATION'),
(65, 'STRATEGY'),
(66, 'COMBAT FLIGHT SIMULATOR'),
(67, 'MULTI DIRECTIONAL SHOOTER'),
(68, 'SCROLLING SHOOTER'),
(69, 'RACING SIMULATION'),
(70, 'RASTER GRAPHICS EDITOR');       
CREATE CACHED TABLE PUBLIC.PUBLISHER(
    ID INTEGER DEFAULT (NEXT VALUE FOR PUBLIC.SYSTEM_SEQUENCE_34726802_52DB_4974_8A85_F4ECC060B5C7) NOT NULL NULL_TO_DEFAULT SEQUENCE PUBLIC.SYSTEM_SEQUENCE_34726802_52DB_4974_8A85_F4ECC060B5C7,
    NAME VARCHAR(255),
    CONTENT_RATING VARCHAR(255),
    COUNTRY_CODE VARCHAR(255)
);              
ALTER TABLE PUBLIC.PUBLISHER ADD CONSTRAINT PUBLIC.CONSTRAINT_F PRIMARY KEY(ID);               
-- 828 +/- SELECT COUNT(*) FROM PUBLIC.PUBLISHER;              
INSERT INTO PUBLIC.PUBLISHER(ID, NAME, CONTENT_RATING, COUNTRY_CODE) VALUES
(1, '1C Company', 'N/A', 'RU'),
(2, '2K Games', 'N/A', 'US'),
(3, '3D Realms', 'N/A', 'US'),
(4, 'The 3DO Company', 'N/A', 'US'),
(5, '505 Games', 'N/A', 'IT'),
(6, 'Accolade', 'N/A', 'US'),
(7, 'Acclaim Entertainment', 'N/A', 'US'),
(8, 'Active Gaming Media AGM', 'N/A', 'JP'),
(9, 'Activision', 'N/A', 'US'),
(10, 'Activision Blizzard', 'N/A', 'US'),
(11, 'Agetec', 'N/A', 'US'),
(12, 'Akella', 'N/A', 'RU'),
(13, 'Alten8', 'N/A', 'GB'),
(14, 'Anuman', 'N/A', 'FR'),
(15, 'Apogee Software', 'N/A', 'US'),
(16, 'Arc System Works', 'N/A', 'JP'),
(17, 'Asmik Corporation of America', 'N/A', 'JP'),
(18, 'Aspyr Media', 'N/A', 'US'),
(19, 'Atari, Inc', 'N/A', 'US'),
(20, 'Atari, SA', 'N/A', 'FR'),
(21, 'AQ Interactive', 'N/A', 'JP'),
(22, 'Atlus', 'N/A', 'JP'),
(23, 'Autumn Games', 'N/A', 'US'),
(24, 'Aventurine SA', 'N/A', 'GR'),
(25, 'Bandai Games', 'N/A', 'JP'),
(26, 'Bandai Namco', 'N/A', 'JP'),
(27, 'Banpresto', 'N/A', 'JP'),
(28, 'Bethesda Softworks', 'N/A', 'US'),
(29, 'Big Fish Games', 'N/A', 'US'),
(30, 'Bigben Interactive', 'N/A', 'FR'),
(31, 'Blue Byte Software', 'N/A', 'DE'),
(32, 'Bullet-Proof Software', 'N/A', 'JP'),
(33, STRINGDECODE('Br\u00f8derbund'), 'N/A', 'US'),
(34, 'Black Shell Games', 'N/A', 'US'),
(35, 'Blizzard Entertainment', 'N/A', 'US'),
(36, 'Bohemia Interactive', 'N/A', 'CZ'),
(37, 'Bug-Byte', 'N/A', 'GB'),
(38, 'Buka Entertainment', 'N/A', 'RU'),
(39, 'Bungie', 'N/A', 'US'),
(40, 'Camerica', 'N/A', 'US'),
(41, 'Capcom', 'N/A', 'JP'),
(42, 'CD Projekt RED', 'N/A', 'PL'),
(43, 'cdv Software Entertainment', 'N/A', 'DE'),
(44, 'CI Games', 'N/A', 'PL'),
(45, 'Codemasters', 'N/A', 'GB'),
(46, 'Coleco', 'N/A', 'US'),
(47, 'Color Dreams', 'N/A', 'US'),
(48, 'Conspiracy Entertainment', 'N/A', 'US'),
(49, 'Crave Entertainment', 'N/A', 'US'),
(50, 'Culture Brain', 'N/A', 'JP'),
(51, 'Crystal Dynamics', 'N/A', 'US'),
(52, 'Cyberdreams', 'N/A', 'GB'),
(53, 'D3 Publisher', 'N/A', 'JP'),
(54, 'Daybreak Game Company', 'N/A', 'US'),
(55, 'Data East', 'N/A', 'JP'),
(56, 'Deep Silver', 'N/A', 'DE'),
(57, 'Destineer', 'N/A', 'US'),
(58, 'Disney Interactive Studios', 'N/A', 'US'),
(59, 'DreamCatcher Games', 'N/A', 'CA'),
(60, 'Dtp entertainment', 'N/A', 'DE'),
(61, 'Eidos Interactive', 'N/A', 'GB'),
(62, 'Electronic Arts', 'N/A', 'US'),
(63, 'Enix', 'N/A', 'JP'),
(64, 'Epyx', 'N/A', 'US'),
(65, 'FASA', 'N/A', 'US'),
(66, 'First Star Software', 'N/A', 'US'),
(67, 'Feral Interactive', 'N/A', 'GB'),
(68, 'Fox Interactive', 'N/A', 'US'),
(69, 'Fresh Games', 'N/A', 'GB'),
(70, 'Fujisankei Communications International', 'N/A', 'US'),
(71, 'Funcom', 'N/A', 'NO'),
(72, 'Gamecock', 'N/A', 'US'),
(73, STRINGDECODE('GAM\u00c9RICA'), 'N/A', 'BR'),
(74, 'Ghostlight', 'N/A', 'GB'),
(75, 'Global Star Software', 'N/A', 'CA'),
(76, 'GOD Games', 'N/A', 'US'),
(77, 'GOG Ltd', 'N/A', 'PL'),
(78, 'Gogii Games', 'N/A', 'CA'),
(79, 'Got Game Entertainment', 'N/A', 'US'),
(80, 'Gravity', 'N/A', 'KR'),
(81, 'Gremlin Interactive', 'N/A', 'GB'),
(82, 'GSC World Publishing', 'N/A', 'UA'),
(83, 'GT Interactive', 'N/A', 'US'),
(84, 'Gust Corporation', 'N/A', 'JP'),
(85, 'Hasbro Interactive', 'N/A', 'US'),
(86, 'Her Interactive', 'N/A', 'US'),
(87, 'Hi Tech Expressions', 'N/A', 'US'),
(88, 'Hudson Soft', 'N/A', 'JP'),
(89, 'Iceberg Interactive', 'N/A', 'NL'),
(90, 'Ignition Entertainment', 'N/A', 'GB'),
(91, 'Imagic', 'N/A', 'US'),
(92, 'indiePub Entertainment', 'N/A', 'US'),
(93, 'Infocom', 'N/A', 'US'),
(94, 'Infogrames', 'N/A', 'FR'),
(95, 'Inscape', 'N/A', 'US'),
(96, 'Interceptor Micros', 'N/A', 'GB'),
(97, 'Interplay Entertainment', 'N/A', 'US'),
(98, 'inXile Entertainment', 'N/A', 'US'),
(99, 'Irem', 'N/A', 'JP'),
(100, 'Jaleco', 'N/A', 'JP'),
(101, 'JoWooD Productions', 'N/A', 'AT'),
(102, 'K2 Network (Gamersfirst)', 'N/A', 'US'),
(103, 'Kaneko', 'N/A', 'JP'),
(104, 'Kemco', 'N/A', 'JP'),
(105, 'Koch Media', 'N/A', 'DE'),
(106, 'Koei', 'N/A', 'JP'),
(107, 'Koei Tecmo', 'N/A', 'JP'),
(108, 'Konami', 'N/A', 'JP'),
(109, 'Legacy Interactive', 'N/A', 'US'),
(110, 'Linux Game Publishing', 'N/A', 'GB');   
INSERT INTO PUBLIC.PUBLISHER(ID, NAME, CONTENT_RATING, COUNTRY_CODE) VALUES
(111, 'LJN', 'N/A', 'US'),
(112, 'Loki Software', 'N/A', 'US'),
(113, 'LucasArts', 'N/A', 'US'),
(114, 'Marvelous AQL', 'N/A', 'JP'),
(115, 'Mastiff', 'N/A', 'JP'),
(116, 'Matrix Games', 'N/A', 'US'),
(117, 'Mattel Interactive', 'N/A', 'US'),
(118, 'Maximum Games', 'N/A', 'US'),
(119, 'Maxis', 'N/A', 'US'),
(120, 'Meldac', 'N/A', 'JP'),
(121, STRINGDECODE('Micro\u00efds'), 'N/A', 'FR'),
(122, 'MicroProse', 'N/A', 'US'),
(123, 'Microsoft Game Studios', 'N/A', 'US'),
(124, 'Midway Games', 'N/A', 'US'),
(125, 'Mindscape', 'N/A', 'US'),
(126, 'MTV Games', 'N/A', 'US'),
(127, 'Muse Software', 'N/A', 'US'),
(128, 'Namco', 'N/A', 'JP'),
(129, 'NCsoft', 'N/A', 'KR'),
(130, 'Netdragon', 'N/A', 'CN'),
(131, 'Netease', 'N/A', 'CN'),
(132, 'New World Computing', 'N/A', 'US'),
(133, 'Nexon', 'N/A', 'KR'),
(134, 'Nintendo', 'M', 'JP'),
(135, 'Nippon Ichi Software', 'N/A', 'JP'),
(136, 'Nihon Bussan', 'N/A', 'JP'),
(137, 'Nokia', 'N/A', 'FI'),
(138, 'Nordic Games GmbH', 'N/A', 'AT'),
(139, 'Nova Games', 'N/A', 'RU'),
(140, 'O3 Entertainment', 'N/A', 'US'),
(141, 'Ocean Software', 'N/A', 'GB'),
(142, 'Origin Systems', 'N/A', 'US'),
(143, 'Oxygen Games', 'N/A', 'GB'),
(144, 'Panesian Taiwan', 'N/A', 'TW'),
(145, 'Paradox Interactive', 'N/A', 'SE'),
(146, 'Penguin Software', 'N/A', 'US'),
(147, 'Perfect World', 'N/A', 'CN'),
(148, 'Petroglyph Games', 'N/A', 'US'),
(149, 'PlayFirst', 'N/A', 'US'),
(150, 'Playlogic Entertainment, Inc.', 'N/A', 'NL'),
(151, 'Playmates Toys', 'N/A', 'US'),
(152, 'PopCap Games', 'N/A', 'US'),
(153, 'Programma International', 'N/A', 'US'),
(154, 'Psygnosis', 'N/A', 'GB'),
(155, 'R2Games', 'N/A', 'CN'),
(156, 'Red Barrels', 'N/A', 'CA'),
(157, 'Red Storm Entertainment', 'N/A', 'US'),
(158, 'Renovation Products', 'N/A', 'US'),
(159, 'Riot Games', 'N/A', 'US'),
(160, 'Rising Star Games', 'N/A', 'GB'),
(161, 'Rockstar Games', 'N/A', 'US'),
(162, 'Rovio Entertainment', 'N/A', 'FI'),
(163, 'Sammy Studios', 'N/A', 'JP'),
(164, 'SCi Entertainment', 'N/A', 'GB'),
(165, 'Sega', 'N/A', 'JP'),
(166, 'SETA Corporation', 'N/A', 'JP'),
(167, 'Shanda', 'N/A', 'CN'),
(168, 'Shrapnel Games', 'N/A', 'US'),
(169, 'Sierra Entertainment', 'N/A', 'US'),
(170, 'Slitherine', 'N/A', 'GB'),
(171, 'Mattel Interactive', 'N/A', 'US'),
(172, 'SNK Playmore', 'N/A', 'JP'),
(173, 'Sony Computer Entertainment', 'N/A', 'JP'),
(174, 'Sony Pictures Digital', 'N/A', 'US'),
(175, 'SouthPeak Games', 'N/A', 'US'),
(176, 'Spectrum HoloByte', 'N/A', 'US'),
(177, 'Spil Games', 'N/A', 'NL'),
(178, 'Square', 'N/A', 'JP'),
(179, 'Square Electronic Arts', 'N/A', 'US'),
(180, 'Square Enix', 'N/A', 'JP'),
(181, 'Stardock', 'N/A', 'US'),
(182, 'Strategic Simulations (SSI)', 'N/A', 'US'),
(183, 'Strategy First', 'N/A', 'CA'),
(184, 'Success', 'N/A', 'JP'),
(185, 'Sunsoft', 'N/A', 'JP'),
(186, 'Taito', 'N/A', 'JP'),
(187, 'Takara', 'N/A', 'JP'),
(188, 'Takara Tomy', 'N/A', 'JP'),
(189, 'Take-Two Interactive', 'N/A', 'US'),
(190, 'TalonSoft', 'N/A', 'US'),
(191, 'Taxan', 'N/A', 'JP'),
(192, 'Technos Japan', 'N/A', 'JP'),
(193, 'TecMagik', 'N/A', 'US'),
(194, 'Tecmo', 'N/A', 'JP'),
(195, 'Telltale Games', 'N/A', 'US'),
(196, 'Tencent', 'N/A', 'CN'),
(197, 'The9', 'N/A', 'CN'),
(198, 'The Learning Company', 'N/A', 'US'),
(199, 'THQ', 'N/A', 'US'),
(200, 'Titus Interactive', 'N/A', 'FR'),
(201, 'Tomy', 'N/A', 'JP'),
(202, 'TopWare Interactive', 'N/A', 'DE'),
(203, 'Tradewest', 'N/A', 'US'),
(204, 'Triffix Entertainment', 'N/A', 'CA'),
(205, 'TT Games', 'N/A', 'GB'),
(206, 'Ubisoft', 'N/A', 'FR'),
(207, 'Ultra Games', 'N/A', 'US'),
(208, 'U.S. Gold', 'N/A', 'GB'),
(209, 'Valve Corporation', 'N/A', 'US'),
(210, 'Vic Tokai', 'N/A', 'JP'),
(211, 'Vivendi Games', 'N/A', 'FR'),
(212, 'VoxelStorm', 'N/A', 'GB'),
(213, 'Wales Interactive', 'N/A', 'GB'),
(214, 'Wargaming.net', 'N/A', 'CY'),
(215, 'Warner Bros. Interactive', 'N/A', 'US'),
(216, 'Webzen', 'N/A', 'KR'),
(217, 'Wisdom Tree', 'N/A', 'US'),
(218, 'Working Designs', 'N/A', 'US'),
(219, 'Xicat Interactive', 'N/A', 'DE'),
(220, 'XSEED Games', 'N/A', 'US');   
INSERT INTO PUBLIC.PUBLISHER(ID, NAME, CONTENT_RATING, COUNTRY_CODE) VALUES
(221, 'XS Games', 'N/A', 'US'),
(222, 'Yuisy', 'N/A', 'AR'),
(223, 'ZeniMax Media', 'N/A', 'US'),
(224, 'Zuxxez Entertainment', 'N/A', 'DE'),
(225, 'Zushi Games', 'N/A', 'GB'),
(226, 'Zynga', 'N/A', 'US'),
(227, 'Nintendo', 'M', NULL),
(228, 'Activision', 'M', NULL),
(229, 'Rockstar Games', 'M', NULL),
(230, 'Namco', 'M', NULL),
(231, 'Nintendo', 'M', NULL),
(232, 'Nintendo', 'M', NULL),
(233, 'Rockstar Games', 'M', NULL),
(234, 'Activision O2', 'M', NULL),
(235, 'Nintendo', 'M', NULL),
(236, 'Nintendo', 'M', NULL),
(237, 'Rockstar Games', 'M', NULL),
(238, 'Microsoft Game Studios', 'M', NULL),
(239, 'Sega', 'M', NULL),
(240, 'Valve Corporation', 'M', NULL),
(241, '2K Games', 'M', NULL),
(242, 'N/A', 'N/A', NULL),
(243, 'Sony Computer Entertainment', 'M', NULL),
(244, 'Capcom', 'M', NULL),
(245, 'Valve Corporation', 'M', NULL),
(246, 'Warner Bros. Interactive Entertainment', 'M', NULL),
(247, 'EU', 'M', NULL),
(248, 'Electronic Arts', 'M', NULL),
(249, 'Nintendo', 'M', NULL),
(250, 'Bethesda Softworks', 'M', NULL),
(251, 'N/A', 'N/A', NULL),
(252, 'Nintendo', 'M', NULL),
(253, 'N/A', 'N/A', NULL),
(254, 'Konami', 'M', NULL),
(255, 'N/A', 'N/A', NULL),
(256, 'Black Isle Studios', 'M', NULL),
(257, 'Rockstar Games', 'M', NULL),
(258, 'Rockstar Games', 'M', NULL),
(259, 'Sony Computer Entertainment', 'M', NULL),
(260, 'Nintendo', 'M', NULL),
(261, 'Rockstar Games', 'M', NULL),
(262, 'Sony Computer Entertainment', 'M', NULL),
(263, 'Microsoft Game Studios', 'M', NULL),
(264, 'Nintendo', 'M', NULL),
(265, 'Nintendo', 'M', NULL),
(266, 'Sony Computer Entertainment', 'M', NULL),
(267, 'EA Sports', 'M', NULL),
(268, 'Sony Computer Entertainment', 'M', NULL),
(269, 'Valve Corporation', 'M', NULL),
(270, 'Konami Digital Entertainment', 'M', NULL),
(271, 'NA', 'M', NULL),
(272, '2K Games', 'M', NULL),
(273, 'Square', 'M', NULL),
(274, 'Activision', 'M', NULL),
(275, 'NA', 'M', NULL),
(276, 'Capcom', 'M', NULL),
(277, 'Activision', 'M', NULL),
(278, 'NA', 'M', NULL),
(279, 'Nintendo', 'M', NULL),
(280, 'Square', 'M', NULL),
(281, 'EA Sports', 'M', NULL),
(282, 'Microsoft Studios', 'M', NULL),
(283, 'Bethesda Softworks', 'M', NULL),
(284, 'MicroProse', 'M', NULL),
(285, 'N/A', 'N/A', NULL),
(286, 'Microsoft Game Studios', 'M', NULL),
(287, 'Tecmo', 'M', NULL),
(288, 'Capcom', 'M', NULL),
(289, 'Nintendo', 'M', NULL),
(290, 'Sega', 'M', NULL),
(291, 'Konami', 'M', NULL),
(292, STRINGDECODE('LucasArts\nDouble Fine Productions (Remastered)'), 'M', NULL),
(293, 'Ubisoft', 'M', NULL),
(294, 'Electronic Arts', 'M', NULL),
(295, 'N/A', 'N/A', NULL),
(296, 'Konami Corporation', 'M', NULL),
(297, 'Konami', 'M', NULL),
(298, 'EA Sports', 'M', NULL),
(299, 'N/A', 'N/A', NULL),
(300, 'LucasArts', 'M', NULL),
(301, '2K Games', 'M', NULL),
(302, 'Sega', 'M', NULL),
(303, 'Nintendo', 'M', NULL),
(304, 'CD Projekt', 'M', NULL),
(305, 'Nintendo', 'M', NULL),
(306, 'THQ', 'M', NULL),
(307, 'Sony Computer Entertainment', 'M', NULL),
(308, 'Ubisoft', 'M', NULL),
(309, 'Rockstar Games', 'M', NULL),
(310, 'Namco Bandai Games', 'M', NULL),
(311, 'Capcom', 'M', NULL),
(312, 'Atari', 'M', NULL),
(313, 'N/A', 'N/A', NULL),
(314, 'Sony Computer Entertainment', 'M', NULL),
(315, 'Nintendo', 'M', NULL),
(316, 'Blizzard Entertainment', 'M', NULL),
(317, 'JP', 'M', NULL),
(318, 'Mojang', 'M', NULL),
(319, 'JP', 'M', NULL),
(320, 'EA Sports Big', 'M', NULL),
(321, 'Ubisoft', 'M', NULL),
(322, '[show]', 'M', NULL),
(323, 'Sierra Studios', 'M', NULL),
(324, 'Capcom', 'M', NULL),
(325, 'Bethesda Softworks', 'M', NULL),
(326, 'Microsoft Game Studios', 'M', NULL),
(327, 'Namco', 'M', NULL),
(328, 'N/A', 'N/A', NULL),
(329, 'Sega', 'M', NULL),
(330, 'Electronic Arts', 'M', NULL),
(331, 'Sega', 'M', NULL),
(332, 'Nintendo', 'M', NULL),
(333, 'Nintendo', 'M', NULL),
(334, 'MTV Games', 'M', NULL),
(335, 'Capcom', 'M', NULL),
(336, 'JP', 'M', NULL),
(337, 'Sega', 'M', NULL),
(338, 'Konami', 'M', NULL),
(339, 'Sega', 'M', NULL),
(340, 'Nintendo', 'M', NULL),
(341, 'Psygnosis', 'M', NULL),
(342, 'Sony Computer Entertainment', 'M', NULL);           
INSERT INTO PUBLIC.PUBLISHER(ID, NAME, CONTENT_RATING, COUNTRY_CODE) VALUES
(343, '[1]', 'M', NULL),
(344, 'Nintendo', 'M', NULL),
(345, 'Konami', 'M', NULL),
(346, 'Sega', 'M', NULL),
(347, 'N/A', 'N/A', NULL),
(348, 'Ubisoft', 'M', NULL),
(349, 'Sony Computer Entertainment', 'M', NULL),
(350, 'NA', 'M', NULL),
(351, 'EA Sports', 'M', NULL),
(352, 'Activision', 'M', NULL),
(353, 'Sony Computer Entertainment', 'M', NULL),
(354, 'Electronic Arts', 'M', NULL),
(355, 'N/A', 'N/A', NULL),
(356, 'Sony Computer Entertainment', 'M', NULL),
(357, 'Nintendo', 'M', NULL),
(358, 'Blizzard Entertainment', 'M', NULL),
(359, 'Electronic Arts', 'M', NULL),
(360, 'Nintendo', 'M', NULL),
(361, 'Electronic Arts', 'M', NULL),
(362, 'MTV Games', 'M', NULL),
(363, 'Microsoft Game Studios', 'M', NULL),
(364, 'Capcom', 'M', NULL),
(365, 'Nintendo', 'M', NULL),
(366, 'Square', 'M', NULL),
(367, 'Valve Corporation', 'M', NULL),
(368, 'Electronic Arts', 'M', NULL),
(369, 'Ubisoft', 'M', NULL),
(370, 'Square Enix', 'M', NULL),
(371, 'Nintendo', 'M', NULL),
(372, 'SEGA', 'M', NULL),
(373, 'Nintendo', 'M', NULL),
(374, 'N/A', 'N/A', NULL),
(375, 'Activision', 'M', NULL),
(376, 'Microsoft Game Studios', 'M', NULL),
(377, 'Eidos Interactive', 'M', NULL),
(378, 'Nintendo', 'M', NULL),
(379, 'Activision', 'M', NULL),
(380, 'Eidos Interactive', 'M', NULL),
(381, 'Nintendo', 'M', NULL),
(382, 'Microsoft', 'M', NULL),
(383, 'JP', 'M', NULL),
(384, 'N/A', 'N/A', NULL),
(385, 'GT Interactive', 'M', NULL),
(386, 'Aspyr Media', 'M', NULL),
(387, 'Nintendo', 'M', NULL),
(388, 'Stardock', 'M', NULL),
(389, 'Nintendo', 'M', NULL),
(390, 'JP', 'M', NULL),
(391, STRINGDECODE('Square (SNES & PS1)\nSquare Enix (NDS & Mobiles)'), 'M', NULL),
(392, 'Nintendo', 'M', NULL),
(393, 'NA', 'M', NULL),
(394, 'N/A', 'N/A', NULL),
(395, 'Sony Computer Entertainment', 'M', NULL),
(396, 'Sony Computer Entertainment', 'M', NULL),
(397, 'Ubisoft', 'M', NULL),
(398, 'Nintendo', 'M', NULL),
(399, 'CD Projekt', 'M', NULL),
(400, 'N/A', 'N/A', NULL),
(401, 'Nintendo', 'M', NULL),
(402, '[show]', 'M', NULL),
(403, 'Ubisoft', 'M', NULL),
(404, 'EA', 'M', NULL),
(405, 'EA Sports', 'M', NULL),
(406, 'Bandai Namco Games', 'M', NULL),
(407, 'Bethesda Softworks', 'M', NULL),
(408, 'Sega', 'M', NULL),
(409, 'EA Games', 'M', NULL),
(410, 'NA', 'M', NULL),
(411, 'Sony Computer Entertainment Europe', 'M', NULL),
(412, 'RedOctane', 'M', NULL),
(413, 'Blizzard Entertainment', 'M', NULL),
(414, 'Nintendo', 'M', NULL),
(415, 'EA Sports', 'M', NULL),
(416, 'NA', 'M', NULL),
(417, 'Black Isle Studios', 'M', NULL),
(418, 'Nintendo', 'M', NULL),
(419, 'N/A', 'N/A', NULL),
(420, 'EU', 'M', NULL),
(421, 'N/A', 'N/A', NULL),
(422, 'Nintendo', 'M', NULL),
(423, 'Interplay Entertainment', 'M', NULL),
(424, 'N/A', 'N/A', NULL),
(425, 'Sony Computer Entertainment', 'M', NULL),
(426, 'Capcom', 'M', NULL),
(427, 'EA Sports', 'M', NULL),
(428, 'Microsoft Studios', 'M', NULL),
(429, 'Ubisoft', 'M', NULL),
(430, 'Konami Corporation', 'M', NULL),
(431, 'Sony Computer Entertainment', 'M', NULL),
(432, 'Sony Computer Entertainment', 'M', NULL),
(433, 'Eidos Interactive', 'M', NULL),
(434, 'Capcom', 'M', NULL),
(435, 'Sony Computer Entertainment', 'M', NULL),
(436, 'Valve Corporation', 'M', NULL),
(437, 'N/A', 'N/A', NULL),
(438, '2K Games', 'M', NULL),
(439, 'N/A', 'N/A', NULL),
(440, 'EA Sports', 'M', NULL),
(441, 'Electronic Arts', 'M', NULL),
(442, 'Microsoft', 'M', NULL),
(443, 'Sony Computer Entertainment', 'M', NULL),
(444, 'Tecmo', 'M', NULL),
(445, '[1]', 'M', NULL),
(446, 'Sony Computer Entertainment', 'M', NULL),
(447, 'Nintendo', 'M', NULL),
(448, 'EA', 'M', NULL),
(449, 'Empire Interactive', 'M', NULL),
(450, 'LucasArts', 'M', NULL),
(451, 'Microsoft Game Studios', 'M', NULL),
(452, 'Stardock', 'M', NULL),
(453, 'Microsoft Game Studios', 'M', NULL),
(454, 'Fox Interactive', 'M', NULL),
(455, 'Microsoft Studios', 'M', NULL),
(456, 'EA Games', 'M', NULL),
(457, 'Sony Computer Entertainment', 'M', NULL),
(458, 'N/A', 'N/A', NULL),
(459, 'Interplay Entertainment', 'M', NULL),
(460, 'Microsoft Studios', 'M', NULL);            
INSERT INTO PUBLIC.PUBLISHER(ID, NAME, CONTENT_RATING, COUNTRY_CODE) VALUES
(461, 'Sony Computer Entertainment', 'M', NULL),
(462, 'Infogrames', 'M', NULL),
(463, 'Konami', 'M', NULL),
(464, 'NA', 'M', NULL),
(465, 'Eidos Interactive', 'M', NULL),
(466, 'Electronic Arts', 'M', NULL),
(467, 'Nintendo', 'M', NULL),
(468, 'Microsoft Studios', 'M', NULL),
(469, 'Konami', 'M', NULL),
(470, 'Nintendo', 'M', NULL),
(471, 'Konami', 'M', NULL),
(472, 'Ubisoft', 'M', NULL),
(473, 'N/A', 'N/A', NULL),
(474, 'Nintendo', 'M', NULL),
(475, 'Activision', 'M', NULL),
(476, 'N/A', 'N/A', NULL),
(477, 'Sony Computer Entertainment', 'M', NULL),
(478, 'Microsoft Game Studios', 'M', NULL),
(479, '2K Sports', 'M', NULL),
(480, 'Electronic Arts', 'M', NULL),
(481, 'Blizzard Entertainment', 'M', NULL),
(482, 'Ubi Soft', 'M', NULL),
(483, 'Sega', 'M', NULL),
(484, 'Blizzard Entertainment', 'M', NULL),
(485, 'N/A', 'N/A', NULL),
(486, 'Ubisoft', 'M', NULL),
(487, 'EA Sports', 'M', NULL),
(488, 'Nintendo', 'M', NULL),
(489, 'Yacht Club Games', 'M', NULL),
(490, 'Activision', 'M', NULL),
(491, 'Virgin Interactive', 'M', NULL),
(492, 'Sony Computer Entertainment', 'M', NULL),
(493, '989 Studios', 'M', NULL),
(494, 'Nintendo', 'M', NULL),
(495, 'Microsoft Studios', 'M', NULL),
(496, 'Rockstar Games', 'M', NULL),
(497, 'Mossmouth', 'M', NULL),
(498, 'Sony Computer Entertainment', 'M', NULL),
(499, 'EA Sports BIG', 'M', NULL),
(500, 'Sega', 'M', NULL),
(501, 'N/A', 'N/A', NULL),
(502, 'Nintendo', 'M', NULL),
(503, 'N/A', 'N/A', NULL),
(504, 'Nintendo', 'M', NULL),
(505, 'N/A', 'N/A', NULL),
(506, 'Nintendo', 'M', NULL),
(507, 'EA Sports', 'M', NULL),
(508, 'Nintendo', 'M', NULL),
(509, 'Sony Computer Entertainment', 'M', NULL),
(510, 'Sony Computer Entertainment', 'M', NULL),
(511, 'NA', 'M', NULL),
(512, 'Increpare Games', 'M', NULL),
(513, 'Sierra Entertainment', 'M', NULL),
(514, 'Electronic Arts', 'M', NULL),
(515, 'EA Sports', 'M', NULL),
(516, 'GT Interactive', 'M', NULL),
(517, 'Eidos Interactive', 'M', NULL),
(518, 'Nintendo', 'M', NULL),
(519, 'Sega', 'M', NULL),
(520, 'Valve Corporation', 'M', NULL),
(521, 'Valve Corporation', 'M', NULL),
(522, 'N/A', 'N/A', NULL),
(523, 'JP', 'M', NULL),
(524, 'Sony Computer Entertainment', 'M', NULL),
(525, 'Nintendo', 'M', NULL),
(526, 'Thomas Happ Games', 'M', NULL),
(527, 'Valve Corporation', 'M', NULL),
(528, 'Valve Corporation', 'M', NULL),
(529, 'Bandai Namco Entertainment', 'M', NULL),
(530, 'N/A', 'N/A', NULL),
(531, 'Microsoft Game Studios', 'M', NULL),
(532, 'Sega', 'M', NULL),
(533, 'Sega Sports', 'M', NULL),
(534, 'Sierra Entertainment', 'M', NULL),
(535, 'Sega', 'M', NULL),
(536, '[show]', 'M', NULL),
(537, 'EU', 'M', NULL),
(538, 'N/A', 'N/A', NULL),
(539, 'Nintendo', 'M', NULL),
(540, 'Namco Bandai Games', 'M', NULL),
(541, 'EA Sports BIG', 'M', NULL),
(542, 'Electronic Arts', 'M', NULL),
(543, 'Rockstar Games', 'M', NULL),
(544, 'Nintendo', 'M', NULL),
(545, 'EA Sports', 'M', NULL),
(546, 'Cdv Software Entertainment', 'M', NULL),
(547, 'Sierra Studios', 'M', NULL),
(548, 'NIS America', 'M', NULL),
(549, 'Bandai Namco Games', 'M', NULL),
(550, 'N/A', 'N/A', NULL),
(551, 'NCSOFT', 'M', NULL),
(552, 'Konami', 'M', NULL),
(553, 'Activision', 'M', NULL),
(554, 'Namco', 'M', NULL),
(555, 'Rockstar Games', 'M', NULL),
(556, 'N/A', 'N/A', NULL),
(557, 'N/A', 'N/A', NULL),
(558, 'EA', 'M', NULL),
(559, 'Electronic Arts', 'M', NULL),
(560, 'Sierra Entertainment', 'M', NULL),
(561, 'EA Sports', 'M', NULL),
(562, 'Square Enix', 'M', NULL),
(563, 'Konami', 'M', NULL),
(564, 'Sega', 'M', NULL),
(565, 'Sierra', 'M', NULL),
(566, 'GT Interactive Software', 'M', NULL),
(567, 'Rockstar Games', 'M', NULL),
(568, 'N/A', 'N/A', NULL),
(569, 'Ubisoft', 'M', NULL),
(570, 'N/A', 'N/A', NULL),
(571, '2K Games', 'M', NULL),
(572, 'Microsoft Game Studios', 'M', NULL),
(573, 'JP', 'M', NULL),
(574, 'Acclaim Entertainment', 'M', NULL),
(575, 'Sega', 'M', NULL),
(576, 'Sierra Entertainment', 'M', NULL),
(577, 'Interplay Productions', 'M', NULL),
(578, 'LucasArts', 'M', NULL),
(579, 'Namco Bandai Games', 'M', NULL),
(580, 'Konami', 'M', NULL);         
INSERT INTO PUBLIC.PUBLISHER(ID, NAME, CONTENT_RATING, COUNTRY_CODE) VALUES
(581, 'Electronic Arts', 'M', NULL),
(582, 'Electronic Arts', 'M', NULL),
(583, 'JP', 'M', NULL),
(584, STRINGDECODE('\u2039See Tfd\u203a'), 'M', NULL),
(585, 'Vivendi Universal Games', 'M', NULL),
(586, 'THQ', 'M', NULL),
(587, 'Sony Computer Entertainment', 'M', NULL),
(588, 'Electronic Arts', 'M', NULL),
(589, 'MTV Games', 'M', NULL),
(590, 'Nintendo', 'M', NULL),
(591, 'Codemasters', 'M', NULL),
(592, 'JP', 'M', NULL),
(593, 'Sony Computer Entertainment', 'M', NULL),
(594, 'Ubisoft', 'M', NULL),
(595, 'Nintendo', 'M', NULL),
(596, 'Konami', 'M', NULL),
(597, 'Konami', 'M', NULL),
(598, 'Sega', 'M', NULL),
(599, 'N/A', 'N/A', NULL),
(600, '2K Games', 'M', NULL),
(601, 'N/A', 'N/A', NULL),
(602, 'JP', 'M', NULL),
(603, '1C Company', 'N/A', 'RU'),
(604, '2K Games', 'N/A', 'US'),
(605, '3D Realms', 'N/A', 'US'),
(606, 'The 3DO Company', 'N/A', 'US'),
(607, '505 Games', 'N/A', 'IT'),
(608, 'Accolade', 'N/A', 'US'),
(609, 'Acclaim Entertainment', 'N/A', 'US'),
(610, 'Active Gaming Media AGM', 'N/A', 'JP'),
(611, 'Activision', 'N/A', 'US'),
(612, 'Activision Blizzard', 'N/A', 'US'),
(613, 'Agetec', 'N/A', 'US'),
(614, 'Akella', 'N/A', 'RU'),
(615, 'Alten8', 'N/A', 'GB'),
(616, 'Anuman', 'N/A', 'FR'),
(617, 'Apogee Software', 'N/A', 'US'),
(618, 'Arc System Works', 'N/A', 'JP'),
(619, 'Asmik Corporation of America', 'N/A', 'JP'),
(620, 'Aspyr Media', 'N/A', 'US'),
(621, 'Atari, Inc', 'N/A', 'US'),
(622, 'Atari, SA', 'N/A', 'FR'),
(623, 'AQ Interactive', 'N/A', 'JP'),
(624, 'Atlus', 'N/A', 'JP'),
(625, 'Autumn Games', 'N/A', 'US'),
(626, 'Aventurine SA', 'N/A', 'GR'),
(627, 'Bandai Games', 'N/A', 'JP'),
(628, 'Bandai Namco', 'N/A', 'JP'),
(629, 'Banpresto', 'N/A', 'JP'),
(630, 'Bethesda Softworks', 'N/A', 'US'),
(631, 'Big Fish Games', 'N/A', 'US'),
(632, 'Bigben Interactive', 'N/A', 'FR'),
(633, 'Blue Byte Software', 'N/A', 'DE'),
(634, 'Bullet-Proof Software', 'N/A', 'JP'),
(635, STRINGDECODE('Br\u00f8derbund'), 'N/A', 'US'),
(636, 'Black Shell Games', 'N/A', 'US'),
(637, 'Blizzard Entertainment', 'N/A', 'US'),
(638, 'Bohemia Interactive', 'N/A', 'CZ'),
(639, 'Bug-Byte', 'N/A', 'GB'),
(640, 'Buka Entertainment', 'N/A', 'RU'),
(641, 'Bungie', 'N/A', 'US'),
(642, 'Camerica', 'N/A', 'US'),
(643, 'Capcom', 'N/A', 'JP'),
(644, 'CD Projekt RED', 'N/A', 'PL'),
(645, 'cdv Software Entertainment', 'N/A', 'DE'),
(646, 'CI Games', 'N/A', 'PL'),
(647, 'Codemasters', 'N/A', 'GB'),
(648, 'Coleco', 'N/A', 'US'),
(649, 'Color Dreams', 'N/A', 'US'),
(650, 'Conspiracy Entertainment', 'N/A', 'US'),
(651, 'Crave Entertainment', 'N/A', 'US'),
(652, 'Culture Brain', 'N/A', 'JP'),
(653, 'Crystal Dynamics', 'N/A', 'US'),
(654, 'Cyberdreams', 'N/A', 'GB'),
(655, 'D3 Publisher', 'N/A', 'JP'),
(656, 'Daybreak Game Company', 'N/A', 'US'),
(657, 'Data East', 'N/A', 'JP'),
(658, 'Deep Silver', 'N/A', 'DE'),
(659, 'Destineer', 'N/A', 'US'),
(660, 'Disney Interactive Studios', 'N/A', 'US'),
(661, 'DreamCatcher Games', 'N/A', 'CA'),
(662, 'Dtp entertainment', 'N/A', 'DE'),
(663, 'Eidos Interactive', 'N/A', 'GB'),
(664, 'Electronic Arts', 'N/A', 'US'),
(665, 'Enix', 'N/A', 'JP'),
(666, 'Epyx', 'N/A', 'US'),
(667, 'FASA', 'N/A', 'US'),
(668, 'First Star Software', 'N/A', 'US'),
(669, 'Feral Interactive', 'N/A', 'GB'),
(670, 'Fox Interactive', 'N/A', 'US'),
(671, 'Fresh Games', 'N/A', 'GB'),
(672, 'Fujisankei Communications International', 'N/A', 'US'),
(673, 'Funcom', 'N/A', 'NO'),
(674, 'Gamecock', 'N/A', 'US'),
(675, STRINGDECODE('GAM\u00c9RICA'), 'N/A', 'BR'),
(676, 'Ghostlight', 'N/A', 'GB'),
(677, 'Global Star Software', 'N/A', 'CA'),
(678, 'GOD Games', 'N/A', 'US'),
(679, 'GOG Ltd', 'N/A', 'PL'),
(680, 'Gogii Games', 'N/A', 'CA'),
(681, 'Got Game Entertainment', 'N/A', 'US'),
(682, 'Gravity', 'N/A', 'KR'),
(683, 'Gremlin Interactive', 'N/A', 'GB'),
(684, 'GSC World Publishing', 'N/A', 'UA'),
(685, 'GT Interactive', 'N/A', 'US'),
(686, 'Gust Corporation', 'N/A', 'JP'),
(687, 'Hasbro Interactive', 'N/A', 'US'),
(688, 'Her Interactive', 'N/A', 'US'),
(689, 'Hi Tech Expressions', 'N/A', 'US');   
INSERT INTO PUBLIC.PUBLISHER(ID, NAME, CONTENT_RATING, COUNTRY_CODE) VALUES
(690, 'Hudson Soft', 'N/A', 'JP'),
(691, 'Iceberg Interactive', 'N/A', 'NL'),
(692, 'Ignition Entertainment', 'N/A', 'GB'),
(693, 'Imagic', 'N/A', 'US'),
(694, 'indiePub Entertainment', 'N/A', 'US'),
(695, 'Infocom', 'N/A', 'US'),
(696, 'Infogrames', 'N/A', 'FR'),
(697, 'Inscape', 'N/A', 'US'),
(698, 'Interceptor Micros', 'N/A', 'GB'),
(699, 'Interplay Entertainment', 'N/A', 'US'),
(700, 'inXile Entertainment', 'N/A', 'US'),
(701, 'Irem', 'N/A', 'JP'),
(702, 'Jaleco', 'N/A', 'JP'),
(703, 'JoWooD Productions', 'N/A', 'AT'),
(704, 'K2 Network (Gamersfirst)', 'N/A', 'US'),
(705, 'Kaneko', 'N/A', 'JP'),
(706, 'Kemco', 'N/A', 'JP'),
(707, 'Koch Media', 'N/A', 'DE'),
(708, 'Koei', 'N/A', 'JP'),
(709, 'Koei Tecmo', 'N/A', 'JP'),
(710, 'Konami', 'N/A', 'JP'),
(711, 'Legacy Interactive', 'N/A', 'US'),
(712, 'Linux Game Publishing', 'N/A', 'GB'),
(713, 'LJN', 'N/A', 'US'),
(714, 'Loki Software', 'N/A', 'US'),
(715, 'LucasArts', 'N/A', 'US'),
(716, 'Marvelous AQL', 'N/A', 'JP'),
(717, 'Mastiff', 'N/A', 'JP'),
(718, 'Matrix Games', 'N/A', 'US'),
(719, 'Mattel Interactive', 'N/A', 'US'),
(720, 'Maximum Games', 'N/A', 'US'),
(721, 'Maxis', 'N/A', 'US'),
(722, 'Meldac', 'N/A', 'JP'),
(723, STRINGDECODE('Micro\u00efds'), 'N/A', 'FR'),
(724, 'MicroProse', 'N/A', 'US'),
(725, 'Microsoft Game Studios', 'N/A', 'US'),
(726, 'Midway Games', 'N/A', 'US'),
(727, 'Mindscape', 'N/A', 'US'),
(728, 'MTV Games', 'N/A', 'US'),
(729, 'Muse Software', 'N/A', 'US'),
(730, 'Namco', 'N/A', 'JP'),
(731, 'NCsoft', 'N/A', 'KR'),
(732, 'Netdragon', 'N/A', 'CN'),
(733, 'Netease', 'N/A', 'CN'),
(734, 'New World Computing', 'N/A', 'US'),
(735, 'Nexon', 'N/A', 'KR'),
(736, 'Nintendo', 'N/A', 'JP'),
(737, 'Nippon Ichi Software', 'N/A', 'JP'),
(738, 'Nihon Bussan', 'N/A', 'JP'),
(739, 'Nokia', 'N/A', 'FI'),
(740, 'Nordic Games GmbH', 'N/A', 'AT'),
(741, 'Nova Games', 'N/A', 'RU'),
(742, 'O3 Entertainment', 'N/A', 'US'),
(743, 'Ocean Software', 'N/A', 'GB'),
(744, 'Origin Systems', 'N/A', 'US'),
(745, 'Oxygen Games', 'N/A', 'GB'),
(746, 'Panesian Taiwan', 'N/A', 'TW'),
(747, 'Paradox Interactive', 'N/A', 'SE'),
(748, 'Penguin Software', 'N/A', 'US'),
(749, 'Perfect World', 'N/A', 'CN'),
(750, 'Petroglyph Games', 'N/A', 'US'),
(751, 'PlayFirst', 'N/A', 'US'),
(752, 'Playlogic Entertainment, Inc.', 'N/A', 'NL'),
(753, 'Playmates Toys', 'N/A', 'US'),
(754, 'PopCap Games', 'N/A', 'US'),
(755, 'Programma International', 'N/A', 'US'),
(756, 'Psygnosis', 'N/A', 'GB'),
(757, 'R2Games', 'N/A', 'CN'),
(758, 'Red Barrels', 'N/A', 'CA'),
(759, 'Red Storm Entertainment', 'N/A', 'US'),
(760, 'Renovation Products', 'N/A', 'US'),
(761, 'Riot Games', 'N/A', 'US'),
(762, 'Rising Star Games', 'N/A', 'GB'),
(763, 'Rockstar Games', 'N/A', 'US'),
(764, 'Rovio Entertainment', 'N/A', 'FI'),
(765, 'Sammy Studios', 'N/A', 'JP'),
(766, 'SCi Entertainment', 'N/A', 'GB'),
(767, 'Sega', 'N/A', 'JP'),
(768, 'SETA Corporation', 'N/A', 'JP'),
(769, 'Shanda', 'N/A', 'CN'),
(770, 'Shrapnel Games', 'N/A', 'US'),
(771, 'Sierra Entertainment', 'N/A', 'US'),
(772, 'Slitherine', 'N/A', 'GB'),
(773, 'Mattel Interactive', 'N/A', 'US'),
(774, 'SNK Playmore', 'N/A', 'JP'),
(775, 'Sony Computer Entertainment', 'N/A', 'JP'),
(776, 'Sony Pictures Digital', 'N/A', 'US'),
(777, 'SouthPeak Games', 'N/A', 'US'),
(778, 'Spectrum HoloByte', 'N/A', 'US'),
(779, 'Spil Games', 'N/A', 'NL'),
(780, 'Square', 'N/A', 'JP'),
(781, 'Square Electronic Arts', 'N/A', 'US'),
(782, 'Square Enix', 'N/A', 'JP'),
(783, 'Stardock', 'N/A', 'US'),
(784, 'Strategic Simulations (SSI)', 'N/A', 'US'),
(785, 'Strategy First', 'N/A', 'CA'),
(786, 'Success', 'N/A', 'JP'),
(787, 'Sunsoft', 'N/A', 'JP'),
(788, 'Taito', 'N/A', 'JP'),
(789, 'Takara', 'N/A', 'JP'),
(790, 'Takara Tomy', 'N/A', 'JP'),
(791, 'Take-Two Interactive', 'N/A', 'US'),
(792, 'TalonSoft', 'N/A', 'US'),
(793, 'Taxan', 'N/A', 'JP'),
(794, 'Technos Japan', 'N/A', 'JP'),
(795, 'TecMagik', 'N/A', 'US'),
(796, 'Tecmo', 'N/A', 'JP'),
(797, 'Telltale Games', 'N/A', 'US'),
(798, 'Tencent', 'N/A', 'CN'),
(799, 'The9', 'N/A', 'CN');           
INSERT INTO PUBLIC.PUBLISHER(ID, NAME, CONTENT_RATING, COUNTRY_CODE) VALUES
(800, 'The Learning Company', 'N/A', 'US'),
(801, 'THQ', 'N/A', 'US'),
(802, 'Titus Interactive', 'N/A', 'FR'),
(803, 'Tomy', 'N/A', 'JP'),
(804, 'TopWare Interactive', 'N/A', 'DE'),
(805, 'Tradewest', 'N/A', 'US'),
(806, 'Triffix Entertainment', 'N/A', 'CA'),
(807, 'TT Games', 'N/A', 'GB'),
(808, 'Ubisoft', 'N/A', 'FR'),
(809, 'Ultra Games', 'N/A', 'US'),
(810, 'U.S. Gold', 'N/A', 'GB'),
(811, 'Valve Corporation', 'N/A', 'US'),
(812, 'Vic Tokai', 'N/A', 'JP'),
(813, 'Vivendi Games', 'N/A', 'FR'),
(814, 'VoxelStorm', 'N/A', 'GB'),
(815, 'Wales Interactive', 'N/A', 'GB'),
(816, 'Wargaming.net', 'N/A', 'CY'),
(817, 'Warner Bros. Interactive', 'N/A', 'US'),
(818, 'Webzen', 'N/A', 'KR'),
(819, 'Wisdom Tree', 'N/A', 'US'),
(820, 'Working Designs', 'N/A', 'US'),
(821, 'Xicat Interactive', 'N/A', 'DE'),
(822, 'XSEED Games', 'N/A', 'US'),
(823, 'XS Games', 'N/A', 'US'),
(824, 'Yuisy', 'N/A', 'AR'),
(825, 'ZeniMax Media', 'N/A', 'US'),
(826, 'Zuxxez Entertainment', 'N/A', 'DE'),
(827, 'Zushi Games', 'N/A', 'GB'),
(828, 'Zynga', 'N/A', 'US');           
CREATE CACHED TABLE PUBLIC.PURCHASE_WEBSITE(
    ID INTEGER DEFAULT (NEXT VALUE FOR PUBLIC.SYSTEM_SEQUENCE_E505FCC9_BF82_40FB_AAC0_57F894E4911B) NOT NULL NULL_TO_DEFAULT SEQUENCE PUBLIC.SYSTEM_SEQUENCE_E505FCC9_BF82_40FB_AAC0_57F894E4911B,
    NAME VARCHAR(255),
    URL VARCHAR(4000),
    PRICE VARCHAR(255) NOT NULL
);               
ALTER TABLE PUBLIC.PURCHASE_WEBSITE ADD CONSTRAINT PUBLIC.CONSTRAINT_3 PRIMARY KEY(ID);        
-- 39 +/- SELECT COUNT(*) FROM PUBLIC.PURCHASE_WEBSITE;        
INSERT INTO PUBLIC.PURCHASE_WEBSITE(ID, NAME, URL, PRICE) VALUES
(1, 'Target', 'https://65002562.r.bat.bing.com/?ld=d3phTxwZalHQaSdaGf0Rjo_jVUCUxik_lxTrHo63jlheBkaz4Mhdrmu02SQ5q8Stn8arFYyj1szJuWh1JcUwzpBoZKjbhRMyKN_x-f0C4GbEHoVfD-BBLlsU0KGFy58gGn3lQrjSxFW3mrMjl2honLOQcf7lPUH1ztot-NNsZjh3tUZb2G&u=http%3a%2f%2fclickserve.dartsearch.net%2flink%2fclick%3flid%3d92700008905096006%26ds_s_kwgid%3d58700000853378974%26ds_e_adid%3d2585928852%26ds_s_inventory_feed_id%3d97700000001734779%26ds_e_product_group_id%3d1103400012476%26ds_e_product_id%3d50662793%26ds_e_product_country%3dUS%26ds_e_product_language%3den%26ds_e_product_channel%3donline%26ds_url_v%3d2%26ds_dest_url%3dhttp%3a%2f%2fwww.target.com%2fp%2fnintendo-selects-the-legend-of-zelda-ocarina-time-3d-3ds%2f-%2fA-50662793%26ref%3dtgt_adv_XS000000%26AFID%3dbing_pla_df%26CPNG%3d%5b*Campaign*%5d%26adgroup%3d%5b*Adgroup*%5d%26LID%3d%5b*EngineAccountID*%5dpbs%26gclid%3d%5b*GCLID*%5d%26network%3ds%26device%3dc%26querystring%3dThe%2520Legend%2520of%2520Zelda%253A%2520Ocarina%2520of%2520Time', '$15.99'),
(2, STRINGDECODE('Toys & Babi\u2026'), 'https://2628382.r.bat.bing.com/?ld=d3iZhVM56edTFV07PHDuik0TVUCUzvcBEzKuLkWFqAR5VAy2HkK325X3pWX20MffjDo4fp9o49goyz6vhCjzAY4ta7aPDEk0cg_gOXy8ANw1ffpWwF0Mt69wwmMkBtJweA-Cblp82fPHio_IR77baHQRban4UG6MiG6hCqi3AwXkn2hxP1&u=http%3a%2f%2fdms.netmng.com%2fsi%2fcm%2ftracking%2fclickredirect.aspx%3fsiclientId%3d11090%26IOGtrID%3d17.402432%26seid%3d82%26sicreative%3d12226682536%26sidevice%3dc%26siproduct_id%3d23726842%26siproduct_partition_id%3d1100405181119%26siquerystring%3dThe%2520Legend%2520of%2520Zelda%253A%2520Ocarina%2520of%2520Time%26ioc%3d61867923%26iog%3d4849354137%26iotid%3dkwd-1100405181119%26sinetwork%3do%26redirecturl%3dhttp%253A%252F%252Fwww.toysrus.com%252Fentry.point%253Fentry%253D89073046%2526source%253DCASHOP_DF%253A89073046%253ATRUS%2526cagpspn%253Dbingplat_23726842%2526camp%253DPLAPPCY-_-PID23726842%253ATRUS', '$19.99'),
(3, 'Best Buy', 'https://0.r.bat.bing.com/?ld=d3Gwnkl6mRGusNCp6-huIdyDVUCUw8aVWMv7JuEDePO0sO6dGVleb3eWOQ8oMd005_NBDqCU7PmtJ0WADRKrdnjgOtDeySMMA2O5dIi73Mdll8p5nyfCpSR4sz1A_ZTKX6f_UDN4ctDA_5Uw0_8cpHpehvyuW9hsiW2-aAs6cHG3j0u5fL&u=http%3a%2f%2f1207.xg4ken.com%2ftrk%2fv1%3fprof%3d3%26camp%3d8414%26affcode%3dpg196568%26kct%3dmsn%26kchid%3d1381%26cid%3d11484849296%26kdv%3dc%26kpid%3d4901083%26criteriaid%3dkwd-4577198187393366%26queryStr%3dThe%2520Legend%2520of%2520Zelda%253A%2520Ocarina%2520of%2520Time%26adgroupid%3d4729942405%26campaignid%3d53683311%26url%3dhttp%3a%2f%2fwww.bestbuy.com%2fsite%2fnintendo-selects-the-legend-of-zelda-ocarina-of-time-3d-nintendo-3ds%2f4901083.p%3fskuId%3d4901083%26ref%3d06%26loc%3d01%26ksid%3d_kenshoo_clickid_%26ksprof_id%3d3%26ksaffcode%3dpg196568%26ksdevice%3dc', '$19.99'),
(4, 'Lukie Games', 'https://593999.r.bat.bing.com/?ld=d3swce1CYohzyvLsOWAYnfujVUCUx6N6cO4kynusdLV7SXaBRBqIJSIRnnkBAnDNWlkVMWKh_lIgru94sh7jYawui0NJT2_6nn7pSOVdDJAVZQfQdTXbBfAiHLuzvZvRdeDZlyfIjObHCdQgYuf8nAoL_nb-9q-VvP8AJsr_fvPtWZRMlx&u=http%3a%2f%2fwww.lukiegames.com%2fLegend-of-Zelda-Ocarina-of-Time-Collectors-Edition-Nintendo-64-N64-Game.html%3futm_source%3dbing%26utm_medium%3dcpc%26utm_campaign%3dShopping%25201%26utm_term%3d1100308668365%26utm_content%3dAd%2520group%2520%25231', '$49.97'),
(5, 'Walmart', 'https://61000007.r.bat.bing.com/?ld=d3vd8NdmhNEcdTyKvT7c_TeDVUCUxDS18fTiq4BFpU48VcxWXJi0JotAQnD_aaGOeRZOt5x9unjgvChgtYLuQvzIPqcSdf21SbgRYS3DXZpMTiw9HEsEs8JP1pDFKkXPL4364ZVcdk4FC7suAp8HO0dgf4GshEjJhGreo1I_ssOyS92pT1&u=http%3a%2f%2fwww.walmart.com%2fip%2f9853799%3fwmlspartner%3dwmtlabs%26adid%3d22222222222001205987%26wmlspartner%3dwmtlabs%26wl0%3de%26wl1%3do%26wl2%3dc%26wl3%3d10352705012%26wl4%3dkwd-1103058068225%26wl12%3d9853799_0%26wl14%3dThe%2520Legend%2520of%2520Zelda%253A%2520Ocarina%2520of%2520Time%26veh%3dsem', '$8.80'),
(6, 'AwardWiki', 'https://1453991.r.bat.bing.com/?ld=d3DzRp6SQSLCBseEOTRuBbPDVUCUy-ed91szXbPZU04hJ_2IatUQl9WMglcVSsjsuhExOLz-3-7cMIKDe8Wbuu_XzsRQJx4oCBQuqgDTvSh1KPIBCjZpwEkLYsDKtEUyDSy9ibPVPPPd9LJN4JkzVQ_m-RduwuU99LXoQrQbMj01garulv&u=http%3a%2f%2fwww2.awardwiki.net%2fThe-Legend-Of-Zelda-Ocarina-Of-Time-Video-Games%3fchannel%3dbing_ads-20%23B00000DMB3', '$299.99');               
INSERT INTO PUBLIC.PURCHASE_WEBSITE(ID, NAME, URL, PRICE) VALUES
(7, '2DayDeliver', 'https://3023374.r.bat.bing.com/?ld=d3QVNX4u3Lx6eiWdIXZCmd2zVUCUxKXL8yq-bAxNw9Rd1nRPVaO95HtLzsg1DPcE_3QVxgcINva_qVeolTRNM0rZOB_DXHtPoeRYi5GKnPtp3uHKlgMg-Nt5dN9vspbtek4ZWiRrm9SIQM16qh-IIRquPfquTFW2PTk-RmUQxy6DmQzsUq&u=http%3a%2f%2fwww.2daydeliver.com%2fproduct_detail.php%3fid%3dSKUB00005CFHN%26last_node%3dSkate%2bRails', '$52.33'),
(8, 'eBay', 'https://3184402.r.bat.bing.com/?ld=d3I8fypll_eMlE1qW1t803lDVUCUz2CaSgbh3UERhBOKJJLo1KN6tsQN6nICzI3wX_1aB-MP4jzQ1WQRoLPzdmZXRGiUetBmQ-2EfL62ZrEmJdocV9K4e1TggFGxkfIzJubayp6nd8Pz5jTSCM0QNGtwvobC3eKuYehH3NOt0BdjyO97Ft&u=http%3a%2f%2frover.ebay.com%2frover%2f1%2f%5bROTATION_ID%5d%2f2%3fipn%3dicepnull%3d%5bKW_ID%5dnull%3d%5bMATCH_TYPE_ID%5dnull%3d%5bNOSUBS_KEYWORD%5dnull%3d%7bcreative%7d_%5bLP_ID%5d_ICEP3null%3d%5bMATCH_TYPE_ID%5dnull%3d%5bTARGET_ID%5dnull%3d%5bicep_id%5dnull%3d%7badposition%7dnull%3dc%40huage%3dhttp%253A%252F%252Frover.ebay.com%252Frover%252F1%252F711-213727-13078-0%252F2%253Fkwid%253D1%2526itemid%253D351848240739%2526mpre%253Dhttp%25253A%25252F%25252Fwww.ebay.com%25252Fitm%25252Flike%25252F351848240739%2526device%253Dc%2526cmpgn_id%253D222000019%2526ad_grp%253D1335010026%40test%3d666', '$39.99'),
(9, 'Microsoft Store', 'https://3197549.r.bat.bing.com/?ld=d3gORlOwjovfrfUJjH9rWsjzVUCUz2zp6Mll3PFsKm2TCM1r0ofxJaC1wh4MTjF8oAPpJuK4lSDDRaoMfieDOl5Df5O3bnX1AmTx8wVxfyavpQhvmlNFjguVEMvqD7FUYrt6bI2mS2yipV7jlbjekexgNcovAhRAe-Ffz2F3lKT8ZkyK9q&u=http%3a%2f%2fpixel.everesttech.net%2f4249%2fcq%3fev_sid%3d10%26ev_ltx%3dpla%3atest%26ev_crx%3d13665223750%26ev_mt%3de%26ev_dvc%3dc%26ev_plx%3d318419800%26ev_ptid%3d1104001388178%26url%3dhttps%3a%2f%2fwww.microsoftstore.com%2fstore%2fmsusa%2fen_US%2fpdp%2fproductID.318419800%26%3d%3fVID%3d335715100%2526WT.mc_id%3dus_datafeed_pla_bing%2526WT.mc_id%3dpointitsem%2526WT.mc_id%3dGaming', '$19.99'),
(10, STRINGDECODE('Newegg.c\u2026'), 'https://578790.r.bat.bing.com/?ld=d3FCKpddVzYIn0HFdhrxo4gjVUCUyeScUc6jIMcH-DFaO0yqRJXEJ6xBeJo6-gsISNO75OnvI-8HceVnT4NYfcZ2Iz5vZeabvswS54hdy68PsZjFSpmqD1ho19e8iUUK9_4gxVZj31_TdSpR54RPnRd1uZ_UTQ9u9dj8-nX0YcSfRTaAuL&u=http%3a%2f%2fclickserve.dartsearch.net%2flink%2fclick%3flid%3d92700008712804790%26ds_s_kwgid%3d58700000778902348%26ds_e_adid%3d2725138493%26ds_s_inventory_feed_id%3d97700000000000031%26ds_e_product_group_id%3d1104800000226%26ds_e_product_id%3dN82E16832137014%26ds_e_product_country%3dUS%26ds_e_product_language%3den%26ds_e_product_channel%3donline%26ds_url_v%3d2%26ds_dest_url%3dhttp%3a%2f%2fwww.newegg.com%2fProduct%2fProduct.aspx%3fItem%3dN82E16832137014%26nm_mc%3dKNC-MSNSearch-PC%26cm_mmc%3dKNC-MSNSearch-PC-_-pla-_-Downloadable%2bSoftware%2b-%2bGames-_-Rockstar%2bGames-_-32137014', '$19.99'),
(11, 'Jet.com', 'https://40062625.r.bat.bing.com/?ld=d3nRSNfL04IWVy9OvdNMgMKzVUCUweVVtmavbOurQAb_YuWNhaaGYPemUAqaWGZ3hq39B_6Cejo6fum57RnMNiOyyt40G3KDIflO1baJRMk-X9mYV6psH0BuK5MKP7SML5eG3gHUs85UcQzsTZDViTiBT51tFrDjoQsj9M0uHbEKCv4mms&u=http%3a%2f%2f6005.xg4ken.com%2ftrk%2fv1%3fprof%3d419%26camp%3d423036%26affcode%3dpg6705709%26kct%3dmsn%26kchid%3d40062625%26cid%3d75797586739632%26kdv%3dc%26kpid%3df5397fdd1bae4b7d935fae3c3d8258a2%26criteriaid%3dkwd-4579397210239672%26queryStr%3dSuper%2520Mario%2520Galaxy%25202%26adgroupid%3d1212761341732213%26campaignid%3d276117195%26url%3dhttps%3a%2f%2fjet.com%2fproduct%2fdetail%2ff5397fdd1bae4b7d935fae3c3d8258a2%3fjcmp%3dpla%3abng%3anj_video_games_consoles%3avideo_games_consoles_video_games%3ana%3aPLA_276117195_1212761341732213_kwd-4579397210239672%3ana%3ana%3ana%3a2%26code%3dPLA15', '$19.88'),
(12, STRINGDECODE('Thriftbooks.c\u2026'), 'https://41023672.r.bat.bing.com/?ld=d3cwZ1zHf_mCBwikNNDNZP4zVUCUzBie1NrHBfAVK0HFWCLCvMrP1Bv_8_-aacyGGGt7A3FnpChgFxPaRQ67p-Y6py8TOfwCBLKigcg9iyslWMHpp6zsdqkiwoAzTCCBkt4sV4kSNlqQJoG96qJQQOb29mwFpNVNqfjhllCLkU9kAo5jVQ&u=http%3a%2f%2ftracker.marinsm.com%2frd%3fcid%3dsnl9t30fh0%26lp%3dhttp%3a%2f%2fwww.thriftbooks.com%2fw%2ftony-hawks-pro-skater-3%2f8553138%2f%26utm_source%3dbing%26utm_medium%3dcpc%26utm_campaign%3dBing%2520Shopping%2520%257C%2520Everything%2520Else%26utm_term%3d1101002858882%26utm_content%3dEverything%2520Else%23isbn%3dB00005NN5G%2526mkwid%253DHQtBD9yx%257Cdc%2526pcrid%253D11558792766', '$4.34');   
INSERT INTO PUBLIC.PURCHASE_WEBSITE(ID, NAME, URL, PRICE) VALUES
(13, 'DKOldies', 'https://315306.r.bat.bing.com/?ld=d3WIiK2otNNaUYnUrDTY_r2zVUCUyiVhelrme4rCkqQK3EokQ9O6JVT-a_P2nE2q8M0SXCGddQb8VrCxJszJI8WWx0ufDd0g5ASgpCFydgjsE7BAS52_tNFejYPrOyUajvyNr627kwWk0ZP9Tp90dt8weMXGf2pwUNjv53IgXiMYZR9fIa&u=http%3a%2f%2fdkoldies.com%2ftony-hawks-pro-skater-3-n64-game%2f%3fgdffi%3d8c1ab7a0e08a4ae0932a3e7717ae7d4c%26gdfms%3d83D14C2747694FB9BE1F7F4E3C4C17DA', '$40.00'),
(14, STRINGDECODE('Rakuten.co\u2026'), 'https://33000006.r.bat.bing.com/?ld=d3GvMqQZgIy9OhPoghDW_OoTVUCUyCYx7ghKqKFKvDFhzRSyVPR0X0ffNIRRCDPdCyOEnxkjNDD1pbWhz3J6hD_JEcuomQh2cHkvwnm0ydtBExpUE2o4BAWAK0hxrWm2zexpHb3P1wjSFF6OFka8mkTyZu_Ym350a2-ZU-9xfssIyI7gzN&u=http%3a%2f%2ftracking.deepsearch.adlucent.com%2fadlucent%2fRedirector%3fretailer%3drakuten%26adl_channel%3dbingproductads%26adl_sku%3d409385164%26adl_adType%3dPLA%26adl_adid%3d14194750853%26adl_device%3dc%26adl_plaid%3d1100203642116%26url%3dhttp%3a%2f%2fwww.rakuten.com%2fprod%2fgrand-theft-auto-iii%2f50011090.html%3flistingId%3d409385164%26sclid%3dpla_bing_stores123%26adid%3d27314%26utm_source%3dbing%26utm_medium%3dcpc%26utm_campaign%3dShopping%2520-%2520Product%2520Type%26utm_term%3d1100203642116%26utm_content%3dTech', '$10.55'),
(15, 'GameStop', 'https://998200.r.bat.bing.com/?ld=d3xARAKFsCvkYSdKE2oZ1FszVUCUxu6iSycuQ4oBMcC9NtNfa_DiVaRYn8qS_xb-nTbRD_vT9pLYixPWL2lDkaoLlQj2G0d7G1Hwg_0XVrLSzy7tgSy0KsZmy__HbF9yih7eO7aT6GkFsvcVOuKJzwfqTprXsGTJYQXvir8bUqxNrxBq13&u=http%3a%2f%2fclickserve.dartsearch.net%2flink%2fclick%3f%26%26ds_e_adid%3d9143283114%26ds_e_product_group_id%3d1100400361967%26ds_e_product_id%3d525180%26ds_e_product_country%3dUS%26ds_e_product_language%3dEN%26ds_e_product_channel%3donline%26ds_url_v%3d2%26ds_dest_url%3dhttp%3a%2f%2fwww.gamestop.com%2fpc%2fgames%2fgrand-theft-auto-iii%2f19750%3fcid%3dfds_10000777%26CAWELAID%3d120192760000018748', '$9.99'),
(16, STRINGDECODE('Barnes & No\u2026'), 'https://0.r.bat.bing.com/?ld=d3U84EzDxRmgI15DroRjnEbjVUCUwuNMb5luAQYliWLppqkPHFcWEtW6fXKgc3CTxDmYe30An0-CsbPfL6ikwx4uDxiMcZ4CPYD2CsiDHMMSyzoG6GbDrKYo1Hcby9tftaRZgDuTL0N8NuS9XcuiKd_eMo86lcw01D-NIaScfMErqtcjQF&u=http%3a%2f%2f5022.xg4ken.com%2ftrk%2fv1%3fprof%3d3%26camp%3d1051426%26affcode%3dpg67440%26kct%3dmsn%26kchid%3d1055003%26cid%3d76759660048679%26kdv%3dc%26kpid%3d2940157830809%26criteriaid%3dkwd-4580359282972271%26queryStr%3dMetal%2520Gear%2520Solid%25202%253A%2520Sons%2520of%2520Liberty%26adgroupid%3d1228154494052867%26campaignid%3d279032753%26url%3dhttp%3a%2f%2fwww.barnesandnoble.com%2fw%2fMetal-Gear-Solid-2-Cris-Converse%2f1123489954%3fean%3d2940157830809%26st%3dPLA%26sid%3dBNB_DRS_BN%2bBing%2bBooks_00000000%262sid%3dBing_e%26sourceId%3dPLBiP67440', '$2.99'),
(17, 'Bonanza', 'https://1129638.r.bat.bing.com/?ld=d3jFg9lSzvGwxIcaAXn5l5RjVUCUxbMrbI_u5_61f8N89DrE_Ogkh7pHLO7BLteotTfl1W-BodXisPuMWsiAS2DcrArb1c1qmn_yH5vzDI6AhPZEptgpHc5ipavJkcOddhhRhtOe7Zf4yn9EcPdFs678BuH-WwCqwOwf28x9GUaq9R0LZ8&u=http%3a%2f%2fwww.bonanza.com%2flistings%2fGrand-Theft-Auto-Double-Pack-Great-Condition-Complete-Fast-Shipping%2f262956844%3futm_source%3dbing-ads%26utm_medium%3dcpc%26utm_campaign%3dproduct_feed', '$39.93'),
(18, STRINGDECODE('Books-A-Mill\u2026'), 'https://0.r.bat.bing.com/?ld=d38xtuMNTHZKIWjc6jeaZM4DVUCUx3hBYIJidhW-fr4rfrgFbIQmfHO63LRkiPrxhq81k8IzYOxRb5zTDjZnedA2vRwWInEDM2Hg-8pif16RnjQQvhzQ9qnIqltidAq9A6qrs_LYDxGa8vJGQZI9Ghvt6UJDrC7RWmqZd3Hl_MGIrkC726&u=http%3a%2f%2fwww.booksamillion.com%2fp%2fBaldurs-Gate-II%2fJesse-Russell%2f9785510776720%3fad%3dPFBING', '$19.95'),
(19, 'Pricefalls', 'https://44040949.r.bat.bing.com/?ld=d3lkkmp_Ki1GOiZN_bO1UnMTVUCUy-shXV8SO48r_ThQVx6EEUlWgxTZ_zad2etbL2kda6isMyxEe7ceDfl0vZTV37p1FBe2sQniOoCVv6m7h1vJ0ZNjsKl_v_elp6r7ChdfeFczZiXqG4BMujExwvmf5TmLb_-U1wxphXjK_Z0hm6juz7&u=http%3a%2f%2fwww.rkdms.com%2fredirect%3fc%3d3163388063%26amp%3ben%3d59%26amp%3bcl%3d900%26amp%3bu%3dhttps%253A%252F%252Fwww.pricefalls.com%252Fproduct%252Fgrand-theft-auto-vice-city-playstation-2%252F88730314%253Futm_source%253DBingShopping%2526utm_medium%253Dcpc%2526utm_term%253DPLA%2526utm_content%253D%25257BProductId%25257D%2526utm_campaign%253DVideoGameAdvantage%252B%25257C%252B2868%2526creative%253D75797588678237%2526device%253Dc%26utm_source%3dbing%26utm_medium%3dcpc%26utm_campaign%3dVideoGameAdvantage%2520%257C%25202868%26utm_term%3d4579397210327501%26utm_content%3dAll%2520Products', '$9.84');             
INSERT INTO PUBLIC.PURCHASE_WEBSITE(ID, NAME, URL, PRICE) VALUES
(20, 'Reindeer Toys', 'https://140032953.r.bat.bing.com/?ld=d3nLPEhMK-TK1dA9w-C2e9SDVUCUzr_8uAE3zb9llEkbzRfz40rMBDkzNXVG7fGyknDlh5QVwFzZ3E32mmMjMK1mNvOXruUqJdGBafylTCnZC28SDm7lknjI9Eze2HQCbzNp3aSvkTd0tZm7-98NXYjtRIErosRLIuMTcJUaD42I4eNgb_&u=http%3a%2f%2fwww.reindeertoys.com%2fstore%2f24a-11846801-B00JK00S0S-The_Last_of_Us_Remastered_PlayStation_4.html', '$15.86'),
(21, STRINGDECODE('Green Man \u2026'), 'https://143000284.r.msn.com/?ld=d3raq7TfzG0ngwCMC5uCs5jDVUCUznSnBabGPOwrMwud4mRsZD1sjOdlg3L85C4z6AGLSxT6RGTAT2qi0Gh-7Mk2qlo10qS7kshHn278SVJOy_6utPf_F54G_XUOSKPFyWCmOFjAPjB8O1a4VXDf5ykzkSwkhSj272-8dd2PgxYRuIExPY&u=https%3a%2f%2fwww.greenmangaming.com%2fgames%2fmetal-gear-solid-v-the-phantom-pain%2fusd%2fus%2f%3fesvadt%3d999999-0-59058-1%26esvq%3d%26esvrq%3dMetal%2520Gear%2520Solid%2520V%253A%2520The%2520Phantom%2520Pain%26esvcrea%3d75247835953161%26esvd%3dc%26esvt%3d2242-MSUSE334290%26esvo%3dMetal%2520Gear%2520Solid%2520V%2520The%2520Phantom%2520Pain%2520UK%2520-%2520PC%26esvaid%3d50157', '$39.99'),
(22, STRINGDECODE('J4 Womens \u2026'), 'https://1850411.r.bat.bing.com/?ld=d3DLmFzrruNPTQUxpcOlykvzVUCUy8seVIYsBtRMmaRsLaiOxxOvKSuKRDA62AUZsjWU3Hj8fA-v1v9EbgHHIL5vWFmdl5vfKdAUFz5aTdQQUWq5xL5zEUKmphyosoAD0ZrtMFUxD20nxonGv1GaZa1eZQNZvVQNSeQcrFMeM-PPYxj2nS&u=http%3a%2f%2fwww.justforwomensfashion.com%2fNintendo-Selects-The-Legend-of-Zelda-Ocarina-of-Time-3D-3D_i2192402', '$24.99'),
(23, 'QVC', 'https://2513817.r.bat.bing.com/?ld=d3BKdkgiRND9sji_TUrd5BSzVUCUzpaD9MyHphtfuag6w4y3Qp0281l7aSKCMwWHIPV5GUL55jhLd11_a7_f9dfRmt8DBP2DNV2avbe968zcMnMRQYGWMCfh9juwMhC8ZE2G6vjfzI4RhBTuURIWZD7_5gl-OXDCDI9I0eGFL2co_4gCpE&u=http%3a%2f%2fwww.qvc.com%2fqvc.product.E148455.html%3fref%3dJF1%26cm_MMC%3dJELLYFISHFEED-_-Electronics%2b-_-%2bSoftware%2b-_-Sid%2bMeier%2527s%2bCivilization%2bIV%2b-%2bWindows%26E148455-000-000%26cvosrc%3dpla.bing.%26mkwid%3ds%257Cdc_pcrid_%7bcreative%7d_pkw__pmt_e%26CAWELAID%3d120240770001629935%26catargetid%3d600006460006143031%26cadevice%3dc', '$29.96'),
(24, STRINGDECODE('Practicon De\u2026'), 'https://886724.r.bat.bing.com/?ld=d3QzzwAupJNF8ZnGXhdKTsXDVUCUzsP4mHkPavcw-c0WHojVZoLTFz17_Dh_dUjKwR-ebe7ZENkdLe9Ki1c6rix6rzYv3NCdQ3VTwbZWUPhomDWb4woFktuzgtYV423RsoYVyD5bzfAhkloMjK03qXFVBogYsHtssX8bSojHmZ1cJHAfwJ&u=http%3a%2f%2fwww.practicon.com%2fitem%2fbiosonic-wipeout-wipes-xl%2f70550121%3fsrc%3d1000069%26utm_source%3dbing%26utm_medium%3dcpc%26utm_campaign%3dshopping-bing-new%26utm_term%3d1100203571609%26utm_content%3dcoltene-whaldent-inc', '$18.99'),
(25, 'Zazzle', 'https://2514355.r.bat.bing.com/?ld=d3xJ_m5Uk3M9V8acv5k0cM_zVUCUyIWtpKAQphwF2yPMDquRHOwzyzlI8ppPT1tY-vtQgoFYjy6T-LZkkAu9hfIlOT2p0icfYPgeDPEmtFbscBpLomQ9IKXpo1aVHwZD6_vhxmmfwkpupuB-g4b-oZULbmMImEf5DW1cQQc1wxQJ9RJnvi&u=http%3a%2f%2fclickserve.dartsearch.net%2flink%2fclick%3flid%3d92700015204901591%26ds_s_kwgid%3d58700001885865241%26ds_e_adid%3d2726443078%26ds_s_inventory_feed_id%3d97700000001996342%26ds_e_product_group_id%3d1104800004439%26ds_e_product_id%3dz168329579426576933%26ds_e_product_country%3dUS%26ds_e_product_language%3den%26ds_e_product_channel%3donline%26ds_url_v%3d2%26ds_dest_url%3dhttp%3a%2f%2fwww.zazzle.com%2frock_band_2_taza-168329579426576933%3frf%3d238772772155923633%26tc%3d%5b*GCLID*%5d%26gsrc%3d%5b*GCLSRC*%5d', '$14.95'),
(26, 'Racing Shop', 'https://47082804.r.msn.com/?ld=d3aBgizU6i8VFdpFL_mxYGnzVUCUyE3Bz9qoGswVFKonxhS_0I-t1Jl_rvpV-ja0NqX__HM89ngGmIhJQBNobANDnNYVWkSZmXEm1JTuRVrM06j5L4R3k7H21PeRPAVhtXAiRx37nQrymKDMMNB0qRTFLWeld2JX10al76xOp1PlwGX_31&u=http%3a%2f%2fwww.racing-shopper.com%2fstore%2f5a-11846801-B002BSA2LQ-Forza_Motorsport_3_Xbox_360.html', '$9.98'),
(27, 'JCPenney', 'https://2703313.r.bat.bing.com/?ld=d3uKJE0NVHYuWngXB0tTTUbjVUCUwvFjNublV04SmCqvT5YSl_EtULOupAUoe6xd9PiZ7p5DpeL2srEi1IUtRsH4KJIN2RJog9kC8gr4kVqtw9b_SZF1YbbmtsUFzxjrjmOgmXPnYJdsiXvEvAY8D9g2WLTH0JKa7XVaFc4a_-qRfaL-X1&u=http%3a%2f%2ftracking.deepsearch.adlucent.com%2fadlucent%2fRedirector%3fretailer%3djcpenney%26adl_channel%3dbingproductads%26adl_sku%3d65566010018_0BMC%26adl_adType%3dPLA%26adl_adid%3d9341368650%26adl_device%3dc%26adl_plaid%3d1100100961203%26url%3dhttp%3a%2f%2fwww.jcpenney.com%2fxbox-360-batman-arkham-asylum%2fprod.jump%3fppId%3d1e70739%26country%3dUS%26currency%3dUSD%26selectedSKUId%3d65566010018%26selectedLotId%3d6556601%26fromBag%3dtrue%26cm_mmc%3dShoppingFeed-_-BingShopping+-_-Video%2520Games-_-65566010018%26utm_medium%3dcse%26utm_source%3dbingshopping%26utm_campaign%3dvideo%2520games%26utm_content%3d65566010018%26cid%3dcse%7cbing%7c003%2520%252d%2520childrens%7cvideo%2520games_65566010018', '$20.00');            
INSERT INTO PUBLIC.PURCHASE_WEBSITE(ID, NAME, URL, PRICE) VALUES
(28, 'Sam''s Club', 'https://61000027.r.bat.bing.com/?ld=d3Lu-QGOPWCSNWvEbcedDyIjVUCUwaeHwFt_aR1TDZWXSssLrWvhCTY-ozsHuvaCn84RR8e29OypfymVVScnle9Ha6KM_3qwpgVuGbbF358IYRVXXJiclZkgtHLzULL_3QwKNrUOKbfyQ4vdx2ZPqCIE1--WjTf7Z8X3aI3hUZ1m4TVLTV&u=http%3a%2f%2fwww.samsclub.com%2fsams%2fguitar-gero-live-xb1-street-date-10-20-15%2fprod19020602.ip%3fpid%3d_CSE_BING_PLA_123581%26source%3difpla%26CAWELAID%3d730010300000907735%26pid%3dps_230012788%26adid%3d22222222622000068528%26wl0%3de%26wl1%3do%26wl2%3dc%26wl3%3d10352251648%26wl4%3dkwd-1105708107537%26wl12%3d123581%26wl14%3d%26wl15%3d5841941610%26wl16%3d%26veh%3dsem', '$29.98'),
(29, 'CD Key Direct', 'https://135058684.r.bat.bing.com/?ld=d3WWNrORms9O-Ej27vxi7nDTVUCUwMww0TL2XF-SuhQp23p6vbLpb00nowcM9GfDOWux6Jt_M2eJxYM48bYfnNySACF-zhGKkhlsOP5uFCg962dnva2EA4xJ5U4LAEP814vlXdxg-zD2ytHSbd_bdcwCxEf4He3b0tI3PgqNkQUYYXdgFc&u=https%3a%2f%2fwww.cdkeydirect.com%2fproduct%2fassassins-creed-ii%2f%3faelia_cs_currency%3dUSD', '$5.01'),
(30, STRINGDECODE('Village Hat S\u2026'), 'https://18958.r.bat.bing.com/?ld=d3GdsUrAcBWwtrd9_Bh_k84zVUCUwos8jqV89_QC6UoJp5rNG1Ge5y7vp4fUfL1OGtnDCz57yeNHiGNYfY7NjNUJ8hcqe7ESHTVlr3ZaIOVkXBhwCmVxL3Ha1YIIosT9dkJ4kO7PCfGKsH6ayCJObZthzBnWdJcb88BaTHwLHBk2A4vsnd&u=http%3a%2f%2fwww.villagehatshop.com%2fproduct%2ffez%2f451139-6130%2fvillage-hat-shop-maroon-fez-w-black-tassel.html%3futm_source%3dbing%26utm_medium%3dcse%26scid%3dscbplp0%26sc_intid%3d451139-74071%26utm_source%3dbing%26utm_medium%3dcpc%26utm_campaign%3dShopping%2520Campaign%26utm_term%3d1100400354481%26utm_content%3dAll%2520Products', '$21.95'),
(31, STRINGDECODE('Candy Appl\u2026'), 'https://0.r.bat.bing.com/?ld=d36HucPYe-iUG89wZlGQvDjjVUCUwe147f4PURczYhzC1oU1uAiiS0n97f-IRqlXekIXhulVPs141ZxSsXYjpCD2V1E5X4KDmHufGV9fRA4ovsuYMMuv22Qa0zh0SB8yzgG6yGlegWQGAh8U0WNhnMJC9qT6wP9cQ-AsdL-PzljhqCkfeE&u=http%3a%2f%2fwww.candyapplecostumes.com%2ffo57502.html%3fcmp%3dbingshopping%26kw%3dfo57502%26utm_source%3dbing%26utm_medium%3dcpc%26utm_campaign%3dECI%2520-%2520PLA%2520-%2520All%2520Products(BSC)%26utm_term%3d4577610504052637%26utm_content%3dECI%2520-%2520Product%2520Ads%2520ad%2520group', '$8.99'),
(32, 'e4Hats.com', 'https://788037.r.bat.bing.com/?ld=d3PTkz-yl3WgwSJR2paZmu4DVUCUz7k4EpjhAkzK6jXFRouWzb8zBmdZ7CoNMEm0sUdTiW-f-pdoPwZfycSFtzjPRe1ieeI_yqhocAG4xpbBwAWjumQJLQQ-HYbioj8BnyePBkDmjejXa9EjomNL_2yq31I6zv8eHA2jUMf8KrY8PvrkSO&u=http%3a%2f%2fwww.e4hats.com%2ffelt-fez-hat-red-yellow.html', '$9.99'),
(33, STRINGDECODE('CenturyNove\u2026'), 'https://387411.r.bat.bing.com/?ld=d3e5QbqslKp-8f7Wv-Sn4Q8TVUCUzS2Tu5LPUI7oH84-TlYbuuymORvQr74SDoOmkh6oq79wFRD7FV4ziOWgNiZGra-E-gFUARobY3B-rH2klK1CM4Qv3Fb5hdcUDifDpdFEpLe1zNeNb4jWbrJHTgOpy4xjc_7fUcMnLE0wETgwb1pvRj&u=http%3a%2f%2fcenturynovelty.com%2fdetail_092-218__174__Red-Fez-Hat.html%3fmr%3atrackingCode%3d79AFC493-13F0-E411-9201-001B2163195C%26mr%3areferralID%3dNA%26mr%3adevice%3dc%26mr%3aadType%3dpa%26mr%3aad%3d9342526299%26mr%3afilter%3d1100101116718', '$3.95'),
(34, 'ProFlowers', 'https://1097515.r.bat.bing.com/?ld=d3ikw3--8frv1o-tk1KDZvUTVUCUwI_XpeO6LtBFBJKyAgEig6VDm_ECHcuQjDMJzCOfC2lQMmyHkLhYKktgSflptfgQk9C7ammgQ3niBf-SvZJuekWfO1kmdSsr1iT0hqn1HN3jweph7QAO90xjKwMU5mX9Mbl0x7p-T6XupEae4YmY56&u=http%3a%2f%2fclickserve.dartsearch.net%2flink%2fclick%3flid%3d92700015318320556%26ds_s_kwgid%3d58700001899639777%26ds_e_adid%3d76622218535201%26ds_s_inventory_feed_id%3d97700000001003851%26ds_e_product_group_id%3d4580221843959404%26ds_e_product_id%3d30213158%26ds_e_product_country%3dUS%26ds_e_product_language%3dEN%26ds_e_product_channel%3donline%26ds_url_v%3d2%26ds_dest_url%3dhttp%3a%2f%2fwww.proflowers.com%2fproduct%2f-30213158%3fcobrand%3dPFC%26REF%3dPFCFeedBingPLA%26cvosrc%3dShopping.BingPLA.30213158%26CAWELAID%3d130004200000029133%26catargetid%3d130004200000035856%26CADEVICE%3dc', '$19.99'),
(35, 'GiftTree', 'https://11266.r.bat.bing.com/?ld=d3bcvQbQ1pV3wvG5Z1M8tL6jVUCUw8AnAAMAdj6tr0CJQ38CmQyjwMXWgJV8Y5CDpq9nH_ZJagL89OoaUsqLl9V_A5ZhoClYQbOgYgAib9coldp-aNoTPOIOEmo79A-is4K6ozk_BMWp_qrpC_Mfgn3U_1ibYcgJ4ZdozYsGd4oPf0nY4B&u=https%3a%2f%2fwww.gifttree.com%2fp3%2f13141%2fpolka-dots-and-posies-1%3frefer%3dmsnpla%26utm_source%3dbing%26utm_medium%3dcpc%26utm_term%3d%26utm_content%3d12170559931%26utm_campaign%3dMSN%252BPLA%26kwtype%3de%26kwq%3d', '$39.95');      
INSERT INTO PUBLIC.PURCHASE_WEBSITE(ID, NAME, URL, PRICE) VALUES
(36, 'GoPeachy.com', 'https://1082311.r.bat.bing.com/?ld=d3UCqnywgSZZSo_wR0qP9ZNTVUCUzEGaeVLjY3BLU-x-gA1beX0ILqm9eLesxkH2pXK0MGEbtdL_3hF43DHuvuKhfOqJwoIvJWjE0nI6jA-flVK4xTwvX-HLfYQfITVxJ0P7dOS-HCWKcDMZVxZKkztU6bXLysUnBRUNEZOaqQXuh2L9z4&u=http%3a%2f%2fwww.gopeachy.com%2fProject-Gotham-Racing-2-Xbox--Xbox-Xbox-Condition-VERY-GOOD_p_324879.html%3fgdffi%3dcffdbea371064b13ad898dcffc75082a%26gdfms%3d6CB12ADF9D444952909811C7D79139F6%26utm_source%3dbing%26utm_medium%3dcpc%26utm_campaign%3dProduct%2520Ad%2520Campaign(BSC)%26utm_term%3d1100202121550%26utm_content%3dAd%2520group%2520%25231', '$0.99'),
(37, STRINGDECODE('DelightsVille.\u2026'), 'https://2776071.r.bat.bing.com/?ld=d3JKhEtf5_9AFDPKjCyZ8fLjVUCUxrCo4g_gvA5KB1WGo-Cx-mex8Vo89vIzVn0Lbnui9lffSkOBRnQ2J01x4t0ougGuvDu14eYAfJccFa30m4sPQaOIklUdzddfkUi_DjrHG6aukFLPl5X_iKQrMQDbOCLFDFfa6QvHxTx0A414d5yX5D&u=http%3a%2f%2fwww.delightsville.net%2fproducts%2fdiablo-iii-ultimate-evil-xb1.html%3futm_source%3dbing%26utm_medium%3dppc', '$63.95'),
(38, STRINGDECODE('Chickadee S\u2026'), 'https://40022065.r.msn.com/?ld=d3x4vEWkK6zeZ4gqeU-lA04jVUCUyYWl7E9yhtNXx8Hl9j5EOzumlLne5pw7gd2pTFYucBfg7NzoCXH3yI6GMXracPDtN47ppgVz__VlCqJXwjw0kirBc2o_yBxEjk49Q7hmckFzUf4qILaqdyXIx2KFCj3mPhtqWSvyO7IJ39vukwCLe6&u=https%3a%2f%2fapi.shoppingcartapps.com%2fbing-shopping%2ft%2fc.php%3fvid%3d20854006341', '$28.95'),
(39, 'MeoEstore', 'https://0.r.bat.bing.com/?ld=d3OqHUD0PQzs0w1T5XRxGGfzVUCUywnrs2xbZXwsLB2-czAGB5V7ml1QO0xbtC5ZI5sj_F7FK41rMpjkcNuQPC-poIAqlMARcfN1wuV3B_3zijk8leKKyXHL2HLj1ZnmQSF_4So5U0zubLgQwEVBJ8MeXgJuRYaofOUwYQvvzDmt9A7Yis&u=http%3a%2f%2fwww.meoestore.com%2fproduct_info.php%2fubi-soft-rise-nations-gold-edition-p-67778', '$1.52');              
CREATE CACHED TABLE PUBLIC.SCORE(
    ID INTEGER DEFAULT (NEXT VALUE FOR PUBLIC.SYSTEM_SEQUENCE_D25A458F_FD3B_4783_897D_DBECB2D317D0) NOT NULL NULL_TO_DEFAULT SEQUENCE PUBLIC.SYSTEM_SEQUENCE_D25A458F_FD3B_4783_897D_DBECB2D317D0 SELECTIVITY 100,
    SCORE VARCHAR(255) SELECTIVITY 18,
    GAME_ID INTEGER SELECTIVITY 9
);               
ALTER TABLE PUBLIC.SCORE ADD CONSTRAINT PUBLIC.CONSTRAINT_4B PRIMARY KEY(ID);  
-- 2178 +/- SELECT COUNT(*) FROM PUBLIC.SCORE; 
INSERT INTO PUBLIC.SCORE(ID, SCORE, GAME_ID) VALUES
(1, ' 5/5 ', 1),
(2, ' 10/10', 1),
(3, ' 10/10', 1),
(4, ' 40/40', 1),
(5, ' 5/5 ', 1),
(6, '', 1),
(7, ' 10/10', 1),
(8, ' 10/10', 1),
(9, ' 10/10', 1),
(10, ' 9.5/10', 1),
(11, ' 5/5', 1),
(12, ' A+', 3),
(13, ' 10/10', 3),
(14, ' 9.5/10', 3),
(15, ' 10/10', 3),
(16, ' 10/10', 3),
(17, ' 10/10', 3),
(18, ' 9/10', 3),
(19, ' 10/10', 3),
(20, ' B', 3),
(21, ' 9.4/10', 3),
(22, ' 9/10', 3),
(23, ' 5/5 ', 3),
(24, ' 9.2/10', 3),
(25, ' 5/5 ', 3),
(26, ' 10/10', 3),
(27, ' 5/5 ', 4),
(28, ' 10/10 ', 4),
(29, ' 40/40 ', 4),
(30, ' B- ', 4),
(31, ' 8/10 ', 4),
(32, ' 5/5 ', 4),
(33, ' 10/10 ', 4),
(34, ' 10/10 ', 4),
(35, ' 9.25/10 ', 4),
(36, ' 98/100 ', 4),
(37, ' 10/10', 6),
(38, ' 38/40', 6),
(39, ' 5/5 ', 6),
(40, ' A', 6),
(41, ' 9.5/10', 6),
(42, ' A', 6),
(43, ' 9.5/10', 6),
(44, ' 10/10', 6),
(45, ' 9.75/10', 6),
(46, ' 5/5 ', 6),
(47, ' 5/5 ', 6),
(48, ' 9.7/10', 6),
(49, ' 9.8/10', 6),
(50, ' 97%', 6),
(51, ' 10/10', 6),
(52, ' 10 out of 10', 7),
(53, ' 37 out of 40', 7),
(54, ' 4.5/5 ', 7),
(55, ' 10.0 out of 10', 7),
(56, ' 9.7 out of 10', 7),
(57, ' 10.0 out of 10', 7),
(58, ' A', 7),
(59, ' 9.25 out of 10', 7),
(60, ' 10 out of 10', 7),
(61, ' 4.5/5 ', 7),
(62, ' 97%', 7),
(63, '', 7),
(64, ' 10/10', 8),
(65, ' 9/10', 8),
(66, ' 10/10', 8),
(67, ' 9/10', 8),
(68, ' 9.75/10', 8),
(69, ' 5/5 ', 8),
(70, ' 97/100', 8),
(71, ' 4.5/5 ', 8),
(72, ' 9/10', 8),
(73, ' 10/10', 8),
(74, ' 9.75/10', 8),
(75, ' 3.5/5 ', 8),
(76, ' 10/10', 8),
(77, ' 92%', 8),
(78, ' 9/10', 13),
(79, ' 5/5 ', 13),
(80, ' A-', 13),
(81, ' 9.9/10', 13),
(82, ' 9.8/10', 13),
(83, ' 9.6/10', 13),
(84, ' 96%', 13),
(85, ' 10/10', 13),
(86, ' 9.0/10', 13),
(87, ' 9/10', 15),
(88, ' 10/10', 15),
(89, '', 15),
(90, ' 9.7/10', 15),
(91, ' 9.8/10', 15),
(92, ' 5/5 ', 15),
(93, ' 9.5/10', 15),
(94, ' 96/100', 15),
(95, ' 5/5 ', 16),
(96, ' 8/10', 16),
(97, ' 5/5', 16),
(98, ' A', 16),
(99, ' 9.3/10', 16),
(100, ' 9.4/10', 16),
(101, ' A+', 16),
(102, ' 10/10', 16),
(103, ' 9.5/10', 16),
(104, ' 94/100', 16),
(105, ' 4/5', 16),
(106, ' 92%', 16),
(107, ' 7/10', 16),
(108, ' 7.5/10', 16),
(109, ' 5/10', 16),
(110, ' 7/10', 16),
(111, ' 9/10', 16),
(112, ' 9.5/10', 16),
(113, ' 9.6/10', 16),
(114, ' 94/100', 16),
(115, ' 9.6/10', 16),
(116, ' 10/10', 17),
(117, ' 9.7/10', 17),
(118, ' 9.7/10', 17),
(119, ' 8/10', 17),
(120, ' 9.5/10', 17),
(121, ' 80/100', 17),
(122, ' 5/5 ', 19),
(123, ' 10/10 ', 19),
(124, ' 5/5 ', 19),
(125, ' 9.2/10 ', 19),
(126, ' 9.7/10 ', 19),
(127, ' 10/10 ', 19),
(128, ' 4.5/5 ', 19),
(129, ' 5/5 ', 19),
(130, ' 10/10', 19),
(131, ' 98%', 19),
(132, ' 11/10', 19),
(133, ' 4/4 ', 19),
(134, ' Positive', 19),
(135, ' 5/5 ', 21),
(136, ' 8/10', 21),
(137, ' 10/10', 21),
(138, ' 9/10', 21),
(139, ' 9.5/10', 21),
(140, ' 9.7/10', 21),
(141, ' A+', 21),
(142, ' 10/10', 21),
(143, ' 10/10', 21),
(144, ' 10/10', 21),
(145, ' 95%', 21),
(146, ' 96%', 21),
(147, ' 9/10', 23),
(148, ' 92', 23),
(149, ' A+', 23),
(150, ' 10/10', 23),
(151, ' 10/10', 23),
(152, ' 5/5 ', 23),
(153, ' 9.5/10', 23),
(154, ' 9.3/10', 23),
(155, ' 9.5/10', 23),
(156, ' 10)', 23),
(157, ' 10/10', 23),
(158, ' 4.5/5 ', 23),
(159, ' 5/5', 23),
(160, ' 5/5', 23),
(161, ' 10/10', 23),
(162, ' 10/10', 23),
(163, ' 21/20', 23),
(164, ' 9/10', 23),
(165, ' 10/10', 23),
(166, ' 10/10', 27),
(167, ' 5/5 ', 27),
(168, ' 9/10', 27),
(169, ' 9.5/10', 27),
(170, ' A', 27),
(171, ' 9/10', 27),
(172, ' 10/10', 27),
(173, ' 5/5 ', 27),
(174, ' 4.5/5 ', 27),
(175, ' 10/10', 27),
(176, ' 10/10', 27),
(177, ' 4.5/5 ', 28),
(178, ' 9 / 10', 28),
(179, ' 39 / 40', 28),
(180, ' 39 / 40', 28),
(181, ' 5 / 5', 28),
(182, ' A-', 28),
(183, ' 5/5 ', 28),
(184, ' 9.5 / 10', 28),
(185, ' 9.9 / 10', 28),
(186, ' 9.3 / 10', 28),
(187, ' 5/5 ', 28),
(188, ' 95%', 28),
(189, ' A', 28),
(190, ' 9/10', 29),
(191, ' 35/40 ', 29),
(192, ' 4.5/5 ', 29),
(193, ' A-', 29),
(194, ' 8.5/10 ', 29),
(195, ' 9.7/10', 29),
(196, ' 9.5/10 ', 29),
(197, ' 4.5/5', 29),
(198, ' A-', 29),
(199, ' 10/10', 29),
(200, ' 9.5/10 ', 29),
(201, ' 5/5 ', 29),
(202, ' 7.5/10', 29);    
INSERT INTO PUBLIC.SCORE(ID, SCORE, GAME_ID) VALUES
(203, ' 4.5/5 ', 31),
(204, ' 40/40', 31),
(205, ' 9/10', 31),
(206, ' 9.3/10', 31),
(207, ' 9.5/10', 31),
(208, ' 4.5/5 ', 34),
(209, ' 40 of 40', 34),
(210, ' 9.3 of 10', 34),
(211, ' 9.6 of 10', 34),
(212, ' 5/5 ', 34),
(213, ' 10 of 10', 34),
(214, ' 5/5 ', 37),
(215, ' 8/10', 37),
(216, '', 37),
(217, ' 38/40', 37),
(218, ' 5/5 ', 37),
(219, ' A', 37),
(220, ' 9.6/10', 37),
(221, ' 9.7/10', 37),
(222, '', 37),
(223, ' 10/10', 37),
(224, ' 96/100', 37),
(225, ' 5/5 ', 37),
(226, ' 9.8/10', 37),
(227, ' 5/5 ', 37),
(228, ' 10/10', 37),
(229, ' 96%', 37),
(230, ' 10/10', 37),
(231, ' 96%', 37),
(232, ' A+', 37),
(233, ' 9.6/10', 37),
(234, ' 9.9/10', 37),
(235, ' A', 37),
(236, ' 5/5 ', 37),
(237, ' 9.7/10', 37),
(238, ' 5/5 ', 37),
(239, ' 4/5 ', 39),
(240, ' 5/5 ', 39),
(241, ' 9.2/10', 39),
(242, ' 9.4/10', 39),
(243, ' 9/10', 39),
(244, ' 92/100', 39),
(245, ' 9.5/10', 39),
(246, ' 8.5/10', 39),
(247, ' 5/5 ', 39),
(248, ' 93%', 39),
(249, ' 9/10', 39),
(250, ' 5/5', 39),
(251, ' 5/5 ', 41),
(252, ' 8/10', 41),
(253, ' A', 41),
(254, ' 9.6/10', 41),
(255, ' 7.7/10', 41),
(256, ' 9/10', 41),
(257, ' 10/10', 41),
(258, ' 93/100', 41),
(259, ' 7.5/10', 41),
(260, ' 3/5 ', 41),
(261, ' 8/10', 41),
(262, ' 7/10', 41),
(263, ' 4/5 ', 41),
(264, ' 4.5/5 ', 41),
(265, ' 10/10', 41),
(266, ' 9.6/10', 41),
(267, ' 95/100', 41),
(268, ' 9.7/10', 41),
(269, ' 9.3/10', 41),
(270, ' 10/10', 44),
(271, ' 5/5 ', 44),
(272, ' 9.5/10', 44),
(273, ' 9.5/10', 44),
(274, ' 9.7/10', 44),
(275, ' A', 44),
(276, ' 8/10', 44),
(277, ' 9.75/10', 44),
(278, ' 5/5 ', 44),
(279, ' 4.5/5 ', 45),
(280, ' 8/10', 45),
(281, ' 10/10', 45),
(282, ' 39/40', 45),
(283, ' 5/5 ', 45),
(284, ' B+', 45),
(285, ' 9.4/10', 45),
(286, ' 9.8/10', 45),
(287, ' 10/10', 45),
(288, ' 9/10', 45),
(289, ' 4.5/5 ', 45),
(290, ' 9.8/10', 45),
(291, ' 5/5 ', 45),
(292, ' 5/5 ', 45),
(293, ' 10/10', 45),
(294, ' 9/10', 46),
(295, '', 46),
(296, ' 9.4/10', 46),
(297, ' 9.8/10', 46),
(298, ' 10/10', 46),
(299, ' 5/5', 46),
(300, ' 5/5 ', 47),
(301, ' 8.75/10 ', 47),
(302, ' 39/40 ', 47),
(303, ' 5/5 ', 47),
(304, ' 9.2/10 ', 47),
(305, ' 9.7/10 ', 47),
(306, ' 4.675/5 ', 47),
(307, ' 9 / 10', 48),
(308, ' 10 / 10', 48),
(309, ' 37 / 40', 48),
(310, ' 8.3 / 10', 48),
(311, ' 9.9 / 10', 48),
(312, ' 9.4 / 10', 48),
(313, ' 9.75 / 10', 48),
(314, ' 9.9 / 10', 48),
(315, ' 96 / 100', 48),
(316, ' 96%', 48),
(317, ' 10 / 10', 48),
(318, ' 10/10', 49),
(319, ' 8/10', 49),
(320, ' 10/10', 49),
(321, ' 10/10', 49),
(322, ' 10/10', 49),
(323, ' 9.5/10', 49),
(324, ' 5/5 ', 49),
(325, ' 10/10', 49),
(326, ' 7.5/10', 49),
(327, ' 8/10', 53),
(328, ' 10/10', 53),
(329, ' 10/10', 53),
(330, ' 10/10', 53),
(331, ' 8/10', 53),
(332, ' 9/10', 54),
(333, ' 37 ', 54),
(334, ' 9.0/10', 54),
(335, ' 9.5/10', 54),
(336, ' A+', 54),
(337, ' 10/10', 54),
(338, ' 9.5/10', 54),
(339, ' 94/100', 54),
(340, ' 5/5', 54),
(341, ' 9.5/10', 57),
(342, ' 40/40', 57),
(343, ' 4.5/5 ', 57),
(344, ' 10/10', 57),
(345, ' 9/10', 57),
(346, ' 9.25/10', 57),
(347, ' 9/10', 57),
(348, ' 10/10', 57),
(349, ' 10/10', 57),
(350, ' 5/5 ', 57),
(351, ' 93/100', 57),
(352, ' 5/5 ', 57),
(353, ' 9/10', 57),
(354, ' 10/10', 57),
(355, ' 9/10', 57),
(356, ' 10/10', 57),
(357, ' 5/5 ', 57),
(358, ' 5/5 ', 57),
(359, ' 5/5 ', 57),
(360, ' 5/5 ', 57),
(361, ' 9/10', 60),
(362, ' 10/10', 60),
(363, ' 9/10', 60),
(364, ' 9.5/10', 60),
(365, ' 10/10', 60),
(366, ' 10/10', 60),
(367, ' 5/5 ', 60),
(368, ' 8/10', 60),
(369, ' 5/5 ', 60),
(370, ' 9.5/10', 60),
(371, ' 91%', 60),
(372, ' 10/10', 60),
(373, ' 38 out of 40', 61),
(374, ' 5/5 ', 61),
(375, ' 8.5 out of 10', 61),
(376, ' 9.2 out of 10', 61),
(377, ' 9.75 out of 10', 61),
(378, ' 4/5 ', 62),
(379, ' 39/40', 62),
(380, ' 5/5 ', 62),
(381, ' 9.0/10', 62),
(382, ' 9.5/10', 62),
(383, ' 9.5/10', 62),
(384, ' A', 62),
(385, ' 9.4/10', 62),
(386, ' 9.75/10', 62),
(387, ' 10/10', 62),
(388, ' 5/5 ', 62),
(389, ' 4/5 ', 62),
(390, ' 80%', 62),
(391, ' 9.5/10', 62),
(392, ' 9.5/10', 62),
(393, ' 80%', 62),
(394, ' 5/5 ', 62),
(395, ' 10/10', 62);         
INSERT INTO PUBLIC.SCORE(ID, SCORE, GAME_ID) VALUES
(396, ' 5/5 ', 62),
(397, ' 4/5 ', 62),
(398, ' 5/5 ', 62),
(399, ' 10/10', 62),
(400, ' 9.7/10', 62),
(401, ' 9.5/10 ', 63),
(402, ' 9.3/10 ', 63),
(403, ' A ', 63),
(404, ' 8/10 ', 63),
(405, ' 5/5 ', 65),
(406, ' 9/10', 65),
(407, ' 9.4/10', 65),
(408, ' 9.4/10', 65),
(409, ' 9/10', 65),
(410, ' 10/10', 65),
(411, ' 5/5 ', 65),
(412, ' 5/5 ', 65),
(413, ' 10/10', 65),
(414, ' 4.5/5 ', 70),
(415, ' 9.5/10', 70),
(416, ' 37/40', 70),
(417, ' 8.5/10', 70),
(418, ' 9.2/10', 70),
(419, ' 9.5/10', 70),
(420, ' 9.5/10', 70),
(421, ' B+', 70),
(422, ' 9.4/10', 70),
(423, ' 10/10 ', 70),
(424, ' 9.25/10', 70),
(425, ' 9/10', 70),
(426, ' 4.5/5 ', 70),
(427, ' 5/5 ', 70),
(428, ' 98%', 70),
(429, ' 9.5/10', 70),
(430, ' 10/10', 70),
(431, ' 97/100', 70),
(432, ' 5/5 ', 70),
(433, ' 10/10', 70),
(434, ' 5/5 ', 70),
(435, ' 9.5/10', 70),
(436, ' 10/10', 70),
(437, ' 5/5 ', 70),
(438, ' 10/10', 70),
(439, ' 98% ', 71),
(440, ' 36 / 40 ', 71),
(441, ' 4.5/5 ', 71),
(442, ' A- ', 71),
(443, ' 10 / 10 ', 71),
(444, ' 9.7 / 10 ', 71),
(445, ' 5/5 ', 71),
(446, ' 4/5 ', 71),
(447, ' 10 / 10 ', 71),
(448, ' 38/40 ', 77),
(449, ' 9.6/10 ', 77),
(450, ' 9.3/10 ', 77),
(451, ' A', 77),
(452, ' 4/5 ', 77),
(453, ' 95/100 ', 77),
(454, ' 9.5/10 ', 77),
(455, ' 10/10', 82),
(456, ' 37/40', 82),
(457, ' 9.5/10', 82),
(458, ' 9.8/10', 82),
(459, ' 9.5/10', 82),
(460, ' A+', 82),
(461, ' 10/10', 82),
(462, ' 9.75/10', 82),
(463, ' 5/5 ', 82),
(464, ' 10/10', 82),
(465, ' 9.0/10', 85),
(466, ' 9.2/10', 85),
(467, ' 9.3/10', 85),
(468, ' A', 85),
(469, ' 10/10', 85),
(470, ' 9.25/10 ', 85),
(471, ' 95%', 85),
(472, ' 5/5', 85),
(473, ' 32/40', 87),
(474, ' 9.0/10', 87),
(475, ' 9.6/10', 87),
(476, ' 9/10', 87),
(477, ' 4/5', 87),
(478, ' 5/5 ', 88),
(479, ' 9/10', 88),
(480, ' 40/40', 88),
(481, ' 8.5/10', 88),
(482, ' 9.8/10', 88),
(483, ' 10/10', 88),
(484, ' 9/10', 88),
(485, ' 4.5/5 ', 89),
(486, ' 9/10', 89),
(487, ' 4.5/5', 89),
(488, ' 8/10 ', 89),
(489, ' 9.3/10 ', 89),
(490, ' 8/10 ', 89),
(491, ' 80% ', 89),
(492, ' 9.0/10', 89),
(493, ' 4.5/5 ', 89),
(494, STRINGDECODE(' A\u2212'), 89),
(495, ' 9.3/10', 89),
(496, ' 9.4/10', 89),
(497, ' 91%', 89),
(498, '', 93),
(499, ' 5/5', 93),
(500, ' 9/10', 93),
(501, '', 93),
(502, ' 8.5/10', 93),
(503, ' 7/10', 93),
(504, ' 9.5/10', 93),
(505, ' 5/5 ', 93),
(506, '', 93),
(507, '', 93),
(508, '', 93),
(509, '', 93),
(510, '', 93),
(511, '', 93),
(512, ' 9/10', 93),
(513, ' 9/10', 93),
(514, ' 9.8/10', 93),
(515, ' 8/10', 95),
(516, ' 40/40', 95),
(517, ' 5/5', 95),
(518, ' 10/10', 95),
(519, ' 9.3/10', 95),
(520, ' 9.5/10', 95),
(521, ' 8/10', 95),
(522, ' 10/10', 95),
(523, ' 97%', 95),
(524, ' 4/5 ', 96),
(525, ' 9.17/10', 96),
(526, ' 4.5/5', 98),
(527, ' 9.1/10', 98),
(528, ' 9.5/10', 98),
(529, ' 9/10', 98),
(530, ' 9/10', 98),
(531, ' 9.5/10', 98),
(532, ' 5/5', 98),
(533, ' A-', 99),
(534, ' 9.4/10', 99),
(535, ' 9.4/10', 99),
(536, ' A', 99),
(537, ' 9.2', 99),
(538, ' 9/10', 99),
(539, ' 5/5 ', 99),
(540, ' 5/5 ', 102),
(541, ' 10/10', 102),
(542, ' 9.5/10', 102),
(543, ' 39/40', 102),
(544, ' 9.4/10', 102),
(545, ' 9.8/10', 102),
(546, ' 9.75/10', 102),
(547, ' 8/10', 103),
(548, ' 3.5/5 ', 103),
(549, ' 10/10', 103),
(550, ' 9.8/10', 103),
(551, ' 9.3/10', 103),
(552, ' 9.75/10', 103),
(553, ' 4/5 ', 103),
(554, ' 9/10', 103),
(555, ' 92/100', 103),
(556, ' 8/10', 103),
(557, ' 4.5/5 ', 103),
(558, ' 4/5 ', 103),
(559, ' 4/5 ', 103),
(560, ' 8/10', 103),
(561, ' 10/10', 103),
(562, ' 4/5 ', 103),
(563, ' 5/5 ', 103),
(564, ' 4/5 ', 103),
(565, ' 9 of 10', 105),
(566, ' 40 of 40', 105),
(567, ' 9.5 of 10', 105),
(568, ' 9.4 of 10', 105),
(569, ' 9.5 of 10', 105),
(570, ' 10 of 10', 105),
(571, ' A', 105),
(572, ' 9 of 10', 105),
(573, ' 95%', 105),
(574, ' 93%', 105),
(575, ' 9.0/10', 106),
(576, ' 9.4/10', 106),
(577, ' A+', 106),
(578, ' 10/10', 106),
(579, ' 10/10', 106),
(580, ' 5/5 ', 106),
(581, ' 4/5 ', 107),
(582, ' 9/10', 107),
(583, ' 10/10', 107),
(584, ' 34/40', 107),
(585, ' 4.5/5 ', 107),
(586, STRINGDECODE(' A\u2212'), 107);          
INSERT INTO PUBLIC.SCORE(ID, SCORE, GAME_ID) VALUES
(587, ' 8.5/10', 107),
(588, ' 9.8/10', 107),
(589, ' 9/10', 107),
(590, ' 5/5 ', 107),
(591, '', 109),
(592, ' 5/5 ', 109),
(593, ' 9.5/10', 109),
(594, STRINGDECODE(' 9.3/10[53]\nPSP: 9.3/10[54]\niOS: 9.0/10[55][56]'), 109),
(595, STRINGDECODE(' A\u2013'), 109),
(596, ' 9.2/10', 109),
(597, ' 10/10', 109),
(598, '', 109),
(599, ' 4.5/5 ', 109),
(600, ' 4.5/5 ', 109),
(601, '', 109),
(602, ' 5/5 ', 109),
(603, ' 5/5 ', 109),
(604, ' 9.0/10', 109),
(605, '', 110),
(606, '', 110),
(607, ' A ', 110),
(608, '', 110),
(609, ' 9/10 ', 110),
(610, ' 9.8/10 ', 110),
(611, ' 5/5 ', 113),
(612, ' A-', 113),
(613, ' 9.4/10', 113),
(614, ' 9.4/10', 113),
(615, ' A+', 113),
(616, ' 9.4/10', 113),
(617, ' 9/10', 113),
(618, ' 9.5/10', 113),
(619, ' 4/5 ', 113),
(620, ' 5/5 ', 113),
(621, ' 5/5 ', 113),
(622, ' 92/100', 113),
(623, ' 5/5 ', 113),
(624, ' 9.2/10', 116),
(625, ' 9.7/10', 116),
(626, ' A', 116),
(627, ' 9/10', 116),
(628, '', 116),
(629, ' 9/10', 117),
(630, ' 38/40', 117),
(631, ' 9/10', 117),
(632, ' 9.6/10', 117),
(633, ' 10/10', 117),
(634, ' 9.25/10', 117),
(635, ' 4.55 ', 117),
(636, ' 5/5 ', 117),
(637, ' 10/10', 117),
(638, ' 10/10', 117),
(639, ' 9.5/10', 117),
(640, ' B+', 118),
(641, ' 9.5/10', 118),
(642, ' 9.5/10', 118),
(643, ' 9/10', 118),
(644, ' 9.3/10', 118),
(645, ' 9/10', 118),
(646, ' 10/10', 118),
(647, ' 10/10', 118),
(648, ' 4/5 ', 118),
(649, ' 10/10', 118),
(650, ' 5/5 ', 118),
(651, ' 5/5 ', 118),
(652, ' 5/5 ', 118),
(653, ' 9.8/10', 118),
(654, ' 9/10', 118),
(655, ' 4.5/5 ', 119),
(656, ' 8/10', 119),
(657, ' 9/10', 119),
(658, ' 32/40', 119),
(659, ' 5/5 ', 119),
(660, STRINGDECODE(' A\u2212'), 119),
(661, ' 9.4/10', 119),
(662, ' 9.3/10', 119),
(663, ' 9/10', 119),
(664, ' 9.25/10', 119),
(665, ' 94%', 119),
(666, ' 92%', 119),
(667, ' 5/5 ', 119),
(668, ' 10/10', 119),
(669, ' 4/4 ', 119),
(670, ' 9/10 ', 121),
(671, ' 8.5/10 ', 121),
(672, ' 9.0/10 ', 121),
(673, ' A+ ', 121),
(674, ' 10/10 ', 121),
(675, ' 9.25/10 ', 121),
(676, ' 5/5 ', 121),
(677, ' 96/100', 121),
(678, ' 9/10', 122),
(679, ' 33/40', 122),
(680, ' 5/5', 122),
(681, ' 9.0', 122),
(682, ' 9.3/10', 122),
(683, ' 9.0', 122),
(684, ' A+', 122),
(685, ' 8.7/10', 122),
(686, ' 4 of 5', 122),
(687, ' 10/10', 122),
(688, ' A-', 126),
(689, ' 9.2', 126),
(690, ' 9.3', 126),
(691, ' 9/10', 126),
(692, ' 9.6', 126),
(693, ' A-', 126),
(694, ' 4.5 / 5', 127),
(695, ' 9 / 10', 127),
(696, ' 9.5 / 10', 127),
(697, ' 9 / 10', 127),
(698, ' 93 / 100', 127),
(699, ' 4.5 / 5', 127),
(700, ' 8 / 10', 127),
(701, ' 9 / 10', 127),
(702, ' 8 / 10', 127),
(703, ' 92 / 100', 127),
(704, ' 4.5 / 5', 127),
(705, ' A', 128),
(706, ' 7/10', 130),
(707, ' A, B+, A+', 130),
(708, ' 38/40', 130),
(709, ' 9/10 ', 130),
(710, ' 9.6/10 ', 130),
(711, ' A', 130),
(712, ' 10/10', 130),
(713, ' 9.5/10', 130),
(714, ' 5/5 ', 130),
(715, ' 91%', 130),
(716, ' 10/10', 130),
(717, ' 9/10', 131),
(718, ' 5/5 ', 131),
(719, ' 4.5/5 ', 131),
(720, ' 9.0/10', 131),
(721, ' 9.5/10', 131),
(722, ' 9.5/10', 131),
(723, ' A', 131),
(724, ' 9.3/10', 131),
(725, ' 9/10', 131),
(726, ' 9/10', 131),
(727, ' 5/5 ', 131),
(728, ' 5/5 ', 131),
(729, ' 9.5/10', 131),
(730, ' 5/5 ', 131),
(731, ' 9/10', 131),
(732, ' 3.5/5 ', 131),
(733, ' 8/10', 135),
(734, ' 9.0/10', 135),
(735, ' 9.5/10', 135),
(736, ' 9.5/10', 135),
(737, ' A', 135),
(738, ' 10/10', 135),
(739, ' 10/10', 135),
(740, ' 93/100', 135),
(741, ' 5/5', 135),
(742, ' 10/10', 135),
(743, ' 8/10', 137),
(744, ' 9.4/10', 137),
(745, ' 33/40 ', 137),
(746, ' 9.2/10 ', 137),
(747, ' 9.2/10', 137),
(748, ' 8.5/10 ', 137),
(749, ' 8/10', 137),
(750, ' 10/10', 138),
(751, ' 8.5', 138),
(752, ' 40/40', 138),
(753, ' 7.5/10', 138),
(754, ' 9.1/10', 138),
(755, ' 10/10', 138),
(756, ' 9.5/10', 138),
(757, ' B+', 138),
(758, ' 10/10', 138),
(759, ' 10/10', 138),
(760, ' 4.5/5 ', 138),
(761, ' 10/10', 138),
(762, ' 98%', 138),
(763, ' 4.5/5 ', 138),
(764, ' 9.5/10', 138),
(765, ' 8.5 of 10', 139),
(766, ' 34 of 40', 139),
(767, ' 5 of 5', 139),
(768, ' 8.2 of 10', 139),
(769, ' 9.5 of 10', 139);         
INSERT INTO PUBLIC.SCORE(ID, SCORE, GAME_ID) VALUES
(770, ' 4.5 of 5', 139),
(771, ' 9 of 10', 139),
(772, ' 9.5 of 10', 139),
(773, ' 96 of 100', 139),
(774, ' 10/10', 140),
(775, ' 9.0/10', 140),
(776, ' 8.5/10', 140),
(777, ' 10/10', 140),
(778, ' 9.25/10', 140),
(779, ' 4.5/5 ', 140),
(780, ' 5/5', 140),
(781, ' 8.7 of 10[41] ', 141),
(782, ' 33 out of 40[43] ', 141),
(783, ' 5 of 5[44] ', 141),
(784, ' 9.2 of 10[15] ', 141),
(785, ' 9.5 of 10[46] ', 141),
(786, ' 9 of 10[7] ', 141),
(787, ' 5 of 5[10] ', 141),
(788, ' 100%[47] ', 141),
(789, ' 4.5/5 ', 143),
(790, ' 9.17/10', 143),
(791, ' 30/40', 143),
(792, ' 4.5/5 ', 143),
(793, ' 9.6/10', 143),
(794, ' 8.8/10', 143),
(795, ' 9.5/10', 143),
(796, ' 9/10', 143),
(797, ' 95%', 143),
(798, ' 4.5/5 ', 143),
(799, ' 4.5/5 ', 144),
(800, ' 8 / 10 ', 144),
(801, ' 9.25 / 10 ', 144),
(802, ' 5/5 ', 144),
(803, ' B+ ', 144),
(804, ' 8.9 / 10 ', 144),
(805, ' 9 / 10 ', 144),
(806, ' A ', 144),
(807, ' 5/5 ', 144),
(808, ' 9 / 10 ', 144),
(809, ' 9.5 / 10 ', 144),
(810, ' 5 / 5 ', 144),
(811, ' 9 / 10 ', 144),
(812, ' 9.33/10', 149),
(813, ' 33/40', 149),
(814, ' 9.5/10', 149),
(815, ' 9/10', 149),
(816, ' 9/10', 149),
(817, '', 149),
(818, ' 8/10', 150),
(819, ' 8.6/10', 150),
(820, ' 9/10', 150),
(821, ' 9/10', 152),
(822, ' 4.5/5 ', 152),
(823, ' 10/10', 152),
(824, ' 9/10', 152),
(825, ' 9.5/10', 152),
(826, ' 4/5 ', 152),
(827, ' 8/10', 152),
(828, ' 5/5 ', 152),
(829, ' 9.5/10', 152),
(830, ' 9/10', 152),
(831, ' 9/10', 152),
(832, ' 5/5 ', 152),
(833, ' 9 out of 10', 153),
(834, ' 4.5 out of 5', 153),
(835, ' 9.5 out of 10', 153),
(836, ' 9.1 out of 10', 153),
(837, ' A', 153),
(838, ' 8 out of 10', 153),
(839, ' 9.5 out of 10', 153),
(840, ' 5/5 ', 153),
(841, ' 94%', 153),
(842, ' 95%', 153),
(843, ' 93%', 153),
(844, ' 9.0/10 ', 163),
(845, ' 9.2/10', 163),
(846, ' 9.3/10 ', 163),
(847, ' A', 163),
(848, ' 9/10', 163),
(849, ' 10/10 ', 163),
(850, ' 5/5', 163),
(851, ' 9/10', 163),
(852, ' 9/10', 169),
(853, ' 9/10', 169),
(854, ' 86', 169),
(855, ' 5/5 ', 169),
(856, ' A', 169),
(857, ' 9/10', 169),
(858, ' 9.5/10', 169),
(859, ' 10/10', 169),
(860, '', 169),
(861, ' 9.5/10', 169),
(862, ' 8/10', 169),
(863, ' 9.5/10', 169),
(864, ' 9/10', 169),
(865, ' 10/10', 169),
(866, ' 91%', 169),
(867, ' 10/10', 169),
(868, ' 10/10', 172),
(869, ' 9.5/10', 172),
(870, ' 4/5 ', 172),
(871, ' 9/10', 172),
(872, ' 9.1/10', 172),
(873, ' 9.75/10', 172),
(874, ' 4.5/5 ', 172),
(875, ' 9/10', 172),
(876, ' 9/10', 172),
(877, ' 5/5 ', 172),
(878, ' 5/5 ', 172),
(879, ' 5/5 ', 172),
(880, ' 3.5/5 ', 173),
(881, ' 32/40', 173),
(882, ' 9.4/10', 173),
(883, ' 9.6/10', 173),
(884, ' 9/10', 173),
(885, ' 9.5/10', 173),
(886, ' 5/5', 174),
(887, ' 9.3/10', 174),
(888, ' 9.3/10', 174),
(889, ' 94%', 174),
(890, ' 4.5/5 ', 177),
(891, ' 5/5 ', 177),
(892, ' A-', 177),
(893, ' 9.5/10', 177),
(894, ' 9.6/10', 177),
(895, ' 9.2/10', 177),
(896, ' 92%', 177),
(897, ' 8.5/10', 179),
(898, ' 9.0/10', 179),
(899, ' 9.0/10', 179),
(900, ' A-', 179),
(901, '', 179),
(902, ' 5/5 ', 179),
(903, ' 9.0/10', 179),
(904, ' 9/10', 179),
(905, ' 9.2/10', 180),
(906, ' 9.5/10', 180),
(907, ' A+', 180),
(908, ' 9/10', 180),
(909, ' 4.5/5', 180),
(910, ' 9.8/10', 180),
(911, ' 9/10 then 10/10', 182),
(912, '', 182),
(913, ' 4.5/5 ', 182),
(914, ' 9.0/10', 182),
(915, ' 9.3/10', 182),
(916, ' 9.0/10', 182),
(917, ' A', 182),
(918, STRINGDECODE(' 9.5/10[40]\n9.0/10 '), 182),
(919, ' 10/10', 182),
(920, ' 9/10', 182),
(921, ' 9/10', 182),
(922, ' 90%', 182),
(923, '', 182),
(924, ' 5/5 ', 182),
(925, ' 9.0/10', 182),
(926, ' 4.5/5 ', 184),
(927, ' 9/10 then 10/10', 184),
(928, ' 9.1/10', 184),
(929, ' 9.9/10', 184),
(930, ' 5/5 ', 184),
(931, ' 9/10', 184),
(932, ' 10/10', 184),
(933, ' 10/10', 184),
(934, '', 185),
(935, '', 185),
(936, '', 185),
(937, '', 185),
(938, '', 185),
(939, '', 185),
(940, '', 185),
(941, ' 8.5/10', 186),
(942, ' 8.9/10', 186),
(943, ' A', 186),
(944, ' 9/10', 186),
(945, ' 4.5/5 ', 186),
(946, ' 5/5 ', 186),
(947, ' 94%', 186),
(948, ' 9/10', 186),
(949, ' 4/5 ', 187),
(950, ' 8/10', 187);       
INSERT INTO PUBLIC.SCORE(ID, SCORE, GAME_ID) VALUES
(951, ' 5/5 ', 187),
(952, ' A', 187),
(953, ' 8.5/10', 187),
(954, ' 9.0/10', 187),
(955, ' 9.5/10', 187),
(956, ' 95%', 187),
(957, ' 96%', 187),
(958, ' 5/5 ', 187),
(959, ' 9/10', 189),
(960, ' 9.0/10', 189),
(961, ' 40/40', 189),
(962, ' 9.0/10', 189),
(963, ' 8.0/10', 189),
(964, ' 9.5/10', 189),
(965, ' A', 189),
(966, ' 10/10', 189),
(967, ' 9.25/10', 189),
(968, ' 10/10', 189),
(969, ' 5/5 ', 192),
(970, ' GBA 34/40', 192),
(971, ' GBA 9.3/10', 192),
(972, '', 192),
(973, '', 193),
(974, '', 193),
(975, ' 6/10', 194),
(976, ' 37/40', 194),
(977, ' 8.9/10', 194),
(978, ' 9.6/10', 194),
(979, ' 10/10', 194),
(980, ' 95%', 194),
(981, ' 9/10', 195),
(982, ' 10/10', 195),
(983, ' 9.5/10', 195),
(984, ' 91/100', 195),
(985, ' 10/10', 195),
(986, ' 5/5 ', 195),
(987, ' 5/5 ', 195),
(988, STRINGDECODE(' A\u2212'), 197),
(989, ' 9.1/10', 197),
(990, ' 9.4/10', 197),
(991, ' 9/10', 197),
(992, ' 7.75/10', 197),
(993, ' 4.5/5 ', 197),
(994, ' 9/10', 198),
(995, ' 4/5 ', 198),
(996, ' 9.5/10', 198),
(997, ' 9.2/10', 198),
(998, ' 9.4/10', 198),
(999, ' 9/10', 198),
(1000, ' 9/10', 198),
(1001, ' 8.5/10', 198),
(1002, ' 10/10', 198),
(1003, ' 4.5/5 ', 198),
(1004, ' 10/10', 198),
(1005, ' 9.5/10', 198),
(1006, ' 5/5 ', 198),
(1007, ' 9.5/10', 198),
(1008, ' 8/10', 199),
(1009, ' 9/10', 199),
(1010, ' 9.3/10', 199),
(1011, STRINGDECODE(' A\u2212'), 199),
(1012, ' 9.2/10', 199),
(1013, ' 9/10', 199),
(1014, ' 9.5/10', 199),
(1015, ' 4/5 ', 199),
(1016, ' 5/5 ', 199),
(1017, ' 9/10', 199),
(1018, ' 9/10', 199),
(1019, ' 3.5/5 ', 200),
(1020, ' 9/10', 200),
(1021, ' 9.5/10', 200),
(1022, ' 37/40', 200),
(1023, ' A', 200),
(1024, ' 10/10', 200),
(1025, ' 9/10', 200),
(1026, ' 9.75/10', 200),
(1027, ' 5/5 ', 204),
(1028, ' 9.1/10', 204),
(1029, ' 8.9/10', 204),
(1030, ' 90%', 204),
(1031, ' 9/10', 204),
(1032, ' 90%', 204),
(1033, ' 9.0/10', 204),
(1034, ' 4.5/5 ', 204),
(1035, ' 4/5 ', 204),
(1036, ' 4.5/5 ', 204),
(1037, ' 9/10', 205),
(1038, ' 36/40', 205),
(1039, ' 8.5/10', 205),
(1040, ' 8.5/10', 205),
(1041, ' 9.6/10', 205),
(1042, STRINGDECODE(' A\u2013'), 205),
(1043, ' 10/10', 205),
(1044, ' 9/10', 205),
(1045, ' 9/10', 205),
(1046, ' 8.5/10', 205),
(1047, ' 4.5/5 ', 206),
(1048, ' 8/10', 206),
(1049, ' 5/5 ', 206),
(1050, STRINGDECODE(' A\u2013'), 206),
(1051, ' 9.1/10', 206),
(1052, ' 8.8/10', 206),
(1053, ' 9.0/10', 206),
(1054, ' 9/10', 206),
(1055, ' 89/100', 206),
(1056, ' 9.0/10', 206),
(1057, ' 6/10', 207),
(1058, ' 39/40', 207),
(1059, ' 5/5 ', 207),
(1060, ' A-', 207),
(1061, ' 9.3/10', 207),
(1062, ' 9.5/10', 207),
(1063, ' 9/10', 207),
(1064, ' 9.75/10', 207),
(1065, ' 4.5/5 ', 207),
(1066, ' 4.5/5 ', 210),
(1067, ' 7/10 ', 210),
(1068, ' 4.5/5 ', 210),
(1069, ' A- ', 210),
(1070, ' 9.5/10 ', 210),
(1071, ' 9.6/10 ', 210),
(1072, ' 9/10 ', 210),
(1073, ' 10/10 ', 210),
(1074, ' 9/10 ', 210),
(1075, ' 94/100 ', 210),
(1076, ' 90/100 ', 210),
(1077, ' 10/10 ', 210),
(1078, ' 92/100 ', 210),
(1079, ' 90/100 ', 210),
(1080, ' 5/5 ', 210),
(1081, ' 5/5 ', 210),
(1082, ' 86% ', 210),
(1083, ' 9/10 ', 210),
(1084, ' 9/10 ', 210),
(1085, ' 95/100 ', 210),
(1086, ' 9/10 ', 210),
(1087, ' 87% ', 210),
(1088, ' 10/10 ', 210),
(1089, ' 5/5 ', 211),
(1090, ' B+', 211),
(1091, ' 9.5/10', 211),
(1092, ' 90%', 211),
(1093, ' 4.5/5 ', 211),
(1094, ' 4.5/5 ', 212),
(1095, ' 8.6/10', 212),
(1096, ' 9.7/10', 212),
(1097, STRINGDECODE(' [83]\nPC: [84]'), 216),
(1098, ' 9/10', 216),
(1099, ' 38/40', 216),
(1100, ' 38/40', 216),
(1101, STRINGDECODE(' [90]\nPC: [91]'), 216),
(1102, STRINGDECODE(' 9.5/10[7]\nPC: 8.0/10[95]'), 216),
(1103, STRINGDECODE(' 9.5/10[10]\nPC: 8.2/10[96]'), 216),
(1104, ' 8/10', 216),
(1105, ' A+', 216),
(1106, STRINGDECODE(' [85]\nPC: 9/10[86]'), 216),
(1107, ' 9.75/10[94]', 216),
(1108, ' 300+/300', 216),
(1109, ' 90%[99]', 216),
(1110, ' 5/5 ', 216),
(1111, ' 5/5 ', 216),
(1112, ' [100]', 216),
(1113, ' [101]', 216),
(1114, ' 9/10', 220),
(1115, ' 36/40', 220),
(1116, ' 5/5 ', 220),
(1117, ' 9/10 ', 220),
(1118, ' 9.3/10', 220),
(1119, ' 9/10 ', 220),
(1120, ' 5/5 ', 220);            
INSERT INTO PUBLIC.SCORE(ID, SCORE, GAME_ID) VALUES
(1121, ' 9/10 ', 220),
(1122, ' 9.5/10 ', 220),
(1123, ' 4/5 ', 220),
(1124, ' 92%', 220),
(1125, ' 5/5 ', 220),
(1126, ' 5/5 ', 220),
(1127, ' 9/10', 220),
(1128, ' 9.5/10', 220),
(1129, ' 93%', 220),
(1130, ' 91%', 220),
(1131, ' 4/5 ', 221),
(1132, ' 5/5 ', 221),
(1133, ' B+', 221),
(1134, ' 9.3/10', 221),
(1135, ' 9.9/10', 221),
(1136, ' 89%', 221),
(1137, ' 4.5/5 ', 221),
(1138, ' B-', 223),
(1139, ' 7.0/10', 223),
(1140, ' 7/10', 223),
(1141, ' 8.5/10', 225),
(1142, ' 9/10', 225),
(1143, ' 9.75/10', 225),
(1144, ' 8.5/10', 226),
(1145, ' 9.5/10', 226),
(1146, ' 9.5/10', 226),
(1147, ' A-', 226),
(1148, ' 8/10', 226),
(1149, ' 5/5 ', 226),
(1150, ' 10/10 ', 226),
(1151, '', 227),
(1152, ' 5/5 ', 227),
(1153, ' 9.1/10', 227),
(1154, ' 9.5/10', 227),
(1155, ' 9/10', 227),
(1156, ' 9.5/10', 227),
(1157, ' 5/5 ', 227),
(1158, ' 4/5 ', 227),
(1159, ' 9.17 of 10', 230),
(1160, ' 4.5 of 5', 230),
(1161, ' 8.6 of 10', 230),
(1162, ' 9.5 of 10', 230),
(1163, ' 5 of 5', 230),
(1164, ' 9 of 10', 230),
(1165, ' 10 of 10', 230),
(1166, ' 92%', 230),
(1167, ' 88%', 230),
(1168, ' 9.5 of 10', 230),
(1169, ' 5 of 5', 230),
(1170, ' 5 of 5', 230),
(1171, ' 9.5 of 10', 230),
(1172, ' [79]', 231),
(1173, ' 8/10[80]', 231),
(1174, STRINGDECODE(' 36/40[42]\nPS: 9.5/10[81]'), 231),
(1175, STRINGDECODE(' 37/40[83]\nPS: 54/60[57]\nGBA: 31/40[84][85]'), 231),
(1176, ' [87]', 231),
(1177, ' 8.9/10[88]', 231),
(1178, ' 9/10[46]', 231),
(1179, ' 9/10[78]', 231),
(1180, ' 9/10[82]', 231),
(1181, ' 295/300[86]', 231),
(1182, ' 9/10', 232),
(1183, ' 9/10', 232),
(1184, ' 9.1/10', 232),
(1185, ' 9.5/10', 232),
(1186, ' [49]', 232),
(1187, ' 8.5/10', 232),
(1188, ' [48]', 232),
(1189, ' 9/10', 238),
(1190, ' 37/40', 238),
(1191, ' 4.5/5 ', 238),
(1192, ' 9/10', 238),
(1193, ' 9/10', 238),
(1194, ' 10/10', 238),
(1195, ' 9/10 ', 238),
(1196, ' 9.75/10', 238),
(1197, ' 10/10', 238),
(1198, ' 90%', 238),
(1199, ' 4/5 ', 238),
(1200, ' 9/10', 238),
(1201, ' 9/10', 238),
(1202, ' 96%', 238),
(1203, ' 5/5 ', 238),
(1204, ' 9/10', 238),
(1205, ' 9/10', 238),
(1206, ' 4.5/5 ', 238),
(1207, ' 9/10', 238),
(1208, ' 9/10', 239),
(1209, ' 9.2/10', 239),
(1210, ' 9.5/10', 239),
(1211, ' 8/10', 239),
(1212, ' 8.75/10', 239),
(1213, ' 5/5 ', 239),
(1214, ' 4.5/5', 239),
(1215, ' 4/5 ', 239),
(1216, ' 5/5 ', 239),
(1217, ' 5/5 ', 239),
(1218, ' 9/10', 239),
(1219, ' 4.5/5 ', 241),
(1220, ' 9/10', 241),
(1221, ' 9.3/10', 241),
(1222, ' 4.5/5 ', 241),
(1223, ' B+', 242),
(1224, ' 8.9/10', 242),
(1225, ' 90%', 242),
(1226, ' 8/10', 242),
(1227, ' 9/10', 243),
(1228, ' 86', 243),
(1229, ' 9.0/10', 243),
(1230, ' 9.4/10', 243),
(1231, ' 9/10', 243),
(1232, ' 5/5 ', 243),
(1233, ' 10/10', 243),
(1234, ' 10/10', 243),
(1235, ' 9.0/10', 243),
(1236, ' 9.4/10', 243),
(1237, ' 9.0/10', 245),
(1238, ' 92/100', 245),
(1239, ' 9.0/10', 245),
(1240, ' A-', 245),
(1241, ' 10/10', 245),
(1242, ' 4.5/5 ', 245),
(1243, ' 9/10', 245),
(1244, ' 9.5/10', 245),
(1245, ' 8.6/10', 245),
(1246, ' 5/5 ', 245),
(1247, ' 8/10', 247),
(1248, ' 5/5 ', 247),
(1249, ' 9.5/10', 247),
(1250, ' B+', 247),
(1251, ' 9/10', 247),
(1252, ' 9/10', 247),
(1253, ' 9/10', 247),
(1254, ' 4.5/5 ', 247),
(1255, ' 94%', 247),
(1256, ' 9.1/10', 247),
(1257, ' 9.2 out of 10', 251),
(1258, ' 9.4 out of 10', 251),
(1259, ' 94/100', 251),
(1260, ' 9 out of 10', 251),
(1261, ' 9 out of 10', 251),
(1262, '', 251),
(1263, '', 251),
(1264, ' 4.5/5 ', 252),
(1265, ' 10/10', 252),
(1266, ' 38/40', 252),
(1267, ' 3.5/5 ', 252),
(1268, ' 10/10', 252),
(1269, ' 9.8/10', 252),
(1270, ' 9.5/10', 252),
(1271, ' 9/10 ', 252),
(1272, ' 9/10', 252),
(1273, ' 4/5 ', 252),
(1274, ' 5/5 ', 252),
(1275, ' 10/10', 252),
(1276, ' 7.5/10', 252),
(1277, ' 9/10', 252),
(1278, ' 9/10', 252),
(1279, ' 9/10 ', 252),
(1280, ' 4/5 ', 256),
(1281, ' 7/10', 256),
(1282, ' 8.33/10', 256),
(1283, ' 33/40', 256),
(1284, ' 5/5 ', 256),
(1285, ' 8.9/10', 256),
(1286, ' 9.2/10', 256),
(1287, ' 8.25/10', 256),
(1288, ' 96%', 256),
(1289, ' 9.1/10', 256),
(1290, ' 4.5/5 ', 256),
(1291, ' 8.7/10', 262),
(1292, ' 9.6/10', 262);       
INSERT INTO PUBLIC.SCORE(ID, SCORE, GAME_ID) VALUES
(1293, ' 10/10', 262),
(1294, ' 5/5', 262),
(1295, ' 5/5', 262),
(1296, ' 4/5 ', 264),
(1297, ' 9/10', 264),
(1298, ' 9.1/10', 264),
(1299, ' 9/10', 264),
(1300, ' B', 264),
(1301, ' 9/10', 264),
(1302, '', 264),
(1303, ' 4/5 ', 265),
(1304, ' 9/10', 265),
(1305, ' 9.5/10', 265),
(1306, ' 4/5 ', 265),
(1307, ' 9/10', 265),
(1308, ' 8.5/10', 265),
(1309, ' 8', 266),
(1310, ' 5/5', 266),
(1311, ' 9/10[45] ', 266),
(1312, ' 9.2/10', 266),
(1313, ' 9.2/10', 266),
(1314, ' A-', 266),
(1315, ' 9.4/10', 266),
(1316, ' 9.5/10', 266),
(1317, ' 10/10', 266),
(1318, ' 5/5 ', 266),
(1319, ' 9.5/10', 266),
(1320, '', 267),
(1321, ' 5/5', 267),
(1322, ' 9/10', 267),
(1323, '', 267),
(1324, ' 8.5/10', 267),
(1325, ' 7/10', 267),
(1326, ' 9.5/10', 267),
(1327, ' 5/5 ', 267),
(1328, '', 267),
(1329, '', 267),
(1330, '', 267),
(1331, '', 267),
(1332, '', 267),
(1333, '', 267),
(1334, ' 9/10', 267),
(1335, ' 9/10', 267),
(1336, ' 9.8/10', 267),
(1337, ' 4.5/5 ', 268),
(1338, ' 6/10', 268),
(1339, ' 8.5/10', 268),
(1340, ' 4.5/5 ', 268),
(1341, ' A-', 268),
(1342, ' 9.5/10', 268),
(1343, ' 9.6/10', 268),
(1344, ' 9/10', 268),
(1345, ' 9.5/10', 268),
(1346, ' 94%', 268),
(1347, ' 9.5/10', 268),
(1348, ' 4/5 ', 268),
(1349, ' 5/5 ', 268),
(1350, ' 90%', 268),
(1351, ' 4.5/5 ', 269),
(1352, ' A-', 269),
(1353, ' 8.1/10', 269),
(1354, ' 9.1/10', 269),
(1355, ' 8/10', 273),
(1356, ' 8.8/10', 273),
(1357, ' 37/40', 273),
(1358, ' 8.7/10', 273),
(1359, ' 9.3/10', 273),
(1360, ' 9.7/10', 273),
(1361, ' A', 273),
(1362, ' 10/10', 273),
(1363, '', 273),
(1364, ' 9/10 ', 274),
(1365, ' 9/10 ', 274),
(1366, ' 9.5/10 ', 274),
(1367, ' 8/10 ', 274),
(1368, ' 83% ', 274),
(1369, ' 9/10', 276),
(1370, ' 4.5/5 ', 276),
(1371, ' 8.5/10', 276),
(1372, ' 9/10', 276),
(1373, ' 9.75/10', 276),
(1374, ' 9/10', 276),
(1375, ' 9/10', 276),
(1376, ' 90/100', 276),
(1377, ' 7.5/10', 276),
(1378, ' 4/5 ', 276),
(1379, ' 4.75/5', 282),
(1380, ' 8.5/10', 282),
(1381, ' 9.3/10', 282),
(1382, ' 9.4/10', 282),
(1383, ' A', 282),
(1384, ' 8/10', 282),
(1385, ' 5/5', 282),
(1386, ' 5/5 ', 282),
(1387, ' 4.6/5', 282),
(1388, ' 9.2 out of 10', 284),
(1389, ' 8.8 out of 10', 284),
(1390, ' A+', 284),
(1391, ' 8 out of 10 ', 284),
(1392, ' 5/5 ', 284),
(1393, STRINGDECODE(' [19]\nGBA: [20]'), 286),
(1394, STRINGDECODE(' 8/10[21]\nSNES: 9/10[10]'), 286),
(1395, ' 9.2/10[24]', 286),
(1396, ' 9.4/10[9]', 286),
(1397, ' 9/10[22]', 286),
(1398, ' 100, 99, 100[23]', 286),
(1399, ' [25]', 286),
(1400, STRINGDECODE(' 9/10[8]\nSNES: 10/10[2]'), 286),
(1401, ' 9.3/10', 291),
(1402, ' 9.3/10', 291),
(1403, ' 92/100', 291),
(1404, ' 90%', 291),
(1405, ' 4.5/5', 291),
(1406, ' 2.5/5 ', 293),
(1407, ' A-', 293),
(1408, ' 8.9/10', 293),
(1409, ' 8/10', 293),
(1410, ' 94%', 293),
(1411, ' 94%', 293),
(1412, ' 9/10', 295),
(1413, ' 34/40', 295),
(1414, ' 5/5 ', 295),
(1415, ' 9.5/10', 295),
(1416, ' 9.3/10', 295),
(1417, ' 9.5/10 ', 295),
(1418, ' A+', 295),
(1419, ' 9.2/10', 295),
(1420, ' 9/10', 295),
(1421, ' 9.5/10', 295),
(1422, ' 8/10', 295),
(1423, ' 5/5 ', 295),
(1424, ' 9.5/10', 295),
(1425, ' 10.0/10', 295),
(1426, ' 5/5 ', 295),
(1427, ' 10/10', 295),
(1428, ' 4.5/5 ', 298),
(1429, ' 8/10', 299),
(1430, ' 5/5 ', 299),
(1431, ' B+', 299),
(1432, ' 8.5/10', 299),
(1433, ' 9.4/10', 299),
(1434, ' 9.5/10', 299),
(1435, STRINGDECODE(' A\u2212'), 299),
(1436, ' 9/10', 299),
(1437, ' 9.25/10', 299),
(1438, ' 5/5', 299),
(1439, ' 9.5/10', 299),
(1440, ' 9.3/10', 301),
(1441, ' 8.9/10', 301),
(1442, ' 5/5 ', 301),
(1443, ' 5/5 ', 301),
(1444, ' 4.5/5 ', 309),
(1445, ' 4.5/5 ', 309),
(1446, STRINGDECODE(' A\u2212'), 309),
(1447, ' 9.0/10', 309),
(1448, ' 9.2/10', 309),
(1449, STRINGDECODE(' 7/10[12]\n8/10 '), 309),
(1450, ' 90/100', 309),
(1451, ' 93%', 309),
(1452, ' 8.7/10', 309),
(1453, ' 5/5 ', 309),
(1454, ' 4/5', 309),
(1455, ' 39/40', 310),
(1456, ' 4.5/5 ', 310),
(1457, ' 9.5/10', 310),
(1458, ' 9/10', 310),
(1459, ' 9/10', 310),
(1460, ' 8/10', 310),
(1461, ' 9.5/10', 310),
(1462, ' 9/10', 310),
(1463, ' 5/5 ', 310),
(1464, ' 8/10', 310);           
INSERT INTO PUBLIC.SCORE(ID, SCORE, GAME_ID) VALUES
(1465, ' 10/10', 310),
(1466, ' 5/5 ', 310),
(1467, ' 5/5 ', 310),
(1468, ' 4/5 ', 310),
(1469, ' 4.5/5 ', 310),
(1470, ' 7/10', 311),
(1471, ' 5/5', 311),
(1472, ' 9.0/10', 311),
(1473, ' 9.2/10', 311),
(1474, ' 9.4/10', 311),
(1475, ' A', 311),
(1476, ' 9/10', 311),
(1477, ' 8.75/10', 311),
(1478, ' 4.5/5', 311),
(1479, ' 9.4/10', 311),
(1480, ' 93%', 311),
(1481, ' 5/5', 311),
(1482, ' 91%', 311),
(1483, ' 4.5/5 ', 312),
(1484, ' 4.5/5 ', 312),
(1485, ' 9.2/10', 312),
(1486, ' 8.75/10', 312),
(1487, ' 91/100', 312),
(1488, ' 9.3/10', 312),
(1489, ' 95/100', 312),
(1490, ' 91%', 312),
(1491, ' 4.5/5 ', 312),
(1492, ' 4.5 of 5', 314),
(1493, ' 36 of 40', 314),
(1494, ' 8.6 of 10', 314),
(1495, ' 9.3 of 10', 314),
(1496, ' 4.5 of 5', 314),
(1497, ' B+', 314),
(1498, ' 9 of 10', 314),
(1499, ' 9.25/10', 314),
(1500, ' 4.5 of 5', 314),
(1501, ' 90 of 100', 314),
(1502, ' 3.5/5 ', 317),
(1503, ' 9/10', 317),
(1504, ' 9.3/10', 317),
(1505, ' 8.5/10', 317),
(1506, STRINGDECODE(' 9/10\n\"StarPlayer\"'), 317),
(1507, ' 3/5 ', 317),
(1508, ' A-', 318),
(1509, ' 9.5/10', 318),
(1510, ' 8.7/10', 318),
(1511, ' 9/10', 318),
(1512, ' 4.5/5 ', 318),
(1513, ' 4.5/5 ', 318),
(1514, ' 8/10', 318),
(1515, ' 5/5 ', 318),
(1516, ' 34/40', 319),
(1517, ' 5/5 ', 319),
(1518, ' 8.6/10', 319),
(1519, ' 9.7/10', 319),
(1520, ' 8.5, 9.0', 319),
(1521, ' 5/5 ', 319),
(1522, ' 9/10', 319),
(1523, ' 94%', 319),
(1524, ' 8/10', 321),
(1525, ' 9/10', 321),
(1526, ' 4.5/5', 321),
(1527, ' 8.5/10', 321),
(1528, ' 9/10', 321),
(1529, ' 9/10', 321),
(1530, ' 9/10', 321),
(1531, ' 9/10', 321),
(1532, ' 4.5/5', 321),
(1533, ' 9.5/10', 321),
(1534, ' 5/5', 321),
(1535, ' 5/5 ', 321),
(1536, ' 9/10', 321),
(1537, ' 9/10', 323),
(1538, ' 9.4/10', 323),
(1539, ' 10/10', 323),
(1540, ' 4.5/5 ', 323),
(1541, ' 9.5/10', 323),
(1542, ' 10/10', 323),
(1543, ' 9.5 of 10', 325),
(1544, ' 5/5 ', 325),
(1545, ' 9.6 of 10', 325),
(1546, ' 9.0 of 10', 325),
(1547, ' 5 of 5', 325),
(1548, ' 7 of 10', 325),
(1549, ' 8.75 of 10', 325),
(1550, ' 82 of 100', 325),
(1551, ' 91', 325),
(1552, ' 8/10', 326),
(1553, ' 9.0/10', 326),
(1554, ' 8.6/10', 326),
(1555, ' 9.0/10', 326),
(1556, STRINGDECODE(' B\u2212'), 326),
(1557, ' 9.4/10', 326),
(1558, ' 10/10', 326),
(1559, ' 9.0/10', 326),
(1560, ' 4.5/5 ', 326),
(1561, ' 8.5/10', 326),
(1562, ' 5/5 ', 326),
(1563, ' 9/10', 326),
(1564, ' 5/5 ', 326),
(1565, ' 9/10', 326),
(1566, ' 4.5 of 5', 329),
(1567, STRINGDECODE(' A\u2212'), 329),
(1568, ' 9.2 of 10', 329),
(1569, ' 9.3/10 ', 329),
(1570, ' 9.5 of 10', 329),
(1571, ' A', 329),
(1572, ' 9.0 of 10', 329),
(1573, ' 9 of 10', 329),
(1574, ' 5 of 5', 329),
(1575, ' 9.5 of 10', 329),
(1576, ' 5 of 5', 329),
(1577, ' 7 of 10', 329),
(1578, ' 10 of 10', 329),
(1579, ' B', 329),
(1580, ' 4.5 of 5', 329),
(1581, ' 4.5/5 ', 333),
(1582, ' 5/5', 333),
(1583, ' B+', 333),
(1584, ' 8.9/10', 333),
(1585, ' 9.1/10', 333),
(1586, ' 5/5', 333),
(1587, ' 7/10', 335),
(1588, ' 9.5/10', 335),
(1589, ' 9/10 ', 335),
(1590, ' 8.5/10', 336),
(1591, ' 9.5/10', 336),
(1592, ' 9.5/10', 336),
(1593, ' 5/5 ', 336),
(1594, ' 5/5 ', 337),
(1595, ' B+', 337),
(1596, ' 8.9 of 10 ', 337),
(1597, ' 9.4 of 10', 337),
(1598, ' A', 337),
(1599, ' 8 of 10', 337),
(1600, ' 9 of 10', 337),
(1601, ' 5/5 ', 337),
(1602, ' 9.4 of 10', 337),
(1603, ' 85% ', 337),
(1604, ' 4/5 ', 338),
(1605, ' 8.5/10', 338),
(1606, ' 9/10', 338),
(1607, '', 338),
(1608, ' 9.3/10', 341),
(1609, ' 9.6/10', 341),
(1610, ' 8.9/10', 341),
(1611, ' 40/40 ', 342),
(1612, ' 4.5/5 ', 342),
(1613, ' 9.6/10 ', 342),
(1614, ' A ', 342),
(1615, ' 9/10', 342),
(1616, ' 9.0/10', 342),
(1617, ' 10/10', 342),
(1618, ' 4/5', 342),
(1619, ' 9/10', 343),
(1620, ' 8.5/10', 343),
(1621, ' 9.5/10', 343),
(1622, ' 9/10', 343),
(1623, ' 9/10', 343),
(1624, ' 8/10', 343),
(1625, ' 4/5 ', 343),
(1626, ' 90/100', 343),
(1627, ' 4.5/5', 343),
(1628, ' 10/10', 343),
(1629, ' 4.5/5 ', 347),
(1630, ' 8/10', 347),
(1631, ' 7/10', 347),
(1632, ' 39/40', 348),
(1633, ' 9.3/10', 348),
(1634, ' 9.5/10', 348),
(1635, ' A', 348);         
INSERT INTO PUBLIC.SCORE(ID, SCORE, GAME_ID) VALUES
(1636, ' 9/10', 348),
(1637, ' 8.83 of 10', 350),
(1638, ' 9.2 of 10', 350),
(1639, ' 9 of 10', 350),
(1640, ' 4.7 of 5', 350),
(1641, ' 9 of 10', 350),
(1642, ' 9.5 of 10', 350),
(1643, ' 9/10', 351),
(1644, ' 9/10 ', 351),
(1645, ' 7/10', 352),
(1646, ' B+ ', 353),
(1647, ' 8.4/10 ', 353),
(1648, ' 9.3/10 ', 353),
(1649, ' 7/10 ', 353),
(1650, ' 9/10 ', 353),
(1651, ' 9/10 ', 353),
(1652, ' B+', 355),
(1653, ' 9/10', 355),
(1654, ' 9.5/10', 355),
(1655, '', 356),
(1656, ' 35 out of 40', 356),
(1657, '', 356),
(1658, ' B+', 356),
(1659, ' 9 out of 10', 356),
(1660, '', 356),
(1661, ' 9.5 out of 10', 356),
(1662, ' 9.5 out of 10', 356),
(1663, ' A-', 356),
(1664, ' 8.75/10', 356),
(1665, ' 9/10', 357),
(1666, ' 9/10', 357),
(1667, ' 9/10', 357),
(1668, ' 5/5 ', 357),
(1669, ' 9.5/10', 357),
(1670, ' 4.5/5', 357),
(1671, ' 5/5 ', 357),
(1672, ' 8/10', 357),
(1673, ' 9.2', 358),
(1674, '', 358),
(1675, ' 8/10', 358),
(1676, ' 9/10 ', 360),
(1677, ' 4.5/5 ', 362),
(1678, ' 8.8/10', 362),
(1679, ' 9.4/10', 362),
(1680, ' A', 362),
(1681, ' 9/10', 362),
(1682, ' 9.5/10', 362),
(1683, ' 4/5 ', 362),
(1684, ' 9.4/10', 362),
(1685, ' 8.5/10', 367),
(1686, ' 8.0/10', 367),
(1687, ' 7.8/10', 367),
(1688, ' 9.8/10', 367),
(1689, ' 9.25/10', 367),
(1690, ' 9/10', 367),
(1691, ' 10/10', 367),
(1692, ' 83/100', 367),
(1693, ' 5 of 5', 370),
(1694, STRINGDECODE(' A\u2212'), 370),
(1695, ' 9.0 of 10', 370),
(1696, ' 8.9 of 10', 370),
(1697, ' 9.0 of 10', 370),
(1698, ' A', 370),
(1699, ' 10.0 of 10', 370),
(1700, ' 9.5 of 10', 370),
(1701, ' 5 of 5', 370),
(1702, ' 9.3 of 10', 370),
(1703, ' 4 of 5', 370),
(1704, ' 7.5 of 10', 370),
(1705, ' A', 370),
(1706, ' 34 out of 40', 375),
(1707, ' 9.2/10', 375),
(1708, ' 9/10', 375),
(1709, ' 9/10', 375),
(1710, ' A', 375),
(1711, ' 9/10', 375),
(1712, ' 9.25/10', 375),
(1713, ' 4/5 ', 378),
(1714, ' 34/40', 378),
(1715, ' 8.8/10', 378),
(1716, ' 9.4/10', 378),
(1717, ' 9.25/10', 378),
(1718, ' 4.5/5', 378),
(1719, ' 10/10', 378),
(1720, ' 4.5/5 ', 379),
(1721, ' 9/10', 379),
(1722, ' 5/5 ', 379),
(1723, ' B+', 379),
(1724, ' 9.4/10', 379),
(1725, ' 9.1/10', 379),
(1726, ' 5/5 ', 379),
(1727, ' 9/10', 379),
(1728, ' 9.5/10', 379),
(1729, ' 4.5/5 ', 379),
(1730, ' 9.2/10', 379),
(1731, ' 4/5 ', 379),
(1732, ' 9/10 ', 379),
(1733, ' 90%', 379),
(1734, ' 8/10', 380),
(1735, ' 10/10', 380),
(1736, ' 5/5 ', 380),
(1737, ' 4.5/5', 380),
(1738, ' 9/10', 381),
(1739, ' 9/10', 381),
(1740, ' 8/10', 381),
(1741, ' 8/10', 381),
(1742, ' 9/10', 381),
(1743, ' 4.5/5 ', 386),
(1744, ' 7/10 ', 386),
(1745, ' 4.5/5 ', 386),
(1746, ' A- ', 386),
(1747, ' 9.5/10 ', 386),
(1748, ' 9.6/10 ', 386),
(1749, ' 9/10 ', 386),
(1750, ' 10/10 ', 386),
(1751, ' 9/10 ', 386),
(1752, ' 94/100 ', 386),
(1753, ' 95/100 ', 386),
(1754, ' 90/100 ', 386),
(1755, ' 10/10 ', 386),
(1756, ' 9/10 ', 386),
(1757, ' 92/100 ', 386),
(1758, ' 90/100 ', 386),
(1759, ' 5/5 ', 386),
(1760, ' 5/5 ', 386),
(1761, ' 86% ', 386),
(1762, ' 9/10 ', 386),
(1763, ' 9/10 ', 386),
(1764, ' 87% ', 386),
(1765, ' 10/10 ', 386),
(1766, ' 4.5/5 ', 388),
(1767, '', 388),
(1768, ' 33/40', 388),
(1769, ' 5/5 ', 388),
(1770, ' B+', 388),
(1771, ' 9.0/10', 388),
(1772, ' 9.0/10', 388),
(1773, '', 388),
(1774, ' 7/10', 388),
(1775, ' 9/10', 388),
(1776, ' 35 out of 40', 389),
(1777, '', 389),
(1778, '', 389),
(1779, ' A', 389),
(1780, '', 389),
(1781, ' 8.25 out of 10', 389),
(1782, '', 390),
(1783, ' 8.2/10', 390),
(1784, ' A', 390),
(1785, ' 9/10', 390),
(1786, ' 4.5/5.0', 390),
(1787, ' 9.4/10', 391),
(1788, ' A+', 391),
(1789, ' 9/10', 391),
(1790, ' 9/10', 391),
(1791, ' 4/5 ', 391),
(1792, ' 93%', 391),
(1793, ' 86%', 391),
(1794, ' 9/10', 395),
(1795, ' 33/40', 395),
(1796, ' 5/5', 395),
(1797, ' 9.0', 395),
(1798, ' 9.3/10', 395),
(1799, ' 9.0', 395),
(1800, ' A+', 395),
(1801, ' 8.7/10', 395),
(1802, ' 4 of 5', 395),
(1803, ' 10/10', 395),
(1804, ' 9.0/10', 396),
(1805, ' 8.7/10', 396),
(1806, ' 4/5 ', 397),
(1807, ' 35/40', 397),
(1808, ' 9/10', 397),
(1809, ' 4/5', 397),
(1810, ' 4/5 ', 401),
(1811, ' 8/10', 401);               
INSERT INTO PUBLIC.SCORE(ID, SCORE, GAME_ID) VALUES
(1812, ' 7.9/10', 401),
(1813, ' 9.25/10', 401),
(1814, ' 7.5/10', 401),
(1815, ' 5/5 ', 401),
(1816, '', 402),
(1817, ' A- A A+ ', 402),
(1818, ' 35/40', 402),
(1819, ' 8.5/10', 402),
(1820, ' 9.0/10', 402),
(1821, ' 9/10', 402),
(1822, '', 402),
(1823, ' 4.5/5', 402),
(1824, ' 5/5', 402),
(1825, ' 9.5/10', 402),
(1826, ' 93%', 402),
(1827, ' 4/5', 402),
(1828, ' 9.1/10', 402),
(1829, ' 9.0/10', 404),
(1830, ' 8.7/10', 404),
(1831, ' 9.0/10', 404),
(1832, ' A', 404),
(1833, ' 9/10', 404),
(1834, ' 9.5/10', 404),
(1835, ' 9.5/10', 404),
(1836, ' 9/10', 404),
(1837, ' 38/40', 405),
(1838, ' 4.5/5 ', 405),
(1839, ' 8/10', 405),
(1840, ' 9.5/10', 405),
(1841, ' 9.25/10', 405),
(1842, ' 4.5/5 ', 405),
(1843, ' 8.5/10', 405),
(1844, ' 94/100', 405),
(1845, ' 7/10', 405),
(1846, ' 5/5 ', 405),
(1847, ' 5/5 ', 405),
(1848, '', 407),
(1849, ' 8.4/10', 407),
(1850, ' 9.9/10', 407),
(1851, ' A', 407),
(1852, ' 9/10', 407),
(1853, ' 8/10', 407),
(1854, ' 9/10', 407),
(1855, ' 5/5', 407),
(1856, ' 4/5', 407),
(1857, ' 9.7/10', 407),
(1858, ' [96]', 413),
(1859, ' 37.5 / 40[99]', 413),
(1860, STRINGDECODE(' 37 / 40[100]\nDC: 34 / 40[101]'), 413),
(1861, STRINGDECODE(' [2]\nPS (Dual Shock Ver.):\n[104]'), 413),
(1862, ' 8.9 / 10[3]', 413),
(1863, STRINGDECODE(' 9.3 / 10[107]\nDC: 8.5 / 10[108]\nGame.com: 3 / 10[82]'), 413),
(1864, STRINGDECODE(' [97]\nPS: 9 / 10[98]'), 413),
(1865, ' 9.5 / 10[103]', 413),
(1866, ' 291 / 300[102]', 413),
(1867, STRINGDECODE(' 90%[105]\nN64: 90%[106]\nDC: 91%[106]'), 413),
(1868, ' 4.5/5 ', 414),
(1869, ' 34/40', 414),
(1870, ' 38/40', 414),
(1871, ' 5/5', 414),
(1872, ' A-', 414),
(1873, ' 9.2/10', 414),
(1874, ' 9/10', 414),
(1875, ' 4/5 ', 414),
(1876, ' 9.5/10', 414),
(1877, ' 291/300', 414),
(1878, ' 95%', 414),
(1879, ' 94%', 414),
(1880, ' 4.5/5 ', 416),
(1881, ' 8/10', 416),
(1882, ' B+', 416),
(1883, ' 7, 8, 8, 9 of 10', 416),
(1884, ' 4.5/5', 416),
(1885, ' 8.6/10', 416),
(1886, ' 9.3/10', 416),
(1887, ' 9/10', 416),
(1888, ' 4/5 ', 416),
(1889, STRINGDECODE(' 8\u200a1\u20442'), 416),
(1890, ' 9/10 then 10/10', 418),
(1891, ' 37/40', 418),
(1892, ' 9/10', 418),
(1893, ' 5/5 ', 418),
(1894, ' 10/10', 418),
(1895, ' 6/10', 420),
(1896, '', 421),
(1897, ' 8/10', 421),
(1898, ' 4.5/5 ', 422),
(1899, ' A+', 422),
(1900, ' 4.6/5', 422),
(1901, ' 9.1/10', 422),
(1902, ' 9.0/10', 422),
(1903, ' A', 422),
(1904, ' 5/5', 422),
(1905, ' 9.17/10', 423),
(1906, ' 5/5 ', 423),
(1907, ' 9.25/10', 423),
(1908, ' 8 of 10 ', 429),
(1909, ' 30 of 40 ', 429),
(1910, ' 8.5 of 10 ', 429),
(1911, ' A ', 429),
(1912, ' 9 of 10 ', 429),
(1913, ' 8.75 of 10 ', 429),
(1914, ' 9.5 of 10 ', 429),
(1915, ' 9/10', 430),
(1916, ' 37/40', 430),
(1917, ' 4.5/5 ', 430),
(1918, ' 9/10', 430),
(1919, ' 9/10', 430),
(1920, ' 10/10', 430),
(1921, ' 9/10 ', 430),
(1922, ' 9.75/10', 430),
(1923, ' 10/10', 430),
(1924, ' 90%', 430),
(1925, ' 4/5 ', 430),
(1926, ' 4.5/5 ', 430),
(1927, ' 9/10', 430),
(1928, ' 9/10', 430),
(1929, ' 96%', 430),
(1930, ' 5/5 ', 430),
(1931, ' 9/10', 430),
(1932, ' 9/10', 430),
(1933, ' 9/10', 430),
(1934, ' 8.5/10', 435),
(1935, ' 8.9/10[51] ', 435),
(1936, ' A', 435),
(1937, ' 9/10', 435),
(1938, ' 8.5/10', 435),
(1939, ' 4.5/5 ', 435),
(1940, ' 8.8/10 ', 436),
(1941, ' 9.1/10 ', 436),
(1942, ' 9/10', 444),
(1943, ' 4/5 ', 444),
(1944, ' 9/10', 444),
(1945, ' 9/10', 444),
(1946, ' 9.5/10', 444),
(1947, ' 4.5/5 ', 444),
(1948, ' 9/10', 444),
(1949, ' 91/100', 444),
(1950, ' 8.5/10', 444),
(1951, ' 7/10', 444),
(1952, ' 5/5 ', 444),
(1953, ' 9.5/10', 445),
(1954, ' 9.3/10', 445),
(1955, ' 9/10', 445),
(1956, ' 9.25/10', 445),
(1957, '', 445),
(1958, ' 88/100', 445),
(1959, '', 445),
(1960, ' 92/100', 445),
(1961, '', 445),
(1962, ' 8/10', 445),
(1963, ' 9.0/10 ', 447),
(1964, ' 8.5/10', 447),
(1965, '', 447),
(1966, '', 447),
(1967, ' 9.5/10', 447),
(1968, ' 36/40', 448),
(1969, ' 8.5/10 ', 448),
(1970, ' 9.0/10 ', 448),
(1971, ' 9/10', 448),
(1972, ' 8.5/10', 448),
(1973, ' 90% ', 448),
(1974, ' 94%', 448),
(1975, ' 10/10', 448),
(1976, ' 4.5/5 ', 449),
(1977, ' 33 of 40', 449);      
INSERT INTO PUBLIC.SCORE(ID, SCORE, GAME_ID) VALUES
(1978, ' 8.9 of 10', 449),
(1979, ' 9.3 of 10', 449),
(1980, ' A', 449),
(1981, ' 9 of 10', 449),
(1982, ' 4.5 of 5', 449),
(1983, ' 5 of 5', 449),
(1984, ' 7/10', 451),
(1985, ' 4.5/5', 451),
(1986, ' B', 451),
(1987, ' 8.6/10', 451),
(1988, ' 9.4/10', 451),
(1989, ' 4.5/5 ', 453),
(1990, ' 8.8/10', 453),
(1991, ' 8/10', 454),
(1992, ' 39/40', 454),
(1993, ' 5/5 ', 454),
(1994, ' 9/10', 454),
(1995, ' 9.1/10', 454),
(1996, ' 8.5/10', 454),
(1997, ' A', 454),
(1998, ' 8/10', 454),
(1999, ' 8.75/10', 454),
(2000, ' 9/10', 454),
(2001, ' 4.5/5 ', 454),
(2002, ' 8.5/10', 454),
(2003, ' 5/5 ', 454),
(2004, ' 4.5/5 ', 454),
(2005, ' 8/10', 454),
(2006, ' 9/10', 454),
(2007, ' 92%', 454),
(2008, ' 9.3/10', 454),
(2009, ' 5/5 ', 454),
(2010, ' 5/5 ', 454),
(2011, ' 9/10', 460),
(2012, ' 9.5/10', 460),
(2013, ' 8.5/10', 460),
(2014, ' 9.1/10', 460),
(2015, ' 8.2/10', 460),
(2016, ' A', 460),
(2017, ' 9/10', 460),
(2018, ' 9.5/10', 460),
(2019, ' 5/5 ', 460),
(2020, ' 9/10', 460),
(2021, ' 4.5/5', 460),
(2022, ' 9/10', 460),
(2023, ' 33/40 ', 463),
(2024, ' 8.5/10 ', 463),
(2025, ' 9/10 ', 463),
(2026, ' 8.3 ', 463),
(2027, ' A- ', 463),
(2028, ' 8.5/10 ', 463),
(2029, ' 9/10 ', 463),
(2030, ' 4.5/5 ', 463),
(2031, ' 4.5/5 ', 467),
(2032, ' A-', 467),
(2033, ' 9/10', 467),
(2034, ' 9/10', 467),
(2035, ' 8/10', 467),
(2036, ' 4/5 ', 467),
(2037, ' 9/10', 467),
(2038, ' 93%', 467),
(2039, ' 4/5 ', 469),
(2040, ' 8/10', 469),
(2041, ' 9/10', 469),
(2042, ' 95%', 469),
(2043, ' 92%', 469),
(2044, ' 5/5 ', 469),
(2045, ' 3.5/5 ', 469),
(2046, ' 9/10 then 10/10', 470),
(2047, ' 37/40', 470),
(2048, ' 9/10', 470),
(2049, ' 5/5 ', 470),
(2050, ' 10/10', 470),
(2051, ' 9/10', 471),
(2052, ' 9/10', 471),
(2053, ' A', 471),
(2054, ' 9/10', 471),
(2055, ' 9/10', 471),
(2056, ' 9/10', 471),
(2057, ' 9/10', 471),
(2058, ' 9/10', 471),
(2059, ' 9/10', 473),
(2060, ' A-', 473),
(2061, ' 9/10', 473),
(2062, ' 9.5/10', 473),
(2063, ' 4/5 ', 475),
(2064, ' 8 out of 10', 475),
(2065, ' 9.2 out of 10', 475),
(2066, ' 4.5 out of 5', 475),
(2067, ' 7.9 out of 10', 475),
(2068, ' 9.0 out of 10', 475),
(2069, ' 4 out of 5', 475),
(2070, ' 4.5 out of 5', 475),
(2071, ' 8.17/10', 480),
(2072, ' 5/5 ', 480),
(2073, ' B+', 480),
(2074, ' 7.7/10', 480),
(2075, ' 9/10', 480),
(2076, ' 7.3/10', 480),
(2077, ' 9.5/10', 480),
(2078, ' 4/5 ', 480),
(2079, ' 7/10', 481),
(2080, ' 39/40', 481),
(2081, ' 4.5/5 ', 481),
(2082, ' B+', 481),
(2083, ' 8.9/10', 481),
(2084, ' 9.5/10', 481),
(2085, ' 8/10', 481),
(2086, ' 9.25/10', 481),
(2087, ' 4.5/5 ', 481),
(2088, ' 9.7/10', 481),
(2089, ' 5/5 ', 481),
(2090, ' 10/10', 481),
(2091, ' 3/4 ', 481),
(2092, ' 8/10', 482),
(2093, ' 9/10', 482),
(2094, ' 8.8/10', 482),
(2095, ' 8.8/10', 482),
(2096, ' 8/10', 482),
(2097, ' 9.5/10', 482),
(2098, ' 4/5 ', 482),
(2099, ' 5/5 ', 482),
(2100, ' 87/100', 482),
(2101, ' 8.5/10', 482),
(2102, ' 9.5/10', 482),
(2103, ' 4/5 ', 482),
(2104, ' 4.5/5', 482),
(2105, ' 5/5', 482),
(2106, ' 9/10', 483),
(2107, ' 9.0/10', 483),
(2108, ' B', 483),
(2109, ' 9/10', 483),
(2110, ' 8.75/10', 483),
(2111, ' 4.5/5 ', 483),
(2112, ' 4/5', 483),
(2113, ' 8/10', 483),
(2114, ' 9.1/10', 484),
(2115, ' 9/10', 484),
(2116, ' 4.6/5', 484),
(2117, ' 9/10', 484),
(2118, ' 9.25/10', 484),
(2119, ' A-', 484),
(2120, ' 9/10', 485),
(2121, ' 9.0/10', 485),
(2122, ' 8.4/10', 485),
(2123, ' 8/10', 485),
(2124, ' 87%', 485),
(2125, ' 8/10', 488),
(2126, ' 9/10', 488),
(2127, ' 5/5 ', 488),
(2128, ' B', 488),
(2129, ' 7.5/10', 488),
(2130, ' 9/10', 488),
(2131, ' 9.4/10', 488),
(2132, ' A-', 488),
(2133, ' 9.25/10', 488),
(2134, ' 4/5 ', 488),
(2135, ' 10/10', 488),
(2136, ' 5/5', 488),
(2137, ' 9/10', 488),
(2138, ' 9.5/10', 488),
(2139, ' 93/100', 488),
(2140, ' 8/10', 490),
(2141, ' 8.33/10', 490),
(2142, ' 3.5/5 ', 491),
(2143, ' 36 of 40', 491),
(2144, ' 4.5/5 ', 491),
(2145, ' B+', 491),
(2146, ' 9 of 10', 491),
(2147, ' 9.2 of 10', 491),
(2148, ' 9.5 of 10', 491),
(2149, ' B+', 491),
(2150, ' 9 of 10', 491),
(2151, ' 9 of 10', 491),
(2152, ' 9.25 of 10', 491);            
INSERT INTO PUBLIC.SCORE(ID, SCORE, GAME_ID) VALUES
(2153, ' 9 of 10', 491),
(2154, ' 5/5 ', 491),
(2155, ' 9.3 of 10', 491),
(2156, ' 96%', 491),
(2157, ' 4/5 ', 491),
(2158, ' 3.5/5 ', 492),
(2159, ' 34/40 ', 492),
(2160, ' 7.7/10 ', 492),
(2161, ' 9.0/10 ', 492),
(2162, ' 9/10 ', 492),
(2163, ' 96/100 ', 492),
(2164, '', 493),
(2165, '', 493),
(2166, ' 9.0/10', 493),
(2167, ' 9.1/10', 493),
(2168, '', 493),
(2169, ' A-', 493),
(2170, ' 8/10', 493),
(2171, '', 493),
(2172, ' 4.5/5 ', 496),
(2173, ' 9/10', 496),
(2174, ' 9.4/10', 496),
(2175, ' 9.5/10', 496),
(2176, ' 93/100', 496),
(2177, ' 8.5/10', 496),
(2178, ' 8.5/10', 496); 
CREATE CACHED TABLE PUBLIC.SCORE_WEBSITE(
    ID INTEGER DEFAULT (NEXT VALUE FOR PUBLIC.SYSTEM_SEQUENCE_B2BD3015_C0D0_4107_BF17_37503A8305B0) NOT NULL NULL_TO_DEFAULT SEQUENCE PUBLIC.SYSTEM_SEQUENCE_B2BD3015_C0D0_4107_BF17_37503A8305B0 SELECTIVITY 100,
    NAME VARCHAR(255) SELECTIVITY 100,
    URL VARCHAR(4000) SELECTIVITY 80,
    SCORE_ID INTEGER SELECTIVITY 100
);              
ALTER TABLE PUBLIC.SCORE_WEBSITE ADD CONSTRAINT PUBLIC.CONSTRAINT_8 PRIMARY KEY(ID);           
-- 130 +/- SELECT COUNT(*) FROM PUBLIC.SCORE_WEBSITE;          
INSERT INTO PUBLIC.SCORE_WEBSITE(ID, NAME, URL, SCORE_ID) VALUES
(1, 'AllGame ', ' https://web.archive.org/web/20141114094542/http://www.allgame.com/game.php?id=11686 ', 2158),
(2, 'Edge ', ' N/A ', 2164),
(3, 'EGM ', ' http://www.1up.com/do/blogEntry?bId=7906056&publicUserId=5739595 ', 2141),
(4, 'Famitsu ', ' http://www.ign.com/articles/1998/11/14/zelda-receives-highest-ever-famitsu-score ', 2165),
(5, 'GamePro ', ' https://web.archive.org/web/20080705035405/http://www.gamepro.com/nintendo/n64/games/reviews/121.shtml ', 2144),
(6, 'Game Revolution ', ' N/A ', 2172),
(7, 'GameSpot ', ' http://www.gamespot.com/reviews/legend-of-zelda-ocarina-of-time-the-review/1900-2543677/ ', 2173),
(8, 'GameTrailers ', ' N/A ', 2167),
(9, 'IGN ', ' http://www.ign.com/articles/1998/11/26/the-legend-of-zelda-ocarina-of-time-review ', 2174),
(10, 'Nintendo Power ', ' N/A ', 2116),
(11, 'RPGamer ', ' http://www.rpgamer.com/games/zelda/urazelda/reviews/z5mqstrev1.html ', 1548),
(12, '1UP.com ', ' http://archive.is/hv5CI ', 2169),
(13, 'CVG ', ' http://www.computerandvideogames.com/187732/reviews/grand-theft-auto-iv-review/ ', 2150),
(14, 'Eurogamer ', ' http://www.eurogamer.net/articles/grand-theft-auto-iv-review ', 2170),
(15, 'Game Informer ', ' https://web.archive.org/web/20080429143518/http://www.gameinformer.com/Games/Review/200806/R08.0425.1548.19614.htm ', 2175),
(16, 'GamesRadar ', ' http://www.gamesradar.com/grand-theft-auto-iv-review/ ', 2153),
(17, 'GameSpy ', ' http://pc.gamespy.com/pc/grand-theft-auto-iv/935454p1.html ', 2163),
(18, 'VideoGamer.com ', ' http://www.videogamer.com/pc/gta_4/review.html ', 2020),
(19, 'GameFan ', ' N/A ', 1877),
(20, 'GameZone ', ' https://web.archive.org/web/20071113153226/http://wii.gamezone.com/gzreviews/r29665.htm ', 2155),
(21, 'ONM ', ' N/A ', 2156),
(22, 'Play ', ' https://web.archive.org/web/20090618170629/http://www.playmagazine.com/?fuseaction=SiteMain.Content&contentid=661 ', 2135),
(23, 'X-Play ', ' N/A ', 2171),
(24, 'Joystiq ', ' http://www.joystiq.com/2013/09/16/grand-theft-auto-5-review/ ', 2099),
(25, 'The Escapist ', ' http://www.escapistmagazine.com/articles/view/editorials/reviews/10598-Grand-Theft-Auto-5-Review-People-Suck ', 1926),
(26, 'PC Gamer (US) ', ' http://www.pcgamer.com/gta-5-review/ ', 2176),
(27, 'N64 Magazine ', ' https://en.wikipedia.org/wiki/Future_Publishing ', 1136),
(28, 'The Electric Playground ', ' https://web.archive.org/web/20030516173556/http://www.elecplay.com/review.html?article=2548&full=1 ', 1755),
(29, 'GameCritics.com ', ' https://web.archive.org/web/20110716114553/http://www.gamecritics.com/review/perfectdark/main.php ', 202),
(30, 'Destructoid ', ' https://en.wikipedia.org/wiki/Jim_Sterling ', 2177),
(31, 'Pocket Gamer ', ' http://www.pocketgamer.co.uk/r/Multiformat/Grand+Theft+Auto+3%3A+10th+Anniversary+Edition/review.asp?c=36169 ', 436),
(32, 'Maximum PC ', ' http://dl.maximumpc.com/Archives/MPC0105-web.pdf ', 2035),
(33, 'The Cincinnati Enquirer ', ' https://web.archive.org/web/20060316101825/http://www.cincinnati.com/freetime/games/reviews/120204_half-life2.html ', 1731),
(34, 'The New York Times ', ' http://www.nytimes.com/2004/11/25/technology/circuits/a-big-sequel-thats-worthy-of-its-lineage.html ', 134),
(35, 'OXM (US) ', ' http://www.oxm.co.uk/article.php?id=1182 ', 2057),
(36, 'PC Gamer (UK) ', ' https://web.archive.org/web/20070910141247/http://www.computerandvideogames.com/article.php?id=169983 ', 1974),
(37, 'PC Zone ', ' http://www.computerandvideogames.com/article.php?id=169992 ', 2043),
(38, 'G4 ', ' http://g4tv.com/games/ps3/57025/Uncharted-2-Among-Thieves/review/ ', 2112),
(39, 'OPM (US) ', ' http://blog.us.playstation.com/2009/09/first-uncharted-2-among-thieves-review-playstation-the-official-magazine/ ', 2089),
(40, 'OPM (UK) ', ' http://www.n4g.com/ps3/News-399880.aspx ', 2137),
(41, 'OPM (AU) ', ' http://www.metacritic.com/games/platforms/ps3/uncharted2amongthieves?tag=topslot;title;1 ', 1928),
(42, 'PSM3 (France) ', ' http://www.n4g.com/News-394102.aspx ', 163),
(43, 'Gamereactor ', ' http://www.gamereactor.no/anmeldelser/118529/Uncharted+2%3A+Among+Thieves/ ', 433);    
INSERT INTO PUBLIC.SCORE_WEBSITE(ID, NAME, URL, SCORE_ID) VALUES
(44, 'Konzolista ', ' https://web.archive.org/web/20091016024856/http://www.konzolista.cz/recenze/uncharted-2-among-thieves_226.html ', 165),
(45, 'GamesMaster ', ' N/A ', 2007),
(46, 'Entertainment Weekly ', ' http://www.ew.com/article/1998/06/19/x-files-gametekken-3gran-turismomulan-animated-storybook ', 189),
(47, 'PSM ', ' http://www.gamerankings.com/ps2/913941-metal-gear-solid-2-sons-of-liberty/index.html ', 2138),
(48, 'PSM3 ', ' http://www.gamerankings.com/ps2/913941-metal-gear-solid-2-sons-of-liberty/index.html ', 2139),
(49, 'GameNOW ', ' http://www.gamerankings.com/ps2/913941-metal-gear-solid-2-sons-of-liberty/index.html ', 2119),
(50, 'Gamer.tv ', ' http://www.gamerankings.com/ps2/913941-metal-gear-solid-2-sons-of-liberty/index.html ', 233),
(51, 'Gaming Target ', ' http://www.gamerankings.com/ps2/913941-metal-gear-solid-2-sons-of-liberty/index.html ', 1551),
(52, 'Just Adventure ', ' http://www.gamerankings.com/ps2/913941-metal-gear-solid-2-sons-of-liberty/index.html ', 235),
(53, 'Maxim ', ' http://www.metacritic.com/game/playstation-2/metal-gear-solid-2-sons-of-liberty ', 2090),
(54, 'Next Generation ', ' http://www.gamerankings.com/ps2/913941-metal-gear-solid-2-sons-of-liberty/index.html ', 1453),
(55, 'CGW ', ' https://web.archive.org/web/20010210175439/www.zdnet.com/cgw/stories/main/0,11529,2656173,00.html ', 2044),
(56, 'FiringSquad ', ' http://www.firingsquad.com/games/bg2/default.asp ', 1490),
(57, 'Gameplanet ', ' https://web.archive.org/web/20081022093014/http://old.gameplanet.co.nz/mag.dyn/Reviews/2233.html ', 1491),
(58, 'Digital Spy ', ' http://www.digitalspy.com/gaming/review/a444386/mobile-review-round-up-gta-vice-city-knightscape-more/ ', 1930),
(59, 'NowGamer ', ' http://www.nowgamer.com/gta-vice-city-ipad-review/ ', 262),
(60, 'The Telegraph ', ' http://www.telegraph.co.uk/technology/mobile-app-reviews/9750548/Grand-Theft-Auto-Vice-City-10th-Anniversary-Edition-review.html ', 263),
(61, 'Touch Arcade ', ' http://toucharcade.com/2012/12/31/grand-theft-auto-vice-city-review-a-totally-rad-port/ ', 264),
(62, 'GMR ', ' http://www.gamerankings.com/n64/197770-the-legend-of-zelda-majoras-mask/articles.html ', 447),
(63, 'Polygon ', ' http://www.polygon.com/2013/6/5/4396286/the-last-of-us-review ', 2178),
(64, 'GamesTM ', ' http://www.gamestm.co.uk/reviews/metal-gear-solid-5-the-phantom-pain-review/ ', 2022),
(65, 'Giant Bomb ', ' http://www.giantbomb.com/reviews/metal-gear-solid-v-the-phantom-pain-review/1900-713/ ', 2103),
(66, 'OXM (UK) ', ' N/A ', 1975),
(67, 'Metro ', ' http://metro.co.uk/2015/09/01/metal-gear-solid-v-the-phantom-pain-review-the-ultimate-sneaking-mission-5370735/ ', 355),
(68, 'PlayStation LifeStyle ', ' http://www.playstationlifestyle.net/2015/08/31/mgsv-the-phantom-pain-review-uncharted-infiltration-ps4 ', 356),
(69, 'The Guardian ', ' http://www.theguardian.com/technology/2015/sep/03/metal-gear-solid-v-the-phantom-pain-review-greatest-stealth-game-ever ', 2010),
(70, 'The Independent ', ' http://www.independent.co.uk/life-style/gadgets-and-tech/gaming/metal-gear-solid-v-review-perhaps-the-finest-actionstealth-game-ever-made-10491473.html ', 358),
(71, 'The Daily Telegraph ', ' http://www.telegraph.co.uk/gaming/what-to-play/metal-gear-solid-v-review/ ', 2049),
(72, 'Time ', ' http://time.com/4008685/metal-gear-solid-phantom-pain-review/ ', 2104),
(73, 'TeamXbox ', ' http://reviews.teamxbox.com/xbox-360/1803/Call-of-Duty-Modern-Warfare-2/p1/ ', 1857),
(74, 'Nintendo World Report ', ' http://www.gamerankings.com/3ds/997842-the-legend-of-zelda-ocarina-of-time-3d/index.html ', 1704),
(75, 'PALGN ', ' http://www.gamerankings.com/3ds/997842-the-legend-of-zelda-ocarina-of-time-3d/index.html ', 2113),
(76, 'Metro (UK) ', ' http://www.metacritic.com/game/3ds/the-legend-of-zelda-ocarina-of-time-3d ', 1278),
(77, 'NGamer ', ' http://www.computerandvideogames.com/game.php?id=1377 ', 1256),
(78, 'Adventure Gamers ', ' http://www.adventuregamers.com/articles/view/17517 ', 2045),
(79, 'AusGamers ', ' http://www.ausgamers.com/games/the-witcher-3-wild-hunt/review/ ', 561);  
INSERT INTO PUBLIC.SCORE_WEBSITE(ID, NAME, URL, SCORE_ID) VALUES
(80, 'New York Daily News ', ' N/A ', 879),
(81, 'Digital Trends ', ' N/A ', 564),
(82, 'GamingSoul ', ' http://www.gamingsoul.com/nintendo/wiiu/review-super-mario-3d-world/ ', 639),
(83, 'NZGamer.com ', ' http://nzgamer.com/pc/reviews/1134/starcraft-ii-wings-of-liberty.html ', 653),
(84, 'Softpedia ', ' http://www.softpedia.com/reviews/games/pc/Starcraft-2-Wings-of-Liberty-Review-149930.shtml ', 654),
(85, 'USA Today ', ' http://pqasb.pqarchiver.com/USAToday/doc/408837885.html?FMT=ABS&FMTS=ABS&date=Oct+27%2C+2000&author=Kent%2C+Steven&pub=USA+TODAY&edition=&startpage=&desc=Game+stars+light+up+PlayStation+2+rollout+Of+the+26+launch+titles%2C+chosen+few+impress+with+style%2C+graphics%2C+humor ', 669),
(86, 'Wired ', ' http://www.wired.com/gamelife/2008/12/review-persona/ ', 1803),
(87, 'Game Chronicles ', ' http://www.gamechronicles.com/reviews/archives/dc/quake3/quake3.htm ', 692),
(88, 'Gaming Age ', ' http://www.gaming-age.com/cgi-bin/reviews/review.pl?sys=dreamcast&game=q3a ', 693),
(89, 'Computer Games Magazine ', ' http://web.archive.org/web/20050307061736/http://www.cdmag.com/articles/023/109/homeworld_review.html ', 2036),
(90, 'PC Advisor ', ' http://www.pcadvisor.co.uk/reviews/software/106505/gears-of-war-2-review/ ', 1469),
(91, 'Official Dreamcast Magazine (UK) ', ' https://en.wikipedia.org/wiki/International_Standard_Serial_Number ', 749),
(92, 'Nintendo Life ', ' N/A ', 1774),
(93, 'GamingUnion.net ', ' http://www.gamingunion.net/reviews/super-street-fighter-iv--225.html ', 925),
(94, 'PSX Extreme ', ' N/A ', 940),
(95, 'GameDaily ', ' https://web.archive.org/web/20071013093554/http://gamedaily.com/games/team-fortress-2/pc/game-reviews/review/6055/1798/ ', 948),
(96, 'USgamer ', ' http://www.usgamer.net/articles/undertale-pc-review-the-art-of-surprise ', 987),
(97, 'Computer Games Strategy Plus ', ' https://web.archive.org/web/20020827125444/www.cdmag.com/articles/016/017/thief_review.html ', 1036),
(98, 'Gamezilla ', ' http://web.archive.org/web/20010303102857/www.gamezilla.com/reviews/u/unrealtournps2.asp ', 1761),
(99, 'Happy Puppy ', ' http://web.archive.org/web/20000818044510/http://www.happypuppy.com/mac/reviews/unrealtour-mac-1.html ', 1762),
(100, 'Inside Mac Games ', ' http://www.insidemacgames.com/reviews/view.php?ID=33 ', 1763),
(101, 'Dreamcast Magazine (UK) ', ' https://ia601705.us.archive.org/28/items/Dreamcast_Magazine_No_34_2002-06_Paragon_Publishing_GB/Dreamcast_Magazine_No_34_2002-06_Paragon_Publishing_GB.pdf#page=50 ', 1764),
(102, 'CNET ', ' https://web.archive.org/web/20000815094600/http://www.gamecenter.com/Reviews/Item/0,6,0-3478,00.html ', 1765),
(103, 'The Adrenaline Vault ', ' http://www.avault.com/reviews/pc/sid-meiers-alpha-centauri-pc-review/ ', 1093),
(104, 'RPGFan ', ' http://www.rpgfan.com/reviews/Xenoblade/index.html ', 1501),
(105, 'Metro GameCentral ', ' http://metro.co.uk/2014/03/11/dark-souls-ii-review-prepare-to-obsess-4527929/ ', 1933),
(106, 'News.com.au ', ' http://www.news.com.au/technology/dishonored-leaves-us-spoiled-for-choice/story-e6frfro0-1226493147466 ', 1217),
(107, 'The Verge ', ' http://www.theverge.com/gaming/2012/10/8/3470486/dishonored-review ', 1218),
(108, 'PlayStation Universe ', ' http://www.psu.com/LittleBigPlanet-2-Video-Review--a010434-p1.php0/ ', 1235),
(109, 'Paste ', ' http://www.pastemagazine.com/articles/2011/01/littlebigplanet-2-review-ps3.html?p=2/ ', 1236),
(110, 'Playboy ', ' https://web.archive.org/web/20020306052954/http://www.playboy.com/sports/games/twisted/index.html ', 1733),
(111, 'Modojo ', ' http://www.webcitation.org/6CIyXveha ', 1386),
(112, 'Cheat Code Central ', ' http://www.webcitation.org/6CIyYoCMk ', 1387),
(113, 'incite PC Gaming ', ' N/A ', 1454),
(114, 'Thunderbolt ', ' http://www.thunderboltgames.com/reviews/article/golden-sun-review-for-gba.html ', 1522),
(115, 'Advance ', ' https://web.archive.org/web/20030130183329/gamesradar.msn.co.uk/reviews/default.asp?subsectionid=170&articleid=63489&pagetype=2 ', 1523),
(116, 'Nintendophiles ', ' http://www.n-philes.com/reviews/165/mario-kart-ds/ ', 1579);    
INSERT INTO PUBLIC.SCORE_WEBSITE(ID, NAME, URL, SCORE_ID) VALUES
(117, 'CheatCodes.com ', ' http://cheatcodes.com/mario-kart-ds-nintendo-ds/ ', 1580),
(118, 'ActionTrip ', ' http://www.actiontrip.com/reviews/rayman2thegreatescape.phtml ', 1610),
(119, 'GamingTrend ', ' http://www.gamingtrend.com/game_reviews/ocean-breathes-salty-legend-zelda-wind-waker-hd-review/ ', 1692),
(120, 'The A.V. Club ', ' http://www.avclub.com/articles/the-legend-of-zelda-phantom-hourglass,7485/ ', 1705),
(121, 'Hardcore Gamer ', ' http://www.hardcoregamer.com/2016/04/20/review-stephens-sausage-roll/203075/ ', 2105),
(122, 'Jeuxvideo.com ', ' http://www.jeuxvideo.com/articles/0000/00000430_test.htm ', 1775),
(123, 'New York Times ', ' http://www.nytimes.com/2007/10/25/technology/circuits/25game.html ', 1793),
(124, 'Mean Machines ', ' N/A ', 1879),
(125, 'PC PowerPlay ', ' N/A ', 1961),
(126, 'Games for Windows ', ' N/A ', 1962),
(127, 'IGN UK ', ' http://au.ps3.ign.com/articles/112/1123409p2.html ', 1967),
(128, 'Electric Playground ', ' https://web.archive.org/web/20010917160512/http://www.elecplay.com/review.html?article=500&full=1 ', 2037),
(129, 'PC Gamer ', ' https://web.archive.org/web/20020806004419/http://www.pcgamer.com/reviews/archives/review_2000-08-17ab.html ', 2038),
(130, 'Detroit Free Press ', ' http://pqasb.pqarchiver.com/freep/doc/436554792.html?FMT=ABS&FMTS=ABS:FT&type=current&date=Mar+6%2C+2005&author=Schaefer%2C+Jim&pub=Detroit+Free+Press&edition=&startpage=&desc=ZOOM%21 ', 2091); 
CREATE CACHED TABLE PUBLIC.SYSTEM(
    ID INTEGER DEFAULT (NEXT VALUE FOR PUBLIC.SYSTEM_SEQUENCE_7F4725CC_6DF7_42C5_8546_FB386F7E87B5) NOT NULL NULL_TO_DEFAULT SEQUENCE PUBLIC.SYSTEM_SEQUENCE_7F4725CC_6DF7_42C5_8546_FB386F7E87B5,
    NAME VARCHAR(255)
); 
ALTER TABLE PUBLIC.SYSTEM ADD CONSTRAINT PUBLIC.CONSTRAINT_9 PRIMARY KEY(ID);  
-- 63 +/- SELECT COUNT(*) FROM PUBLIC.SYSTEM;  
INSERT INTO PUBLIC.SYSTEM(ID, NAME) VALUES
(1, 'Nintendo 64'),
(2, 'GameCube'),
(3, 'iQue Player'),
(4, 'PlayStation'),
(5, 'Windows'),
(6, 'Game Boy Color'),
(7, 'Dreamcast'),
(8, 'Mac OS X'),
(9, 'Game Boy Advance'),
(10, 'Xbox'),
(11, 'iOS'),
(12, 'PlayStation 3'),
(13, 'Xbox 360'),
(14, 'Arcade'),
(15, 'Xbox Live Arcade'),
(16, 'Android'),
(17, 'Wii'),
(18, 'PlayStation 4'),
(19, 'Xbox One'),
(20, 'PlayStation 2'),
(21, 'Fire OS'),
(22, 'Linux'),
(23, 'Zeebo'),
(24, 'Wii U'),
(25, 'PC'),
(26, 'Windows Phone'),
(27, 'Super NES'),
(28, 'BlackBerry OS'),
(29, 'Tapwave Zodiac'),
(30, 'Nintendo GameCube'),
(31, 'Nintendo 3DS'),
(32, 'Java ME'),
(33, 'PlayStation Vita'),
(34, 'N-Gage'),
(35, 'Nintendo DS'),
(36, 'iPad'),
(37, 'iPhone'),
(38, 'iPod Touch'),
(39, 'PlayStation Portable'),
(40, 'Windows 8'),
(41, 'Windows RT'),
(42, 'Steam'),
(43, 'PocketStation'),
(44, 'Sega Saturn'),
(45, 'Raspberry Pi'),
(46, 'Universal Windows Platform'),
(47, 'Gizmondo'),
(48, 'WarpOS'),
(49, 'Nintendo DSi'),
(50, 'i-mode'),
(51, 'New Nintendo 3DS'),
(52, 'Virtual Console'),
(53, 'BREW'),
(54, 'Nvidia Shield'),
(55, 'Sega Genesis'),
(56, 'Sega CD'),
(57, 'Wii U Virtual Console'),
(58, 'Xperia Play'),
(59, 'Amazon Fire TV'),
(60, 'Chrome OS'),
(61, 'Blackberry App World'),
(62, 'MS-DOS'),
(63, 'OnLive');     
ALTER TABLE PUBLIC.SYSTEM ADD CONSTRAINT PUBLIC.UK_BKIYETAVDYVY7TMO38H3SSD74 UNIQUE(NAME);     
ALTER TABLE PUBLIC.GENRE ADD CONSTRAINT PUBLIC.UK_89B48LWADSPMKOS0RX7HIDLTY UNIQUE(GENRE);     
ALTER TABLE PUBLIC.COUNTRY ADD CONSTRAINT PUBLIC.UK_LLIDYP77H6XKEOKPBMOY710D4 UNIQUE(NAME);    
ALTER TABLE PUBLIC.GAME ADD CONSTRAINT PUBLIC.UK_JARE70VQQTI665DS3B2EH7RK8 UNIQUE(NAME);       
ALTER TABLE PUBLIC.GAME_GENRE ADD CONSTRAINT PUBLIC.FKJ47T9LFHTJ14LSG346BO3VUJV FOREIGN KEY(GAME_ID) REFERENCES PUBLIC.GAME(ID) NOCHECK;       
ALTER TABLE PUBLIC.GAME_PURCHASE_WEBSITE ADD CONSTRAINT PUBLIC.FK5GQNWA034KNIPL82JCVAFLM6F FOREIGN KEY(GAME_ID) REFERENCES PUBLIC.GAME(ID) NOCHECK;            
ALTER TABLE PUBLIC.SCORE ADD CONSTRAINT PUBLIC.FK7KISJKDGA5KR3MK2KWCXHKPI7 FOREIGN KEY(GAME_ID) REFERENCES PUBLIC.GAME(ID) NOCHECK;            
ALTER TABLE PUBLIC.GAME ADD CONSTRAINT PUBLIC.FK97RRKDSTJV626UQC8A43KR1B1 FOREIGN KEY(PURCHASE_WEBSITE_ID) REFERENCES PUBLIC.PURCHASE_WEBSITE(ID) NOCHECK;     
ALTER TABLE PUBLIC.GAME_SCORE_WEBSITE ADD CONSTRAINT PUBLIC.FKS6MEXMOWQECJBJC5NC90I5NPD FOREIGN KEY(SCORE_WEBSITE_ID) REFERENCES PUBLIC.SCORE_WEBSITE(ID) NOCHECK;             
ALTER TABLE PUBLIC.GAME ADD CONSTRAINT PUBLIC.FKRKRATXA6TSO6UAHPBD5W9GHAY FOREIGN KEY(PUBLISHER_ID) REFERENCES PUBLIC.PUBLISHER(ID) NOCHECK;   
ALTER TABLE PUBLIC.GAME_SYSTEM ADD CONSTRAINT PUBLIC.FKFUSLMFMFJSR1P1XH2A852HXH3 FOREIGN KEY(GAME_ID) REFERENCES PUBLIC.GAME(ID) NOCHECK;      
ALTER TABLE PUBLIC.PUBLISHER ADD CONSTRAINT PUBLIC.FKBBHU1YQ7KUC0N6EJUYD0KN203 FOREIGN KEY(COUNTRY_CODE) REFERENCES PUBLIC.COUNTRY(CODE) NOCHECK;              
ALTER TABLE PUBLIC.GAME_GENRE ADD CONSTRAINT PUBLIC.FKFGIEXXWMFERKXQBWBJS989EA9 FOREIGN KEY(GENRE_ID) REFERENCES PUBLIC.GENRE(ID) NOCHECK;     
ALTER TABLE PUBLIC.SCORE_WEBSITE ADD CONSTRAINT PUBLIC.FK3JB3IPNXKGCV6BSUI74Q6U3FB FOREIGN KEY(SCORE_ID) REFERENCES PUBLIC.SCORE(ID) NOCHECK;  
ALTER TABLE PUBLIC.GAME ADD CONSTRAINT PUBLIC.FKGPENVLWR21Y1G95UQ6LV8OF0U FOREIGN KEY(DEVELOPER_ID) REFERENCES PUBLIC.DEVELOPER(ID) NOCHECK;   
ALTER TABLE PUBLIC.GAME_SYSTEM ADD CONSTRAINT PUBLIC.FKR6EMIX8364RGTCTBB4C174G0U FOREIGN KEY(SYSTEM_ID) REFERENCES PUBLIC.SYSTEM(ID) NOCHECK;  
ALTER TABLE PUBLIC.DEVELOPER ADD CONSTRAINT PUBLIC.FKE8UO1AXSS82K61KFCJNA7KG26 FOREIGN KEY(COUNTRY_CODE) REFERENCES PUBLIC.COUNTRY(CODE) NOCHECK;              
ALTER TABLE PUBLIC.GAME_SCORE_WEBSITE ADD CONSTRAINT PUBLIC.FKOTAMSMP4D72MHSSE4FU672T6 FOREIGN KEY(GAME_ID) REFERENCES PUBLIC.GAME(ID) NOCHECK;
ALTER TABLE PUBLIC.GAME_PURCHASE_WEBSITE ADD CONSTRAINT PUBLIC.FKL4OWA56V411T0GLBDNIHKARCS FOREIGN KEY(PURCHASE_WEBSITE_ID) REFERENCES PUBLIC.PURCHASE_WEBSITE(ID) NOCHECK;    
