;              
CREATE USER IF NOT EXISTS SCRAPE SALT '806f1ffaa1bd58e4' HASH 'e1b4dfc12ca2066e70bccfdf79b5b05c450eec1a974889d22c6e2ebb470729b6' ADMIN;        
CREATE SEQUENCE PUBLIC.SYSTEM_SEQUENCE_6F5956A0_46FD_44DC_A090_23BAB291DDA7 START WITH 788 BELONGS_TO_TABLE;   
CREATE SEQUENCE PUBLIC.SYSTEM_SEQUENCE_E227C440_D0A0_4271_9FF1_95734E7DB06E START WITH 37 BELONGS_TO_TABLE;    
CREATE SEQUENCE PUBLIC.SYSTEM_SEQUENCE_2EA83E38_D72D_40DE_A893_B1DF106A6B75 START WITH 97 BELONGS_TO_TABLE;    
CREATE SEQUENCE PUBLIC.SYSTEM_SEQUENCE_7B968A2E_5E08_41FF_A78F_270DC13C2150 START WITH 2187 BELONGS_TO_TABLE;  
CREATE SEQUENCE PUBLIC.SYSTEM_SEQUENCE_FADDD720_DD60_479B_843E_7C0148B4F167 START WITH 1155 BELONGS_TO_TABLE;  
CREATE SEQUENCE PUBLIC.SYSTEM_SEQUENCE_F1F66E5C_90E5_4EA0_B8C6_1C7BE605D7B1 START WITH 501 BELONGS_TO_TABLE;   
CREATE SEQUENCE PUBLIC.SYSTEM_SEQUENCE_A9D8BAEE_E188_4EBD_AEB3_CBB5E2B15D6C START WITH 131 BELONGS_TO_TABLE;   
CREATE SEQUENCE PUBLIC.SYSTEM_SEQUENCE_4479C3B4_CAC8_40EA_B128_BE39BC3C4A71 START WITH 64 BELONGS_TO_TABLE;    
CREATE SEQUENCE PUBLIC.SYSTEM_SEQUENCE_E625FFC8_7A08_4E31_B52F_1FC44AC6999D START WITH 55 BELONGS_TO_TABLE;    
CREATE SEQUENCE PUBLIC.SYSTEM_SEQUENCE_66260900_B8C3_48B8_A0D2_0E264216CF57 START WITH 501 BELONGS_TO_TABLE;   
CREATE CACHED TABLE PUBLIC.COMPANY(
    COMPANY_TYPE VARCHAR(31) NOT NULL,
    ID INTEGER DEFAULT (NEXT VALUE FOR PUBLIC.SYSTEM_SEQUENCE_6F5956A0_46FD_44DC_A090_23BAB291DDA7) NOT NULL NULL_TO_DEFAULT SEQUENCE PUBLIC.SYSTEM_SEQUENCE_6F5956A0_46FD_44DC_A090_23BAB291DDA7,
    NAME VARCHAR(255) NOT NULL,
    CONTENT_RATING VARCHAR(255),
    LEAD_DESIGNER VARCHAR(255) NOT NULL,
    COUNTRY_CODE VARCHAR(255)
);       
ALTER TABLE PUBLIC.COMPANY ADD CONSTRAINT PUBLIC.CONSTRAINT_6 PRIMARY KEY(ID); 
-- 539 +/- SELECT COUNT(*) FROM PUBLIC.COMPANY;
INSERT INTO PUBLIC.COMPANY(COMPANY_TYPE, ID, NAME, CONTENT_RATING, LEAD_DESIGNER, COUNTRY_CODE) VALUES
('DEV', 247, '0verflow', NULL, 'N/A', 'JP'),
('DEV', 248, '1st Playable Productions', NULL, 'N/A', 'US'),
('DEV', 249, '2K Czech', NULL, 'N/A', 'CZ'),
('DEV', 250, '2XL Games', NULL, 'N/A', 'US'),
('DEV', 251, '343 Industries', NULL, 'N/A', 'US'),
('DEV', 252, '38 Studios', NULL, 'N/A', 'US'),
('DEV', 253, '3D Realms', NULL, 'N/A', 'US'),
('DEV', 254, '3G Studios', NULL, 'N/A', 'US'),
('DEV', 255, '42 Entertainment', NULL, 'N/A', 'US'),
('DEV', 256, '4A Games', NULL, 'N/A', 'UA'),
('DEV', 257, '5pb. Inc.', NULL, 'N/A', 'JP'),
('DEV', 258, '5th Cell', NULL, 'N/A', 'US'),
('DEV', 259, '989 Studios', NULL, 'N/A', 'US'),
('DEV', 260, 'Acclaim Entertainment', NULL, 'N/A', 'US'),
('DEV', 261, 'Accolade', NULL, 'N/A', 'US'),
('DEV', 262, 'Access Games', NULL, 'N/A', 'JP'),
('DEV', 263, 'Access Software', NULL, 'N/A', 'US'),
('DEV', 264, 'ACE Team', NULL, 'N/A', 'CL'),
('DEV', 265, 'Aces Studio', NULL, 'N/A', 'US'),
('DEV', 266, 'Acheron Design', NULL, 'N/A', 'AU'),
('DEV', 267, 'Action Forms', NULL, 'N/A', 'UA'),
('DEV', 268, 'Active Gaming Media', NULL, 'N/A', 'JP'),
('DEV', 269, 'Activision', NULL, 'N/A', 'US'),
('DEV', 270, 'Activision Blizzard', NULL, 'N/A', 'US'),
('DEV', 271, 'Adventure Soft', NULL, 'N/A', 'GB'),
('DEV', 272, 'Akella', NULL, 'N/A', 'RU'),
('DEV', 273, 'Aki Corporation', NULL, 'N/A', 'JP'),
('DEV', 274, 'Alfa System', NULL, 'N/A', 'JP'),
('DEV', 275, 'Amazon Game Studios', NULL, 'N/A', 'US'),
('DEV', 276, 'Ancient', NULL, 'N/A', 'JP'),
('DEV', 277, 'Anino Games', NULL, 'N/A', 'PH'),
('DEV', 278, 'Ankama Games', NULL, 'N/A', 'FR'),
('DEV', 279, 'AQ Interactive', NULL, 'N/A', 'JP'),
('DEV', 280, 'Arc System Works', NULL, 'N/A', 'JP'),
('DEV', 281, 'Arkane Studios', NULL, 'N/A', 'FR'),
('DEV', 282, 'Arkedo Studio', NULL, 'N/A', 'FR'),
('DEV', 283, 'ArenaNet', NULL, 'N/A', 'US'),
('DEV', 284, 'Arika', NULL, 'N/A', 'JP'),
('DEV', 285, 'Armor Project', NULL, 'N/A', 'JP'),
('DEV', 286, 'Art Co., Ltd', NULL, 'N/A', 'JP'),
('DEV', 287, 'Artdink', NULL, 'N/A', 'JP'),
('DEV', 288, 'ArtePiazza', NULL, 'N/A', 'JP'),
('DEV', 289, 'Artificial Studios', NULL, 'N/A', 'US'),
('DEV', 290, 'Artoon', NULL, 'N/A', 'JP'),
('DEV', 291, 'Ascaron', NULL, 'N/A', 'DE'),
('DEV', 292, 'Asobo Studio', NULL, 'N/A', 'FR'),
('DEV', 293, 'Atlus', NULL, 'N/A', 'JP'),
('DEV', 294, 'Atomic Planet Entertainment', NULL, 'N/A', 'GB'),
('DEV', 295, 'Attic Entertainment Software', NULL, 'N/A', 'DE'),
('DEV', 296, 'Avalanche Software', NULL, 'N/A', 'US'),
('DEV', 297, 'Avalanche Studios', NULL, 'N/A', 'SE'),
('DEV', 298, 'Aventurine SA', NULL, 'N/A', 'GR'),
('DEV', 299, 'Babaroga', NULL, 'N/A', 'US'),
('DEV', 300, 'Backbone Entertainment', NULL, 'N/A', 'US'),
('DEV', 301, 'Bandai Namco Studios', NULL, 'N/A', 'JP'),
('DEV', 302, 'Banpresto', NULL, 'N/A', 'JP'),
('DEV', 303, 'Bauhaus Entertainment', NULL, 'N/A', 'JP'),
('DEV', 304, 'Beenox', NULL, 'N/A', 'CA'),
('DEV', 305, 'Behaviour Interactive', NULL, 'N/A', 'CA'),
('DEV', 306, 'Bethesda Softworks', NULL, 'N/A', 'US'),
('DEV', 307, 'Big Huge Games', NULL, 'N/A', 'US'),
('DEV', 308, 'Binary Hammer', NULL, 'N/A', 'US'),
('DEV', 309, 'BioWare', NULL, 'N/A', 'CA'),
('DEV', 310, 'Bird Studio', NULL, 'N/A', 'JP'),
('DEV', 311, 'The Bitmap Brothers', NULL, 'N/A', 'GB'),
('DEV', 312, 'Bits Studios', NULL, 'N/A', 'GB'),
('DEV', 313, 'Bizarre Creations', NULL, 'N/A', 'GB'),
('DEV', 314, 'Black Forest Games', NULL, 'N/A', 'DE'),
('DEV', 315, 'Black Isle Studios', NULL, 'N/A', 'US'),
('DEV', 316, 'Black Rock Studio', NULL, 'N/A', 'GB'),
('DEV', 317, 'Black Shell Games', NULL, 'N/A', 'US'),
('DEV', 318, 'Black Wing Foundation', NULL, 'N/A', 'UA'),
('DEV', 319, 'Blitz Games Studios', NULL, 'N/A', 'GB'),
('DEV', 320, 'Blizzard Entertainment', NULL, 'N/A', 'US'),
('DEV', 321, 'Blue Byte Software', NULL, 'N/A', 'DE'),
('DEV', 322, 'Blue Fang Games', NULL, 'N/A', 'US'),
('DEV', 323, 'Blue Tongue Entertainment', NULL, 'N/A', 'AU'),
('DEV', 324, 'Bohemia Interactive', NULL, 'N/A', 'CZ'),
('DEV', 325, 'Boss Fight Entertainment', NULL, 'N/A', 'US');
INSERT INTO PUBLIC.COMPANY(COMPANY_TYPE, ID, NAME, CONTENT_RATING, LEAD_DESIGNER, COUNTRY_CODE) VALUES
('DEV', 326, 'Boss Key Productions', NULL, 'N/A', 'US'),
('DEV', 327, 'BreakAway Games', NULL, 'N/A', 'US'),
('DEV', 328, STRINGDECODE('Br\u00f8derbund'), NULL, 'N/A', 'US'),
('DEV', 329, 'Brownie Brown', NULL, 'N/A', 'JP'),
('DEV', 330, 'Bugbear Entertainment', NULL, 'N/A', 'FI'),
('DEV', 331, 'Buka Entertainment', NULL, 'N/A', 'RU'),
('DEV', 332, 'Bullfrog Productions', NULL, 'N/A', 'GB'),
('DEV', 333, 'Bungie', NULL, 'N/A', 'US'),
('DEV', 334, 'Capcom', NULL, 'N/A', 'JP'),
('DEV', 335, 'Capcom Vancouver', NULL, 'N/A', 'CA'),
('DEV', 336, 'Carbine Studios', NULL, 'N/A', 'US'),
('DEV', 337, 'Cauldron', NULL, 'N/A', 'SK'),
('DEV', 338, 'Cave', NULL, 'N/A', 'JP'),
('DEV', 339, 'Cavia', NULL, 'N/A', 'JP'),
('DEV', 340, 'CCP Games', NULL, 'N/A', 'IS'),
('DEV', 341, 'CD Projekt RED', NULL, 'N/A', 'PL'),
('DEV', 342, 'Centuri', NULL, 'N/A', 'US'),
('DEV', 343, 'Certain Affinity', NULL, 'N/A', 'US'),
('DEV', 344, 'Chair Entertainment', NULL, 'N/A', 'US'),
('DEV', 345, 'Chunsoft', NULL, 'N/A', 'JP'),
('DEV', 346, 'Cing', NULL, 'N/A', 'JP'),
('DEV', 347, 'Clap Hanz', NULL, 'N/A', 'JP'),
('DEV', 348, 'Climax Entertainment', NULL, 'N/A', 'JP'),
('DEV', 349, 'Climax Studios', NULL, 'N/A', 'GB'),
('DEV', 350, 'Cloud Imperium Games', NULL, 'N/A', 'US'),
('DEV', 351, 'Clover Studio', NULL, 'N/A', 'JP'),
('DEV', 352, 'Coded Illusions', NULL, 'N/A', 'NL'),
('DEV', 353, 'Codemasters', NULL, 'N/A', 'GB'),
('DEV', 354, 'Coktel Vision', NULL, 'N/A', 'FR'),
('DEV', 355, 'Colossal Order', NULL, 'N/A', 'FI'),
('DEV', 356, 'Compile Heart', NULL, 'N/A', 'JP'),
('DEV', 357, 'Compulsion Games', NULL, 'N/A', 'CA'),
('DEV', 358, 'Core Design', NULL, 'N/A', 'GB'),
('DEV', 359, 'Crafts & Meister', NULL, 'N/A', 'JP'),
('DEV', 360, 'Creat Studios', NULL, 'N/A', 'US'),
('DEV', 361, 'Creative Assembly', NULL, 'N/A', 'GB'),
('DEV', 362, 'Criterion Games', NULL, 'N/A', 'GB'),
('DEV', 363, 'Croteam', NULL, 'N/A', 'HR'),
('DEV', 364, 'Cryo Interactive', NULL, 'N/A', 'FR'),
('DEV', 365, 'Cryptic Studios', NULL, 'N/A', 'US'),
('DEV', 366, 'Crystal Dynamics', NULL, 'N/A', 'US'),
('DEV', 367, 'Crytek', NULL, 'N/A', 'DE'),
('DEV', 368, 'Crytek UK', NULL, 'N/A', 'GB'),
('DEV', 369, 'Cyan Worlds', NULL, 'N/A', 'US'),
('DEV', 370, 'Cyanide', NULL, 'N/A', 'FR'),
('DEV', 371, 'Cyberdreams', NULL, 'N/A', 'GB'),
('DEV', 372, 'CyberConnect2', NULL, 'N/A', 'JP'),
('DEV', 373, 'Cyberlore Studios', NULL, 'N/A', 'US'),
('DEV', 374, 'CyberStep', NULL, 'N/A', 'JP'),
('DEV', 375, 'D-Pad Studio', NULL, 'N/A', 'NO'),
('DEV', 376, 'Dambuster Studios', NULL, 'N/A', 'GB'),
('DEV', 377, 'Day 1 Studios', NULL, 'N/A', 'US'),
('DEV', 378, 'Deadline Games', NULL, 'N/A', 'DK'),
('DEV', 379, 'Deck13', NULL, 'N/A', 'DE'),
('DEV', 380, 'Demiurge Studios', NULL, 'N/A', 'US'),
('DEV', 381, 'devCAT Studios', NULL, 'N/A', 'KR'),
('DEV', 382, 'Dhruva Interactive', NULL, 'N/A', 'IN'),
('DEV', 383, 'Die Gute Fabrik', NULL, 'N/A', 'DK'),
('DEV', 384, 'Digital Illusions CE', NULL, 'N/A', 'SE'),
('DEV', 385, 'Digital Reality', NULL, 'N/A', 'HU'),
('DEV', 386, 'Dimps', NULL, 'N/A', 'JP'),
('DEV', 387, 'Disney Interactive Studios', NULL, 'N/A', 'US'),
('DEV', 388, 'Double Fine Productions', NULL, 'N/A', 'US'),
('DEV', 389, 'Double Helix Games', NULL, 'N/A', 'US'),
('DEV', 390, 'Dynamix', NULL, 'N/A', 'US'),
('DEV', 391, 'Egosoft', NULL, 'N/A', 'DE'),
('DEV', 392, 'Eidos Interactive', NULL, 'N/A', 'GB'),
('DEV', 393, 'Electronic Arts', NULL, 'N/A', 'US'),
('DEV', 394, 'Elev8 Games', NULL, 'N/A', 'IN'),
('DEV', 395, 'Engine Software', NULL, 'N/A', 'NL'),
('DEV', 396, 'Ensemble Studios', NULL, 'N/A', 'US'),
('DEV', 397, 'Epic Games', NULL, 'N/A', 'US'),
('DEV', 398, 'Epic Games Poland', NULL, 'N/A', 'PL'),
('DEV', 399, 'Epicenter Studios', NULL, 'N/A', 'US'),
('DEV', 400, 'Epyx', NULL, 'N/A', 'US'),
('DEV', 401, 'Etranges Libellules', NULL, 'N/A', 'FR'),
('DEV', 402, 'Eugen Systems', NULL, 'N/A', 'FR'),
('DEV', 403, 'Eurocom', NULL, 'N/A', 'GB'),
('DEV', 404, 'Evolution Studios', NULL, 'N/A', 'GB'),
('DEV', 405, 'Eyedentity Games', NULL, 'N/A', 'KR'); 
INSERT INTO PUBLIC.COMPANY(COMPANY_TYPE, ID, NAME, CONTENT_RATING, LEAD_DESIGNER, COUNTRY_CODE) VALUES
('DEV', 406, 'F4', NULL, 'N/A', 'FR'),
('DEV', 407, 'Facepunch Studios', NULL, 'N/A', 'GB'),
('DEV', 408, 'FarSight Studios', NULL, 'N/A', 'US'),
('DEV', 409, 'Fatshark', NULL, 'N/A', 'SE'),
('DEV', 410, 'feelplus', NULL, 'N/A', 'JP'),
('DEV', 411, 'Firaxis Games', NULL, 'N/A', 'US'),
('DEV', 412, 'Firefly Studios', NULL, 'N/A', 'GB'),
('DEV', 413, 'First Star Software', NULL, 'N/A', 'US'),
('DEV', 414, 'Flagship Studios', NULL, 'N/A', 'US'),
('DEV', 415, 'Flying Wild Hog', NULL, 'N/A', 'PL'),
('DEV', 416, 'Foundation 9 Entertainment', NULL, 'N/A', 'US'),
('DEV', 417, 'Fox Interactive', NULL, 'N/A', 'US'),
('DEV', 418, 'Frictional Games', NULL, 'N/A', 'SE'),
('DEV', 419, 'Frogwares', NULL, 'N/A', 'UA'),
('DEV', 420, 'FromSoftware', NULL, 'N/A', 'JP'),
('DEV', 421, 'Frontier Developments', NULL, 'N/A', 'GB'),
('DEV', 422, 'Frozenbyte', NULL, 'N/A', 'FI'),
('DEV', 423, 'FUN Labs', NULL, 'N/A', 'RO'),
('DEV', 424, 'Funcom', NULL, 'N/A', 'NO'),
('DEV', 425, 'Futuremark', NULL, 'N/A', 'FI'),
('DEV', 426, 'Gaijin Entertainment', NULL, 'N/A', 'RU'),
('DEV', 427, 'Game Arts', NULL, 'N/A', 'JP'),
('DEV', 428, 'Game Freak', NULL, 'N/A', 'JP'),
('DEV', 429, 'GameHouse', NULL, 'N/A', 'US'),
('DEV', 430, 'Gameloft', NULL, 'N/A', 'FR'),
('DEV', 431, 'Games2win', NULL, 'N/A', 'IN'),
('DEV', 432, 'Gearbox Software', NULL, 'N/A', 'US'),
('DEV', 433, 'Geewa', NULL, 'N/A', 'CZ'),
('DEV', 434, 'Genki', NULL, 'N/A', 'JP'),
('DEV', 435, 'Giant Interactive', NULL, 'N/A', 'CN'),
('DEV', 436, 'Glu Mobile', NULL, 'N/A', 'US'),
('DEV', 437, 'Gogii Games', NULL, 'N/A', 'CA'),
('DEV', 438, 'Good-Feel', NULL, 'N/A', 'JP'),
('DEV', 439, 'Grasshopper Manufacture', NULL, 'N/A', 'JP'),
('DEV', 440, 'Gravity', NULL, 'N/A', 'KR'),
('DEV', 441, 'Gremlin Interactive', NULL, 'N/A', 'GB'),
('DEV', 442, 'Grezzo', NULL, 'N/A', 'JP'),
('DEV', 443, 'Griptonite Games', NULL, 'N/A', 'US'),
('DEV', 444, 'GSC Game World', NULL, 'N/A', 'UA'),
('DEV', 445, 'Guerrilla Cambridge', NULL, 'N/A', 'GB'),
('DEV', 446, 'Guerrilla Games', NULL, 'N/A', 'NL'),
('DEV', 447, 'GungHo Online Entertainment', NULL, 'N/A', 'JP'),
('DEV', 448, 'Gust Corporation', NULL, 'N/A', 'JP'),
('DEV', 449, 'Haemimont Games', NULL, 'N/A', 'BG'),
('DEV', 450, 'HappySoft', NULL, 'N/A', 'JP'),
('DEV', 451, 'HAL Laboratory', NULL, 'N/A', 'JP'),
('DEV', 452, 'Halfbrick', NULL, 'N/A', 'AU'),
('DEV', 453, 'Hanaho', NULL, 'N/A', 'US'),
('DEV', 454, 'Hangar 13', NULL, 'N/A', 'US'),
('DEV', 455, 'Harebrained Schemes', NULL, 'N/A', 'US'),
('DEV', 456, 'Harmonix Music Systems', NULL, 'N/A', 'US'),
('DEV', 457, 'Hasbro Interactive', NULL, 'N/A', 'US'),
('DEV', 458, 'HB Studios', NULL, 'N/A', 'CA'),
('DEV', 459, 'HeroCraft', NULL, 'N/A', 'RU'),
('DEV', 460, 'High Moon Studios', NULL, 'N/A', 'US'),
('DEV', 461, 'High Voltage Software', NULL, 'N/A', 'US'),
('DEV', 462, 'Hoplon Infotainment', NULL, 'N/A', 'BR'),
('DEV', 463, 'Hothead Games', NULL, 'N/A', 'CA'),
('DEV', 464, 'Housemarque', NULL, 'N/A', 'FI'),
('DEV', 465, 'Hudson Soft', NULL, 'N/A', 'JP'),
('DEV', 466, 'Human Head Studios', NULL, 'N/A', 'US'),
('DEV', 467, 'Humongous Entertainment', NULL, 'N/A', 'US'),
('DEV', 468, 'Hyperion Entertainment', NULL, 'N/A', 'BE'),
('DEV', 469, 'id Software', NULL, 'N/A', 'US'),
('DEV', 470, 'Idea Factory', NULL, 'N/A', 'JP'),
('DEV', 471, 'Imageepoch', NULL, 'N/A', 'JP'),
('DEV', 472, 'Infinity Ward', NULL, 'N/A', 'US'),
('DEV', 473, 'Infocom', NULL, 'N/A', 'US'),
('DEV', 474, 'Infogrames', NULL, 'N/A', 'FR'),
('DEV', 475, 'Incredible Technologies', NULL, 'N/A', 'US'),
('DEV', 476, 'indieszero', NULL, 'N/A', 'JP'),
('DEV', 477, 'Innerloop Studios', NULL, 'N/A', 'NO'),
('DEV', 478, 'Insomniac Games', NULL, 'N/A', 'US'),
('DEV', 479, 'Intelligent Systems', NULL, 'N/A', 'JP'),
('DEV', 480, 'Interceptor Entertainment', NULL, 'N/A', 'DK'),
('DEV', 481, 'Interplay Entertainment', NULL, 'N/A', 'US'),
('DEV', 482, 'Inti Creates', NULL, 'N/A', 'JP'),
('DEV', 483, 'Introversion Software', NULL, 'N/A', 'GB'),
('DEV', 484, 'IO Interactive', NULL, 'N/A', 'DK');   
INSERT INTO PUBLIC.COMPANY(COMPANY_TYPE, ID, NAME, CONTENT_RATING, LEAD_DESIGNER, COUNTRY_CODE) VALUES
('DEV', 485, 'Ion Storm', NULL, 'N/A', 'US'),
('DEV', 486, 'Irem', NULL, 'N/A', 'JP'),
('DEV', 487, 'Iron Galaxy Studios', NULL, 'N/A', 'US'),
('DEV', 488, 'Irrational Games', NULL, 'N/A', 'US'),
('DEV', 489, 'Jadestone Group', NULL, 'N/A', 'SE'),
('DEV', 490, 'Jagex', NULL, 'N/A', 'GB'),
('DEV', 491, 'Jaleco', NULL, 'N/A', 'JP'),
('DEV', 492, 'Javaground', NULL, 'N/A', 'US'),
('DEV', 493, 'JoWood Entertainment AG', NULL, 'N/A', 'AT'),
('DEV', 494, 'Juice Games', NULL, 'N/A', 'GB'),
('DEV', 495, 'Jupiter', NULL, 'N/A', 'JP'),
('DEV', 496, 'JV Games', NULL, 'N/A', 'US'),
('DEV', 497, 'Kairosoft', NULL, 'N/A', 'JP'),
('DEV', 498, 'Kalypso Media', NULL, 'N/A', 'DE'),
('DEV', 499, 'Kaos Studios', NULL, 'N/A', 'US'),
('DEV', 500, 'Keen Software House', NULL, 'N/A', 'CZ'),
('DEV', 501, 'Kiloo Games', NULL, 'N/A', 'DK'),
('DEV', 502, 'Koei', NULL, 'N/A', 'JP'),
('DEV', 503, 'KOG Studios', NULL, 'N/A', 'KR'),
('DEV', 504, 'Konami', NULL, 'N/A', 'JP'),
('DEV', 505, 'Kongzhong', NULL, 'N/A', 'CN'),
('DEV', 506, 'Krome Studios', NULL, 'N/A', 'AU'),
('DEV', 507, 'Krome Studios Melbourne', NULL, 'N/A', 'AU'),
('DEV', 508, 'Kuju Entertainment', NULL, 'N/A', 'GB'),
('DEV', 509, 'Kush Games', NULL, 'N/A', 'US'),
('DEV', 510, 'Kuma Reality Games', NULL, 'N/A', 'US'),
('DEV', 511, 'Larian Studios', NULL, 'N/A', 'BE'),
('DEV', 512, 'Legacy Interactive', NULL, 'N/A', 'US'),
('DEV', 513, 'Legend Entertainment', NULL, 'N/A', 'US'),
('DEV', 514, 'Legendo Entertainment', NULL, 'N/A', 'SE'),
('DEV', 515, 'LEGO Group', NULL, 'N/A', 'DK'),
('DEV', 516, 'Level-5', NULL, 'N/A', 'JP'),
('DEV', 517, 'Lionhead Studios', NULL, 'N/A', 'GB'),
('DEV', 518, 'Liquid Entertainment', NULL, 'N/A', 'US'),
('DEV', 519, 'Little Green Men Games', NULL, 'N/A', 'HR'),
('DEV', 520, 'LK Avalon', NULL, 'N/A', 'PL'),
('DEV', 521, 'Llamasoft', NULL, 'N/A', 'GB'),
('DEV', 522, 'Linden Lab', NULL, 'N/A', 'US'),
('DEV', 523, 'Looking Glass Studios', NULL, 'N/A', 'US'),
('DEV', 524, 'LucasArts', NULL, 'N/A', 'US'),
('DEV', 525, 'Luma Arcade', NULL, 'N/A', 'ZA'),
('DEV', 526, 'Luxoflux', NULL, 'N/A', 'US'),
('DEV', 527, 'MachineGames', NULL, 'N/A', 'SE'),
('DEV', 528, 'Magenta Software', NULL, 'N/A', 'GB'),
('DEV', 529, 'Majesco Entertainment', NULL, 'N/A', 'US'),
('DEV', 530, 'Marvelous Entertainment', NULL, 'N/A', 'JP'),
('DEV', 531, 'Massive Entertainment', NULL, 'N/A', 'SE'),
('DEV', 532, 'Masthead Studios', NULL, 'N/A', 'BG'),
('DEV', 533, 'Maxis Software', NULL, 'N/A', 'US'),
('DEV', 534, 'Mean Hamster Software', NULL, 'N/A', 'US'),
('DEV', 535, 'Media Molecule', NULL, 'N/A', 'GB'),
('DEV', 536, 'Mediatonic', NULL, 'N/A', 'GB'),
('DEV', 537, 'MegaZebra', NULL, 'N/A', 'DE'),
('DEV', 538, 'Mercury Steam', NULL, 'N/A', 'ES'),
('DEV', 539, 'Metropolis Software', NULL, 'N/A', 'PL'),
('DEV', 540, 'MicroProse Software', NULL, 'N/A', 'US'),
('DEV', 541, 'Microsoft Studios', NULL, 'N/A', 'US'),
('DEV', 542, 'Midway Games', NULL, 'N/A', 'US'),
('DEV', 543, 'Milestone', NULL, 'N/A', 'JP'),
('DEV', 544, 'Milestone S.r.l.', NULL, 'N/A', 'IT'),
('DEV', 545, 'Mind Candy', NULL, 'N/A', 'GB'),
('DEV', 546, 'Mistwalker', NULL, 'N/A', 'JP'),
('DEV', 547, 'Mitchell Corporation', NULL, 'N/A', 'JP'),
('DEV', 548, 'Mojang AB', NULL, 'N/A', 'SE'),
('DEV', 549, 'Monolith Productions', NULL, 'N/A', 'US'),
('DEV', 550, 'Monolith Soft', NULL, 'N/A', 'JP'),
('DEV', 551, 'Mythic Entertainment', NULL, 'N/A', 'US'),
('DEV', 552, 'Nadeo', NULL, 'N/A', 'FR'),
('DEV', 553, 'Nanobit', NULL, 'N/A', 'HR'),
('DEV', 554, 'Natsume', NULL, 'N/A', 'JP'),
('DEV', 555, 'Naughty Dog', NULL, 'N/A', 'US'),
('DEV', 556, 'NCsoft', NULL, 'N/A', 'KR'),
('DEV', 557, 'NDOORS Corporation', NULL, 'N/A', 'KR'),
('DEV', 558, 'Neowiz', NULL, 'N/A', 'KR'),
('DEV', 559, 'Nerve Software', NULL, 'N/A', 'US'),
('DEV', 560, 'NetDevil', NULL, 'N/A', 'US'),
('DEV', 561, 'Netdragon', NULL, 'N/A', 'CN'),
('DEV', 562, 'Netease', NULL, 'N/A', 'CN'),
('DEV', 563, 'NetherRealm Studios', NULL, 'N/A', 'US'),
('DEV', 564, 'Neversoft', NULL, 'N/A', 'US');     
INSERT INTO PUBLIC.COMPANY(COMPANY_TYPE, ID, NAME, CONTENT_RATING, LEAD_DESIGNER, COUNTRY_CODE) VALUES
('DEV', 565, 'Nexon', NULL, 'N/A', 'KR'),
('DEV', 566, 'Next Level Games', NULL, 'N/A', 'CA'),
('DEV', 567, 'NGD Studios', NULL, 'N/A', 'AR'),
('DEV', 568, 'Nibris', NULL, 'N/A', 'PL'),
('DEV', 569, 'Nihon Falcom', NULL, 'N/A', 'JP'),
('DEV', 570, 'Ninjabee', NULL, 'N/A', 'US'),
('DEV', 571, 'Ninja Theory', NULL, 'N/A', 'GB'),
('DEV', 572, 'Nintendo', NULL, 'N/A', 'JP'),
('DEV', 573, 'Nippon Ichi Software', NULL, 'N/A', 'JP'),
('DEV', 574, 'Nordeus', NULL, 'N/A', 'RS'),
('DEV', 575, 'Novalogic', NULL, 'N/A', 'US'),
('DEV', 576, 'Novarama', NULL, 'N/A', 'ES'),
('DEV', 577, 'n-Space', NULL, 'N/A', 'US'),
('DEV', 578, 'Obsidian Entertainment', NULL, 'N/A', 'US'),
('DEV', 579, 'Oddworld Inhabitants', NULL, 'N/A', 'US'),
('DEV', 580, 'Omega Force', NULL, 'N/A', 'JP'),
('DEV', 581, 'Origin Systems', NULL, 'N/A', 'US'),
('DEV', 582, 'Outrage Entertainment', NULL, 'N/A', 'US'),
('DEV', 583, 'Overkill Software', NULL, 'N/A', 'SE'),
('DEV', 584, 'Oxygen Studios', NULL, 'N/A', 'GB'),
('DEV', 585, 'Page 44 Studios', NULL, 'N/A', 'US'),
('DEV', 586, 'Pangea Software', NULL, 'N/A', 'US'),
('DEV', 587, 'Project Sora', NULL, 'N/A', 'JP'),
('DEV', 588, 'Papaya Studio', NULL, 'N/A', 'US'),
('DEV', 589, 'Project Soul', NULL, 'N/A', 'JP'),
('DEV', 590, 'Panther Games Pty Ltd', NULL, 'N/A', 'AU'),
('DEV', 591, 'Paradox Development Studio', NULL, 'N/A', 'SE'),
('DEV', 592, 'Parallax Software', NULL, 'N/A', 'US'),
('DEV', 593, 'Pandemic Studios', NULL, 'N/A', 'US'),
('DEV', 594, 'Pendulo Studios', NULL, 'N/A', 'ES'),
('DEV', 595, 'Penguin Software', NULL, 'N/A', 'US'),
('DEV', 596, 'Perfect World', NULL, 'N/A', 'CN'),
('DEV', 597, 'Petroglyph', NULL, 'N/A', 'US'),
('DEV', 598, 'Phantagram', NULL, 'N/A', 'KR'),
('DEV', 599, 'Phenomic Game Development', NULL, 'N/A', 'DE'),
('DEV', 600, 'Piranha Bytes', NULL, 'N/A', 'DE'),
('DEV', 601, 'Pi Studios', NULL, 'N/A', 'US'),
('DEV', 602, 'Pivotal Games', NULL, 'N/A', 'GB'),
('DEV', 603, 'Pixel Press', NULL, 'N/A', 'US'),
('DEV', 604, 'Playdom', NULL, 'N/A', 'US'),
('DEV', 605, 'Playfish', NULL, 'N/A', 'GB'),
('DEV', 606, 'PlayFirst', NULL, 'N/A', 'US'),
('DEV', 607, 'Playground Games', NULL, 'N/A', 'GB'),
('DEV', 608, 'PlatinumGames', NULL, 'N/A', 'JP'),
('DEV', 609, 'Polyphony Digital', NULL, 'N/A', 'JP'),
('DEV', 610, 'PopCap Games', NULL, 'N/A', 'US'),
('DEV', 611, 'Press Play', NULL, 'N/A', 'DK'),
('DEV', 612, 'Punch Entertainment', NULL, 'N/A', 'US'),
('DEV', 613, 'Pyro Studios', NULL, 'N/A', 'ES'),
('DEV', 614, 'Q Entertainment', NULL, 'N/A', 'JP'),
('DEV', 615, 'Q-Games', NULL, 'N/A', 'JP'),
('DEV', 616, 'Quantic Dream', NULL, 'N/A', 'FR'),
('DEV', 617, 'Radical Entertainment', NULL, 'N/A', 'CA'),
('DEV', 618, 'Rage Software', NULL, 'N/A', 'GB'),
('DEV', 619, 'Rainbow Studios', NULL, 'N/A', 'US'),
('DEV', 620, 'Rare', NULL, 'N/A', 'GB'),
('DEV', 621, 'Raven Software', NULL, 'N/A', 'US'),
('DEV', 622, 'Red Entertainment', NULL, 'N/A', 'JP'),
('DEV', 623, 'Reality Pump Studios', NULL, 'N/A', 'PL'),
('DEV', 624, 'Realtime Associates', NULL, 'N/A', 'US'),
('DEV', 625, 'Realtime Worlds', NULL, 'N/A', 'GB'),
('DEV', 626, 'Rebellion Developments', NULL, 'N/A', 'GB'),
('DEV', 627, 'RedLynx', NULL, 'N/A', 'FI'),
('DEV', 628, 'Red Thread Games', NULL, 'N/A', 'NO'),
('DEV', 629, 'Red Storm Entertainment', NULL, 'N/A', 'US'),
('DEV', 630, 'Redtribe', NULL, 'N/A', 'AU'),
('DEV', 631, 'Reflections Interactive', NULL, 'N/A', 'GB'),
('DEV', 632, 'Reflexive Entertainment', NULL, 'N/A', 'US'),
('DEV', 633, 'Relic Entertainment', NULL, 'N/A', 'CA'),
('DEV', 634, 'Remedy Entertainment', NULL, 'N/A', 'FI'),
('DEV', 635, 'Respawn Entertainment', NULL, 'N/A', 'US'),
('DEV', 636, 'Reto-Moto', NULL, 'N/A', 'DK'),
('DEV', 637, 'Retro Studios', NULL, 'N/A', 'US'),
('DEV', 638, 'Revolution Software', NULL, 'N/A', 'GB'),
('DEV', 639, 'Riot Games', NULL, 'N/A', 'US'),
('DEV', 640, 'Rising Star Games', NULL, 'N/A', 'GB'),
('DEV', 641, 'Robot Entertainment', NULL, 'N/A', 'US'),
('DEV', 642, 'Rockstar Games', NULL, 'N/A', 'US');             
INSERT INTO PUBLIC.COMPANY(COMPANY_TYPE, ID, NAME, CONTENT_RATING, LEAD_DESIGNER, COUNTRY_CODE) VALUES
('DEV', 643, 'Rocksteady Studios', NULL, 'N/A', 'GB'),
('DEV', 644, 'Robinson Technologies', NULL, 'N/A', 'JP'),
('DEV', 645, 'Rovio Entertainment', NULL, 'N/A', 'FI'),
('DEV', 646, 'Ruffian Games', NULL, 'N/A', 'GB'),
('DEV', 647, 'Runic Games', NULL, 'N/A', 'US'),
('DEV', 648, 'Running With Scissors', NULL, 'N/A', 'US'),
('DEV', 649, 'Sand Grain Studios', NULL, 'N/A', 'RO'),
('DEV', 650, 'Sanuk Games', NULL, 'N/A', 'TH'),
('DEV', 651, 'SCS Software', NULL, 'N/A', 'CZ'),
('DEV', 652, 'Sega', NULL, 'N/A', 'US'),
('DEV', 653, 'Serious Games Interactive', NULL, 'N/A', 'DK'),
('DEV', 654, 'Sega AM2', NULL, 'N/A', 'JP'),
('DEV', 655, 'SIE Foster City Studio', NULL, 'N/A', 'US'),
('DEV', 656, 'SIE Japan Studio', NULL, 'N/A', 'JP'),
('DEV', 657, 'SIE London Studio', NULL, 'N/A', 'GB'),
('DEV', 658, 'SIE San Diego Studio', NULL, 'N/A', 'US'),
('DEV', 659, 'SIE Santa Monica Studio', NULL, 'N/A', 'US'),
('DEV', 660, 'SCE Studio Liverpool', NULL, 'N/A', 'GB'),
('DEV', 661, 'SIE Worldwide Studios', NULL, 'N/A', 'GB'),
('DEV', 662, 'Shanda', NULL, 'N/A', 'CN'),
('DEV', 663, 'Sherman3D', NULL, 'N/A', 'MY'),
('DEV', 664, 'Sierra Entertainment', NULL, 'N/A', 'US'),
('DEV', 665, 'Silicon Knights', NULL, 'N/A', 'CA'),
('DEV', 666, 'Silicon Studio', NULL, 'N/A', 'JP'),
('DEV', 667, 'Simtex', NULL, 'N/A', 'US'),
('DEV', 668, 'Sledgehammer Games', NULL, 'N/A', 'US'),
('DEV', 669, 'Snail Games', NULL, 'N/A', 'CN'),
('DEV', 670, 'SNK Playmore', NULL, 'N/A', 'JP'),
('DEV', 671, 'Sobee Studios', NULL, 'N/A', 'TR'),
('DEV', 672, 'Snowblind Studios', NULL, 'N/A', 'US'),
('DEV', 673, 'Software 2000', NULL, 'N/A', 'DE'),
('DEV', 674, 'Sonic Team', NULL, 'N/A', 'JP'),
('DEV', 675, 'Sony Interactive Entertainment', NULL, 'N/A', 'GB'),
('DEV', 676, 'Sora Ltd.', NULL, 'N/A', 'JP'),
('DEV', 677, 'Spectrum HoloByte', NULL, 'N/A', 'US'),
('DEV', 678, 'Spellbound Entertainment', NULL, 'N/A', 'DE'),
('DEV', 679, 'Spike', NULL, 'N/A', 'JP'),
('DEV', 680, 'Spike Chunsoft', NULL, 'N/A', 'JP'),
('DEV', 681, 'Spil Games', NULL, 'N/A', 'NL'),
('DEV', 682, 'Splash Damage', NULL, 'N/A', 'GB'),
('DEV', 683, 'Sproing Interactive Media', NULL, 'N/A', 'AT'),
('DEV', 684, 'Square Enix', NULL, 'N/A', 'JP'),
('DEV', 685, 'Stainless Games', NULL, 'N/A', 'GB'),
('DEV', 686, 'Stainless Steel Studios', NULL, 'N/A', 'US'),
('DEV', 687, 'Starbreeze Studios', NULL, 'N/A', 'SE'),
('DEV', 688, 'Stardock', NULL, 'N/A', 'US'),
('DEV', 689, 'Star Vault', NULL, 'N/A', 'SE'),
('DEV', 690, 'Sting Entertainment', NULL, 'N/A', 'JP'),
('DEV', 691, 'Strategic Simulations', NULL, 'N/A', 'US'),
('DEV', 692, 'Strawdog Studios', NULL, 'N/A', 'GB'),
('DEV', 693, 'Straylight Studios', NULL, 'N/A', 'NZ'),
('DEV', 694, 'Streamline Studios', NULL, 'N/A', 'MY'),
('DEV', 695, 'Sucker Punch Productions', NULL, 'N/A', 'US'),
('DEV', 696, 'Sumo Digital', NULL, 'N/A', 'GB'),
('DEV', 697, 'Sunflowers Interactive Entertainment Software', NULL, 'N/A', 'DE'),
('DEV', 698, 'Supercell', NULL, 'N/A', 'FI'),
('DEV', 699, 'SuperVillain Studios', NULL, 'N/A', 'US'),
('DEV', 700, 'Swingin'' Ape Studios', NULL, 'N/A', 'US'),
('DEV', 701, 'StormRegion', NULL, 'N/A', 'HU'),
('DEV', 702, 'Taito', NULL, 'N/A', 'JP'),
('DEV', 703, 'Tango Gameworks', NULL, 'N/A', 'JP'),
('DEV', 704, 'Tag Games', NULL, 'N/A', 'GB'),
('DEV', 705, 'Take-Two Interactive', NULL, 'N/A', 'US'),
('DEV', 706, 'TaleWorlds', NULL, 'N/A', 'TR'),
('DEV', 707, 'Tamsoft', NULL, 'N/A', 'JP'),
('DEV', 708, 'Tantrumedia', NULL, 'N/A', 'GB'),
('DEV', 709, 'Tantalus Media', NULL, 'N/A', 'AU'),
('DEV', 710, 'Tate Interactive', NULL, 'N/A', 'PL'),
('DEV', 711, 'Team17', NULL, 'N/A', 'GB'),
('DEV', 712, 'Team Bondi', NULL, 'N/A', 'AU'),
('DEV', 713, 'Team Ico', NULL, 'N/A', 'JP'),
('DEV', 714, 'Team Ninja', NULL, 'N/A', 'JP'),
('DEV', 715, 'Techland', NULL, 'N/A', 'PL'),
('DEV', 716, 'Telltale Games', NULL, 'N/A', 'US'),
('DEV', 717, 'Tencent', NULL, 'N/A', 'CN'),
('DEV', 718, 'Tequila Works', NULL, 'N/A', 'ES'),
('DEV', 719, 'Terminal Reality', NULL, 'N/A', 'US');           
INSERT INTO PUBLIC.COMPANY(COMPANY_TYPE, ID, NAME, CONTENT_RATING, LEAD_DESIGNER, COUNTRY_CODE) VALUES
('DEV', 720, 'Teyon', NULL, 'N/A', 'PL'),
('DEV', 721, 'The9', NULL, 'N/A', 'CN'),
('DEV', 722, 'The Chinese Room', NULL, 'N/A', 'GB'),
('DEV', 723, 'THQ', NULL, 'N/A', 'US'),
('DEV', 724, 'Three Rings Design', NULL, 'N/A', 'US'),
('DEV', 725, 'TimeGate Studios', NULL, 'N/A', 'US'),
('DEV', 726, 'Toaplan', NULL, 'N/A', 'JP'),
('DEV', 727, 'ToeJam & Earl Productions', NULL, 'N/A', 'US'),
('DEV', 728, 'TopWare Interactive', NULL, 'N/A', 'DE'),
('DEV', 729, 'Torpex Games', NULL, 'N/A', 'US'),
('DEV', 730, 'Torus Games', NULL, 'N/A', 'AU'),
('DEV', 731, 'Tose', NULL, 'N/A', 'JP'),
('DEV', 732, 'Toys for Bob', NULL, 'N/A', 'US'),
('DEV', 733, 'Trapdoor', NULL, 'N/A', 'CA'),
('DEV', 734, 'Transmission Games', NULL, 'N/A', 'AU'),
('DEV', 735, 'Traveller''s Tales', NULL, 'N/A', 'GB'),
('DEV', 736, 'Treyarch', NULL, 'N/A', 'US'),
('DEV', 737, 'Treasure', NULL, 'N/A', 'JP'),
('DEV', 738, 'tri-Ace', NULL, 'N/A', 'JP'),
('DEV', 739, 'Tripwire Interactive', NULL, 'N/A', 'US'),
('DEV', 740, 'Triumph Studios', NULL, 'N/A', 'NL'),
('DEV', 741, 'Turn 10 Studios', NULL, 'N/A', 'US'),
('DEV', 742, 'Turtle Rock Studios', NULL, 'N/A', 'US'),
('DEV', 743, 'Two Tribes', NULL, 'N/A', 'NL'),
('DEV', 744, 'Tygron', NULL, 'N/A', 'NL'),
('DEV', 745, 'Typhoon Games', NULL, 'N/A', 'CN'),
('DEV', 746, 'Ubisoft', NULL, 'N/A', 'FR'),
('DEV', 747, 'Ultimate Play the Game', NULL, 'N/A', 'GB'),
('DEV', 748, 'Unique Development Studios', NULL, 'N/A', 'SE'),
('DEV', 749, 'United Front Games', NULL, 'N/A', 'CA'),
('DEV', 750, 'Universomo', NULL, 'N/A', 'FI'),
('DEV', 751, 'Valve Corporation', NULL, 'N/A', 'US'),
('DEV', 752, 'Vanillaware', NULL, 'N/A', 'JP'),
('DEV', 753, 'Venan Entertainment', NULL, 'N/A', 'US'),
('DEV', 754, 'Vicarious Visions', NULL, 'N/A', 'US'),
('DEV', 755, 'Vigil Games', NULL, 'N/A', 'US'),
('DEV', 756, 'Virtual Heroes, Inc.', NULL, 'N/A', 'US'),
('DEV', 757, 'Visceral Games', NULL, 'N/A', 'US'),
('DEV', 758, 'Visual Concepts', NULL, 'N/A', 'US'),
('DEV', 759, 'Vivendi Games', NULL, 'N/A', 'US'),
('DEV', 760, 'Viwawa', NULL, 'N/A', 'SG'),
('DEV', 761, 'Volition, Inc.', NULL, 'N/A', 'US'),
('DEV', 762, 'Vostok Games', NULL, 'N/A', 'UA'),
('DEV', 763, 'VoxelStorm', NULL, 'N/A', 'GB'),
('DEV', 764, 'Wahoo Studios', NULL, 'N/A', 'US'),
('DEV', 765, 'Wanako Games', NULL, 'N/A', 'CL'),
('DEV', 766, 'Warhorse Studios', NULL, 'N/A', 'CZ'),
('DEV', 767, 'Wargaming', NULL, 'N/A', 'CY'),
('DEV', 768, 'Wargaming Saint Petersburg', NULL, 'N/A', 'RU'),
('DEV', 769, 'WB Games', NULL, 'N/A', 'US'),
('DEV', 770, 'Webfoot Technologies', NULL, 'N/A', 'US'),
('DEV', 771, 'Westwood Studios', NULL, 'N/A', 'US'),
('DEV', 772, 'Westone Bit Entertainment', NULL, 'N/A', 'JP'),
('DEV', 773, 'Wideload Games', NULL, 'N/A', 'US'),
('DEV', 774, 'Wildfire Studios', NULL, 'N/A', 'AU'),
('DEV', 775, 'Wizet', NULL, 'N/A', 'KR'),
('DEV', 776, 'Wolfire Games', NULL, 'N/A', 'US'),
('DEV', 777, 'World Forge', NULL, 'N/A', 'RU'),
('DEV', 778, 'Yager Development', NULL, 'N/A', 'DE'),
('DEV', 779, 'Yuke''s', NULL, 'N/A', 'JP'),
('DEV', 780, 'ZeniMax Online Studios', NULL, 'N/A', 'US'),
('DEV', 781, 'Zipper Interactive', NULL, 'N/A', 'US'),
('DEV', 782, 'Zombie Studios', NULL, 'N/A', 'US'),
('DEV', 783, 'ZootFly', NULL, 'N/A', 'SI'),
('DEV', 784, 'Zylom', NULL, 'N/A', 'NL'),
('DEV', 785, 'Zynga', NULL, 'N/A', 'US'); 
CREATE CACHED TABLE PUBLIC.COUNTRY(
    CODE VARCHAR(255) NOT NULL,
    NAME VARCHAR(255) NOT NULL
);          
ALTER TABLE PUBLIC.COUNTRY ADD CONSTRAINT PUBLIC.CONSTRAINT_63 PRIMARY KEY(CODE);              
-- 249 +/- SELECT COUNT(*) FROM PUBLIC.COUNTRY;
INSERT INTO PUBLIC.COUNTRY(CODE, NAME) VALUES
('AF', 'Afghanistan'),
('AX', STRINGDECODE('\u00c5land Islands')),
('AL', 'Albania'),
('DZ', 'Algeria'),
('AS', 'American Samoa'),
('AD', 'Andorra'),
('AO', 'Angola'),
('AI', 'Anguilla'),
('AQ', 'Antarctica'),
('AG', 'Antigua and Barbuda'),
('AR', 'Argentina'),
('AM', 'Armenia'),
('AW', 'Aruba'),
('AU', 'Australia'),
('AT', 'Austria'),
('AZ', 'Azerbaijan'),
('BS', 'Bahamas'),
('BH', 'Bahrain'),
('BD', 'Bangladesh'),
('BB', 'Barbados'),
('BY', 'Belarus'),
('BE', 'Belgium'),
('BZ', 'Belize'),
('BJ', 'Benin'),
('BM', 'Bermuda'),
('BT', 'Bhutan'),
('BO', 'Plurinational State of Bolivia'),
('BQ', 'Sint Eustatius and Saba Bonaire'),
('BA', 'Bosnia and Herzegovina'),
('BW', 'Botswana'),
('BV', 'Bouvet Island'),
('BR', 'Brazil'),
('IO', 'British Indian Ocean Territory'),
('BN', 'Brunei Darussalam'),
('BG', 'Bulgaria'),
('BF', 'Burkina Faso'),
('BI', 'Burundi'),
('KH', 'Cambodia'),
('CM', 'Cameroon'),
('CA', 'Canada'),
('CV', 'Cape Verde'),
('KY', 'Cayman Islands'),
('CF', 'Central African Republic'),
('TD', 'Chad'),
('CL', 'Chile'),
('CN', 'China'),
('CX', 'Christmas Island'),
('CC', 'Cocos (Keeling) Islands'),
('CO', 'Colombia'),
('KM', 'Comoros'),
('CG', 'Congo'),
('CD', 'The Democratic Republic of the Congo'),
('CK', 'Cook Islands'),
('CR', 'Costa Rica'),
('CI', STRINGDECODE('C\u00f4te d''Ivoire')),
('HR', 'Croatia'),
('CU', 'Cuba'),
('CW', STRINGDECODE('Cura\u00e7ao')),
('CY', 'Cyprus'),
('CZ', 'Czech Republic'),
('DK', 'Denmark'),
('DJ', 'Djibouti'),
('DM', 'Dominica'),
('DO', 'Dominican Republic'),
('EC', 'Ecuador'),
('EG', 'Egypt'),
('SV', 'El Salvador'),
('GQ', 'Equatorial Guinea'),
('ER', 'Eritrea'),
('EE', 'Estonia'),
('ET', 'Ethiopia'),
('FK', 'Falkland Islands (Malvinas)'),
('FO', 'Faroe Islands'),
('FJ', 'Fiji'),
('FI', 'Finland'),
('FR', 'France'),
('GF', 'French Guiana'),
('PF', 'French Polynesia'),
('TF', 'French Southern Territories'),
('GA', 'Gabon'),
('GM', 'Gambia'),
('GE', 'Georgia'),
('DE', 'Germany'),
('GH', 'Ghana'),
('GI', 'Gibraltar'),
('GR', 'Greece'),
('GL', 'Greenland'),
('GD', 'Grenada'),
('GP', 'Guadeloupe'),
('GU', 'Guam'),
('GT', 'Guatemala'),
('GG', 'Guernsey'),
('GN', 'Guinea'),
('GW', 'Guinea-Bissau'),
('GY', 'Guyana'),
('HT', 'Haiti'),
('HM', 'Heard Island and McDonald Islands'),
('VA', 'Holy See (Vatican City State)'),
('HN', 'Honduras'),
('HK', 'Hong Kong'),
('HU', 'Hungary'),
('IS', 'Iceland'),
('IN', 'India'),
('ID', 'Indonesia'),
('IR', 'Islamic Republic of Iran'),
('IQ', 'Iraq'),
('IE', 'Ireland'),
('IM', 'Isle of Man'),
('IL', 'Israel'),
('IT', 'Italy'),
('JM', 'Jamaica'),
('JP', 'Japan'),
('JE', 'Jersey'),
('JO', 'Jordan'),
('KZ', 'Kazakhstan'),
('KE', 'Kenya'),
('KI', 'Kiribati'),
('KP', 'Democratic People''s Republic of Korea'),
('KR', 'Republic of Korea'),
('KW', 'Kuwait'),
('KG', 'Kyrgyzstan'),
('LA', 'Lao People''s Democratic Republic'),
('LV', 'Latvia'),
('LB', 'Lebanon'),
('LS', 'Lesotho'),
('LR', 'Liberia'),
('LY', 'Libya'),
('LI', 'Liechtenstein'),
('LT', 'Lithuania'),
('LU', 'Luxembourg'),
('MO', 'Macao'),
('MK', 'The Former Yugoslav Republic of Macedonia'),
('MG', 'Madagascar'),
('MW', 'Malawi'),
('MY', 'Malaysia'),
('MV', 'Maldives'),
('ML', 'Mali'),
('MT', 'Malta'),
('MH', 'Marshall Islands'),
('MQ', 'Martinique'),
('MR', 'Mauritania'),
('MU', 'Mauritius'),
('YT', 'Mayotte'),
('MX', 'Mexico'),
('FM', 'Federated States of Micronesia'),
('MD', 'Republic of Moldova'),
('MC', 'Monaco'),
('MN', 'Mongolia'),
('ME', 'Montenegro'),
('MS', 'Montserrat'),
('MA', 'Morocco'),
('MZ', 'Mozambique'),
('MM', 'Myanmar'),
('NA', 'Namibia'),
('NR', 'Nauru'),
('NP', 'Nepal'),
('NL', 'Netherlands'),
('NC', 'New Caledonia'),
('NZ', 'New Zealand'),
('NI', 'Nicaragua'),
('NE', 'Niger'),
('NG', 'Nigeria'),
('NU', 'Niue'),
('NF', 'Norfolk Island'),
('MP', 'Northern Mariana Islands'),
('NO', 'Norway'),
('OM', 'Oman'),
('PK', 'Pakistan'),
('PW', 'Palau'),
('PS', 'State of Palestine'),
('PA', 'Panama'),
('PG', 'Papua New Guinea'),
('PY', 'Paraguay'),
('PE', 'Peru'),
('PH', 'Philippines'),
('PN', 'Pitcairn'),
('PL', 'Poland'),
('PT', 'Portugal'),
('PR', 'Puerto Rico');  
INSERT INTO PUBLIC.COUNTRY(CODE, NAME) VALUES
('QA', 'Qatar'),
('RE', STRINGDECODE('R\u00e9union')),
('RO', 'Romania'),
('RU', 'Russia'),
('RW', 'Rwanda'),
('BL', STRINGDECODE('Saint Barth\u00e9lemy')),
('SH', 'Ascension and Tristan da Cunha Saint Helena'),
('KN', 'Saint Kitts and Nevis'),
('LC', 'Saint Lucia'),
('MF', 'Saint Martin (French part)'),
('PM', 'Saint Pierre and Miquelon'),
('VC', 'Saint Vincent and the Grenadines'),
('WS', 'Samoa'),
('SM', 'San Marino'),
('ST', 'Sao Tome and Principe'),
('SA', 'Saudi Arabia'),
('SN', 'Senegal'),
('RS', 'Serbia'),
('SC', 'Seychelles'),
('SL', 'Sierra Leone'),
('SG', 'Singapore'),
('SX', 'Sint Maarten (Dutch part)'),
('SK', 'Slovakia'),
('SI', 'Slovenia'),
('SB', 'Solomon Islands'),
('SO', 'Somalia'),
('ZA', 'South Africa'),
('GS', 'South Georgia and the South Sandwich Islands'),
('SS', 'South Sudan'),
('ES', 'Spain'),
('LK', 'Sri Lanka'),
('SD', 'Sudan'),
('SR', 'Suriname'),
('SJ', 'Svalbard and Jan Mayen'),
('SZ', 'Swaziland'),
('SE', 'Sweden'),
('CH', 'Switzerland'),
('SY', 'Syrian Arab Republic'),
('TW', 'Province of China Taiwan'),
('TJ', 'Tajikistan'),
('TZ', 'United Republic of Tanzania'),
('TH', 'Thailand'),
('TL', 'Timor-Leste'),
('TG', 'Togo'),
('TK', 'Tokelau'),
('TO', 'Tonga'),
('TT', 'Trinidad and Tobago'),
('TN', 'Tunisia'),
('TR', 'Turkey'),
('TM', 'Turkmenistan'),
('TC', 'Turks and Caicos Islands'),
('TV', 'Tuvalu'),
('UG', 'Uganda'),
('UA', 'Ukraine'),
('AE', 'United Arab Emirates'),
('GB', 'United Kingdom'),
('US', 'United States'),
('UM', 'United States Minor Outlying Islands'),
('UY', 'Uruguay'),
('UZ', 'Uzbekistan'),
('VU', 'Vanuatu'),
('VE', 'Bolivarian Republic of Venezuela'),
('VN', 'Viet Nam'),
('VG', 'British Virgin Islands'),
('VI', 'U.S. Virgin Islands'),
('WF', 'Wallis and Futuna'),
('EH', 'Western Sahara'),
('YE', 'Yemen'),
('ZM', 'Zambia'),
('ZW', 'Zimbabwe');     
CREATE CACHED TABLE PUBLIC.DEVELOPER(
    ID INTEGER DEFAULT (NEXT VALUE FOR PUBLIC.SYSTEM_SEQUENCE_FADDD720_DD60_479B_843E_7C0148B4F167) NOT NULL NULL_TO_DEFAULT SEQUENCE PUBLIC.SYSTEM_SEQUENCE_FADDD720_DD60_479B_843E_7C0148B4F167 SELECTIVITY 100,
    NAME VARCHAR(255) SELECTIVITY 88,
    LEAD_DESIGNER VARCHAR(255) SELECTIVITY 5,
    COUNTRY_CODE VARCHAR(255) SELECTIVITY 6
);    
ALTER TABLE PUBLIC.DEVELOPER ADD CONSTRAINT PUBLIC.CONSTRAINT_A PRIMARY KEY(ID);               
-- 1154 +/- SELECT COUNT(*) FROM PUBLIC.DEVELOPER;             
INSERT INTO PUBLIC.DEVELOPER(ID, NAME, LEAD_DESIGNER, COUNTRY_CODE) VALUES
(1, '0verflow', 'N/A', NULL),
(2, '1st Playable Productions', 'N/A', NULL),
(3, '2K Czech', 'N/A', NULL),
(4, '2XL Games', 'N/A', NULL),
(5, '343 Industries', 'N/A', NULL),
(6, '38 Studios', 'N/A', NULL),
(7, '3D Realms', 'George Broussard', NULL),
(8, '3G Studios', 'N/A', NULL),
(9, '42 Entertainment', 'N/A', NULL),
(10, '4A Games', 'N/A', NULL),
(11, '5pb. Inc.', 'N/A', NULL),
(12, '5th Cell', 'N/A', NULL),
(13, '989 Studios', 'N/A', NULL),
(14, 'Acclaim Entertainment', 'N/A', NULL),
(15, 'Accolade', 'N/A', NULL),
(16, 'Access Games', 'N/A', NULL),
(17, 'Access Software', 'N/A', NULL),
(18, 'ACE Team', 'N/A', NULL),
(19, 'Aces Studio', 'N/A', NULL),
(20, 'Acheron Design', 'N/A', NULL),
(21, 'Action Forms', 'N/A', NULL),
(22, 'Active Gaming Media', 'N/A', NULL),
(23, 'Activision', 'N/A', NULL),
(24, 'Activision Blizzard', 'N/A', NULL),
(25, 'Adventure Soft', 'N/A', NULL),
(26, 'Akella', 'N/A', NULL),
(27, 'Aki Corporation', 'N/A', NULL),
(28, 'Alfa System', 'N/A', NULL),
(29, 'Amazon Game Studios', 'N/A', NULL),
(30, 'Ancient', 'N/A', NULL),
(31, 'Anino Games', 'N/A', NULL),
(32, 'Ankama Games', 'N/A', NULL),
(33, 'AQ Interactive', 'N/A', NULL),
(34, 'Arc System Works', 'N/A', NULL),
(35, 'Arkane Studios', 'Ricardo Bare', NULL),
(36, 'Arkedo Studio', 'N/A', NULL),
(37, 'ArenaNet', 'N/A', NULL),
(38, 'Arika', 'N/A', NULL),
(39, 'Armor Project', 'N/A', NULL),
(40, 'Art Co., Ltd', 'N/A', NULL),
(41, 'Artdink', 'N/A', NULL),
(42, 'ArtePiazza', 'N/A', NULL),
(43, 'Artificial Studios', 'N/A', NULL),
(44, 'Artoon', 'N/A', NULL),
(45, 'Ascaron', 'N/A', NULL),
(46, 'Asobo Studio', 'N/A', NULL),
(47, 'Atlus', 'N/A', NULL),
(48, 'Atomic Planet Entertainment', 'N/A', NULL),
(49, 'Attic Entertainment Software', 'N/A', NULL),
(50, 'Avalanche Software', 'N/A', NULL),
(51, 'Avalanche Studios', 'N/A', NULL),
(52, 'Aventurine SA', 'N/A', NULL),
(53, 'Babaroga', 'N/A', NULL),
(54, 'Backbone Entertainment', 'N/A', NULL),
(55, 'Bandai Namco Studios', 'N/A', NULL),
(56, 'Banpresto', 'N/A', NULL),
(57, 'Bauhaus Entertainment', 'N/A', NULL),
(58, 'Beenox', 'N/A', NULL),
(59, 'Behaviour Interactive', 'N/A', NULL),
(60, 'Bethesda Softworks', 'N/A', NULL),
(61, 'Big Huge Games', 'Brian Reynolds', NULL),
(62, 'Binary Hammer', 'N/A', NULL),
(63, 'BioWare', 'N/A', NULL),
(64, 'Bird Studio', 'N/A', NULL),
(65, 'The Bitmap Brothers', 'N/A', NULL),
(66, 'Bits Studios', 'N/A', NULL),
(67, 'Bizarre Creations', 'N/A', NULL),
(68, 'Black Forest Games', 'N/A', NULL),
(69, 'Black Isle Studios', 'Chris Avellone', NULL),
(70, 'Black Rock Studio', 'N/A', NULL),
(71, 'Black Shell Games', 'N/A', NULL),
(72, 'Black Wing Foundation', 'N/A', NULL),
(73, 'Blitz Games Studios', 'N/A', NULL),
(74, 'Blizzard Entertainment', 'Josh Mosqueira', NULL),
(75, 'Blue Byte Software', 'N/A', NULL),
(76, 'Blue Fang Games', 'N/A', NULL),
(77, 'Blue Tongue Entertainment', 'N/A', NULL),
(78, 'Bohemia Interactive', 'N/A', NULL),
(79, 'Boss Fight Entertainment', 'N/A', NULL),
(80, 'Boss Key Productions', 'N/A', NULL),
(81, 'BreakAway Games', 'N/A', NULL),
(82, STRINGDECODE('Br\u00f8derbund'), 'N/A', NULL),
(83, 'Brownie Brown', 'N/A', NULL),
(84, 'Bugbear Entertainment', 'N/A', NULL),
(85, 'Buka Entertainment', 'N/A', NULL),
(86, 'Bullfrog Productions', 'N/A', NULL),
(87, 'Bungie', 'N/A', NULL),
(88, 'Capcom', 'N/A', NULL),
(89, 'Capcom Vancouver', 'N/A', NULL),
(90, 'Carbine Studios', 'N/A', NULL),
(91, 'Cauldron', 'N/A', NULL),
(92, 'Cave', 'N/A', NULL),
(93, 'Cavia', 'N/A', NULL),
(94, 'CCP Games', 'N/A', NULL),
(95, 'CD Projekt RED', 'N/A', NULL),
(96, 'Centuri', 'N/A', NULL),
(97, 'Certain Affinity', 'N/A', NULL),
(98, 'Chair Entertainment', 'N/A', NULL),
(99, 'Chunsoft', 'N/A', NULL),
(100, 'Cing', 'N/A', NULL),
(101, 'Clap Hanz', 'N/A', NULL),
(102, 'Climax Entertainment', 'N/A', NULL),
(103, 'Climax Studios', 'N/A', NULL),
(104, 'Cloud Imperium Games', 'N/A', NULL),
(105, 'Clover Studio', 'Hiroshi Shibata', NULL),
(106, 'Coded Illusions', 'N/A', NULL),
(107, 'Codemasters', 'N/A', NULL),
(108, 'Coktel Vision', 'N/A', NULL);            
INSERT INTO PUBLIC.DEVELOPER(ID, NAME, LEAD_DESIGNER, COUNTRY_CODE) VALUES
(109, 'Colossal Order', 'N/A', NULL),
(110, 'Compile Heart', 'N/A', NULL),
(111, 'Compulsion Games', 'N/A', NULL),
(112, 'Core Design', 'N/A', NULL),
(113, 'Crafts & Meister', 'N/A', NULL),
(114, 'Creat Studios', 'N/A', NULL),
(115, 'Creative Assembly', 'N/A', NULL),
(116, 'Criterion Games', 'Chris Roberts', NULL),
(117, 'Croteam', 'N/A', NULL),
(118, 'Cryo Interactive', 'N/A', NULL),
(119, 'Cryptic Studios', 'N/A', NULL),
(120, 'Crystal Dynamics', 'Amy Hennig', NULL),
(121, 'Crytek', 'N/A', NULL),
(122, 'Crytek UK', 'N/A', NULL),
(123, 'Cyan Worlds', 'N/A', NULL),
(124, 'Cyanide', 'N/A', NULL),
(125, 'Cyberdreams', 'N/A', NULL),
(126, 'CyberConnect2', 'N/A', NULL),
(127, 'Cyberlore Studios', 'N/A', NULL),
(128, 'CyberStep', 'N/A', NULL),
(129, 'D-Pad Studio', 'N/A', NULL),
(130, 'Dambuster Studios', 'N/A', NULL),
(131, 'Day 1 Studios', 'N/A', NULL),
(132, 'Deadline Games', 'N/A', NULL),
(133, 'Deck13', 'N/A', NULL),
(134, 'Demiurge Studios', 'N/A', NULL),
(135, 'devCAT Studios', 'N/A', NULL),
(136, 'Dhruva Interactive', 'N/A', NULL),
(137, 'Die Gute Fabrik', 'N/A', NULL),
(138, 'Digital Illusions CE', 'Romain de Waubert de Genlis', NULL),
(139, 'Digital Reality', 'N/A', NULL),
(140, 'Dimps', 'Hirotoshi Shiozaki', NULL),
(141, 'Disney Interactive Studios', 'N/A', NULL),
(142, 'Double Fine Productions', 'N/A', NULL),
(143, 'Double Helix Games', 'N/A', NULL),
(144, 'Dynamix', 'N/A', NULL),
(145, 'Egosoft', 'N/A', NULL),
(146, 'Eidos Interactive', 'N/A', NULL),
(147, 'Electronic Arts', 'N/A', NULL),
(148, 'Elev8 Games', 'N/A', NULL),
(149, 'Engine Software', 'N/A', NULL),
(150, 'Ensemble Studios', 'Bruce Shelley', NULL),
(151, 'Epic Games', 'Cliff Bleszinski', NULL),
(152, 'Epic Games Poland', 'N/A', NULL),
(153, 'Epicenter Studios', 'N/A', NULL),
(154, 'Epyx', 'N/A', NULL),
(155, 'Etranges Libellules', 'N/A', NULL),
(156, 'Eugen Systems', 'N/A', NULL),
(157, 'Eurocom', 'N/A', NULL),
(158, 'Evolution Studios', 'N/A', NULL),
(159, 'Eyedentity Games', 'N/A', NULL),
(160, 'F4', 'N/A', NULL),
(161, 'Facepunch Studios', 'N/A', NULL),
(162, 'FarSight Studios', 'N/A', NULL),
(163, 'Fatshark', 'N/A', NULL),
(164, 'feelplus', 'N/A', NULL),
(165, 'Firaxis Games', 'Ed Beach', NULL),
(166, 'Firefly Studios', 'N/A', NULL),
(167, 'First Star Software', 'N/A', NULL),
(168, 'Flagship Studios', 'N/A', NULL),
(169, 'Flying Wild Hog', 'N/A', NULL),
(170, 'Foundation 9 Entertainment', 'N/A', NULL),
(171, 'Fox Interactive', 'N/A', NULL),
(172, 'Frictional Games', 'N/A', NULL),
(173, 'Frogwares', 'N/A', NULL),
(174, 'FromSoftware', 'N/A', NULL),
(175, 'Frontier Developments', 'N/A', NULL),
(176, 'Frozenbyte', 'N/A', NULL),
(177, 'FUN Labs', 'N/A', NULL),
(178, 'Funcom', 'Didrik Tollefsen', NULL),
(179, 'Futuremark', 'N/A', NULL),
(180, 'Gaijin Entertainment', 'N/A', NULL),
(181, 'Game Arts', 'N/A', NULL),
(182, 'Game Freak', 'N/A', NULL),
(183, 'GameHouse', 'N/A', NULL),
(184, 'Gameloft', 'N/A', NULL),
(185, 'Games2win', 'N/A', NULL),
(186, 'Gearbox Software', 'N/A', NULL),
(187, 'Geewa', 'N/A', NULL),
(188, 'Genki', 'N/A', NULL),
(189, 'Giant Interactive', 'N/A', NULL),
(190, 'Glu Mobile', 'N/A', NULL),
(191, 'Gogii Games', 'N/A', NULL),
(192, 'Good-Feel', 'N/A', NULL),
(193, 'Grasshopper Manufacture', 'N/A', NULL),
(194, 'Gravity', 'N/A', NULL),
(195, 'Gremlin Interactive', 'N/A', NULL),
(196, 'Grezzo', 'N/A', NULL),
(197, 'Griptonite Games', 'N/A', NULL),
(198, 'GSC Game World', 'N/A', NULL),
(199, 'Guerrilla Cambridge', 'N/A', NULL),
(200, 'Guerrilla Games', 'Neil Alphonso', NULL),
(201, 'GungHo Online Entertainment', 'N/A', NULL),
(202, 'Gust Corporation', 'N/A', NULL),
(203, 'Haemimont Games', 'N/A', NULL),
(204, 'HappySoft', 'N/A', NULL),
(205, 'HAL Laboratory', 'N/A', NULL),
(206, 'Halfbrick', 'N/A', NULL),
(207, 'Hanaho', 'N/A', NULL),
(208, 'Hangar 13', 'N/A', NULL),
(209, 'Harebrained Schemes', 'N/A', NULL),
(210, 'Harmonix Music Systems', 'N/A', NULL),
(211, 'Hasbro Interactive', 'N/A', NULL),
(212, 'HB Studios', 'N/A', NULL),
(213, 'HeroCraft', 'N/A', NULL),
(214, 'High Moon Studios', 'N/A', NULL);       
INSERT INTO PUBLIC.DEVELOPER(ID, NAME, LEAD_DESIGNER, COUNTRY_CODE) VALUES
(215, 'High Voltage Software', 'N/A', NULL),
(216, 'Hoplon Infotainment', 'N/A', NULL),
(217, 'Hothead Games', 'N/A', NULL),
(218, 'Housemarque', 'N/A', NULL),
(219, 'Hudson Soft', 'N/A', NULL),
(220, 'Human Head Studios', 'N/A', NULL),
(221, 'Humongous Entertainment', 'N/A', NULL),
(222, 'Hyperion Entertainment', 'N/A', NULL),
(223, 'id Software', 'Graeme Devine', NULL),
(224, 'Idea Factory', 'N/A', NULL),
(225, 'Imageepoch', 'N/A', NULL),
(226, 'Infinity Ward', 'N/A', NULL),
(227, 'Infocom', 'N/A', NULL),
(228, 'Infogrames', 'N/A', NULL),
(229, 'Incredible Technologies', 'N/A', NULL),
(230, 'indieszero', 'N/A', NULL),
(231, 'Innerloop Studios', 'N/A', NULL),
(232, 'Insomniac Games', 'N/A', NULL),
(233, 'Intelligent Systems', 'N/A', NULL),
(234, 'Interceptor Entertainment', 'N/A', NULL),
(235, 'Interplay Entertainment', 'N/A', NULL),
(236, 'Inti Creates', 'N/A', NULL),
(237, 'Introversion Software', 'N/A', NULL),
(238, 'IO Interactive', 'N/A', NULL),
(239, 'Ion Storm', 'N/A', NULL),
(240, 'Irem', 'N/A', NULL),
(241, 'Iron Galaxy Studios', 'N/A', NULL),
(242, 'Irrational Games', 'Ken Levine', NULL),
(243, 'Jadestone Group', 'N/A', NULL),
(244, 'Jagex', 'N/A', NULL),
(245, 'Jaleco', 'N/A', NULL),
(246, 'Javaground', 'N/A', NULL),
(247, 'JoWood Entertainment AG', 'N/A', NULL),
(248, 'Juice Games', 'N/A', NULL),
(249, 'Jupiter', 'N/A', NULL),
(250, 'JV Games', 'N/A', NULL),
(251, 'Kairosoft', 'N/A', NULL),
(252, 'Kalypso Media', 'N/A', NULL),
(253, 'Kaos Studios', 'N/A', NULL),
(254, 'Keen Software House', 'N/A', NULL),
(255, 'Kiloo Games', 'N/A', NULL),
(256, 'Koei', 'N/A', NULL),
(257, 'KOG Studios', 'N/A', NULL),
(258, 'Konami', 'N/A', NULL),
(259, 'Kongzhong', 'N/A', NULL),
(260, 'Krome Studios', 'N/A', NULL),
(261, 'Krome Studios Melbourne', 'N/A', NULL),
(262, 'Kuju Entertainment', 'N/A', NULL),
(263, 'Kush Games', 'N/A', NULL),
(264, 'Kuma Reality Games', 'N/A', NULL),
(265, 'Larian Studios', 'N/A', NULL),
(266, 'Legacy Interactive', 'N/A', NULL),
(267, 'Legend Entertainment', 'N/A', NULL),
(268, 'Legendo Entertainment', 'N/A', NULL),
(269, 'LEGO Group', 'N/A', NULL),
(270, 'Level-5', 'N/A', NULL),
(271, 'Lionhead Studios', 'N/A', NULL),
(272, 'Liquid Entertainment', 'N/A', NULL),
(273, 'Little Green Men Games', 'N/A', NULL),
(274, 'LK Avalon', 'N/A', NULL),
(275, 'Llamasoft', 'N/A', NULL),
(276, 'Linden Lab', 'N/A', NULL),
(277, 'Looking Glass Studios', 'Tim Stellmach', NULL),
(278, 'LucasArts', 'Larry Ahern', NULL),
(279, 'Luma Arcade', 'N/A', NULL),
(280, 'Luxoflux', 'N/A', NULL),
(281, 'MachineGames', 'N/A', NULL),
(282, 'Magenta Software', 'N/A', NULL),
(283, 'Majesco Entertainment', 'N/A', NULL),
(284, 'Marvelous Entertainment', 'N/A', NULL),
(285, 'Massive Entertainment', STRINGDECODE('Magnus Jans\u00e9n'), NULL),
(286, 'Masthead Studios', 'N/A', NULL),
(287, 'Maxis Software', 'N/A', NULL),
(288, 'Mean Hamster Software', 'N/A', NULL),
(289, 'Media Molecule', 'N/A', NULL),
(290, 'Mediatonic', 'N/A', NULL),
(291, 'MegaZebra', 'N/A', NULL),
(292, 'Mercury Steam', 'N/A', NULL),
(293, 'Metropolis Software', 'N/A', NULL),
(294, 'MicroProse Software', 'N/A', NULL),
(295, 'Microsoft Studios', 'N/A', NULL),
(296, 'Midway Games', 'N/A', NULL),
(297, 'Milestone', 'N/A', NULL),
(298, 'Milestone S.r.l.', 'N/A', NULL),
(299, 'Mind Candy', 'N/A', NULL),
(300, 'Mistwalker', 'N/A', NULL),
(301, 'Mitchell Corporation', 'N/A', NULL),
(302, 'Mojang AB', 'N/A', NULL),
(303, 'Monolith Productions', 'N/A', NULL),
(304, 'Monolith Soft', 'Koh Kojima', NULL),
(305, 'Mythic Entertainment', 'N/A', NULL),
(306, 'Nadeo', 'N/A', NULL),
(307, 'Nanobit', 'N/A', NULL),
(308, 'Natsume', 'N/A', NULL),
(309, 'Naughty Dog', 'Evan Wells', NULL),
(310, 'NCsoft', 'N/A', NULL),
(311, 'NDOORS Corporation', 'N/A', NULL),
(312, 'Neowiz', 'N/A', NULL),
(313, 'Nerve Software', 'N/A', NULL),
(314, 'NetDevil', 'N/A', NULL),
(315, 'Netdragon', 'N/A', NULL),
(316, 'Netease', 'N/A', NULL),
(317, 'NetherRealm Studios', 'N/A', NULL),
(318, 'Neversoft', 'N/A', NULL),
(319, 'Nexon', 'N/A', NULL);          
INSERT INTO PUBLIC.DEVELOPER(ID, NAME, LEAD_DESIGNER, COUNTRY_CODE) VALUES
(320, 'Next Level Games', 'N/A', NULL),
(321, 'NGD Studios', 'N/A', NULL),
(322, 'Nibris', 'N/A', NULL),
(323, 'Nihon Falcom', 'N/A', NULL),
(324, 'Ninjabee', 'N/A', NULL),
(325, 'Ninja Theory', 'N/A', NULL),
(326, 'Nintendo', 'N/A', NULL),
(327, 'Nippon Ichi Software', 'N/A', NULL),
(328, 'Nordeus', 'N/A', NULL),
(329, 'Novalogic', 'N/A', NULL),
(330, 'Novarama', 'N/A', NULL),
(331, 'n-Space', 'N/A', NULL),
(332, 'Obsidian Entertainment', 'N/A', NULL),
(333, 'Oddworld Inhabitants', 'N/A', NULL),
(334, 'Omega Force', 'N/A', NULL),
(335, 'Origin Systems', 'N/A', NULL),
(336, 'Outrage Entertainment', 'N/A', NULL),
(337, 'Overkill Software', 'N/A', NULL),
(338, 'Oxygen Studios', 'N/A', NULL),
(339, 'Page 44 Studios', 'N/A', NULL),
(340, 'Pangea Software', 'N/A', NULL),
(341, 'Project Sora', 'N/A', NULL),
(342, 'Papaya Studio', 'N/A', NULL),
(343, 'Project Soul', 'N/A', NULL),
(344, 'Panther Games Pty Ltd', 'N/A', NULL),
(345, 'Paradox Development Studio', 'N/A', NULL),
(346, 'Parallax Software', 'N/A', NULL),
(347, 'Pandemic Studios', 'N/A', NULL),
(348, 'Pendulo Studios', 'N/A', NULL),
(349, 'Penguin Software', 'N/A', NULL),
(350, 'Perfect World', 'N/A', NULL),
(351, 'Petroglyph', 'N/A', NULL),
(352, 'Phantagram', 'N/A', NULL),
(353, 'Phenomic Game Development', 'N/A', NULL),
(354, 'Piranha Bytes', 'N/A', NULL),
(355, 'Pi Studios', 'N/A', NULL),
(356, 'Pivotal Games', 'N/A', NULL),
(357, 'Pixel Press', 'N/A', NULL),
(358, 'Playdom', 'N/A', NULL),
(359, 'Playfish', 'N/A', NULL),
(360, 'PlayFirst', 'N/A', NULL),
(361, 'Playground Games', 'Martin Conner', NULL),
(362, 'PlatinumGames', 'Hiroshi Shibata', NULL),
(363, 'Polyphony Digital', 'N/A', NULL),
(364, 'PopCap Games', 'N/A', NULL),
(365, 'Press Play', 'N/A', NULL),
(366, 'Punch Entertainment', 'N/A', NULL),
(367, 'Pyro Studios', 'N/A', NULL),
(368, 'Q Entertainment', 'Tetsuya Mizuguchi', NULL),
(369, 'Q-Games', 'N/A', NULL),
(370, 'Quantic Dream', 'N/A', NULL),
(371, 'Radical Entertainment', 'N/A', NULL),
(372, 'Rage Software', 'N/A', NULL),
(373, 'Rainbow Studios', 'N/A', NULL),
(374, 'Rare', 'Martin Wakeley', NULL),
(375, 'Raven Software', 'N/A', NULL),
(376, 'Red Entertainment', 'N/A', NULL),
(377, 'Reality Pump Studios', 'N/A', NULL),
(378, 'Realtime Associates', 'N/A', NULL),
(379, 'Realtime Worlds', 'N/A', NULL),
(380, 'Rebellion Developments', 'N/A', NULL),
(381, 'RedLynx', 'N/A', NULL),
(382, 'Red Thread Games', 'N/A', NULL),
(383, 'Red Storm Entertainment', 'N/A', NULL),
(384, 'Redtribe', 'N/A', NULL),
(385, 'Reflections Interactive', 'N/A', NULL),
(386, 'Reflexive Entertainment', 'N/A', NULL),
(387, 'Relic Entertainment', 'Erin Daly', NULL),
(388, 'Remedy Entertainment', 'N/A', NULL),
(389, 'Respawn Entertainment', 'Todd Alderman', NULL),
(390, 'Reto-Moto', 'N/A', NULL),
(391, 'Retro Studios', 'N/A', NULL),
(392, 'Revolution Software', 'N/A', NULL),
(393, 'Riot Games', 'N/A', NULL),
(394, 'Rising Star Games', 'N/A', NULL),
(395, 'Robot Entertainment', 'N/A', NULL),
(396, 'Rockstar Games', 'N/A', NULL),
(397, 'Rocksteady Studios', 'N/A', NULL),
(398, 'Robinson Technologies', 'N/A', NULL),
(399, 'Rovio Entertainment', 'N/A', NULL),
(400, 'Ruffian Games', 'N/A', NULL),
(401, 'Runic Games', 'N/A', NULL),
(402, 'Running With Scissors', 'N/A', NULL),
(403, 'Sand Grain Studios', 'N/A', NULL),
(404, 'Sanuk Games', 'N/A', NULL),
(405, 'SCS Software', 'N/A', NULL),
(406, 'Sega', 'N/A', NULL),
(407, 'Serious Games Interactive', 'N/A', NULL),
(408, 'Sega AM2', 'N/A', NULL),
(409, 'SIE Foster City Studio', 'N/A', NULL),
(410, 'SIE Japan Studio', 'N/A', NULL),
(411, 'SIE London Studio', 'N/A', NULL),
(412, 'SIE San Diego Studio', 'N/A', NULL),
(413, 'SIE Santa Monica Studio', 'N/A', NULL),
(414, 'SCE Studio Liverpool', 'N/A', NULL),
(415, 'SIE Worldwide Studios', 'N/A', NULL),
(416, 'Shanda', 'N/A', NULL),
(417, 'Sherman3D', 'N/A', NULL),
(418, 'Sierra Entertainment', 'N/A', NULL),
(419, 'Silicon Knights', 'Brad Furminger', NULL),
(420, 'Silicon Studio', 'N/A', NULL),
(421, 'Simtex', 'N/A', NULL),
(422, 'Sledgehammer Games', 'N/A', NULL);          
INSERT INTO PUBLIC.DEVELOPER(ID, NAME, LEAD_DESIGNER, COUNTRY_CODE) VALUES
(423, 'Snail Games', 'N/A', NULL),
(424, 'SNK Playmore', 'N/A', NULL),
(425, 'Sobee Studios', 'N/A', NULL),
(426, 'Snowblind Studios', 'N/A', NULL),
(427, 'Software 2000', 'N/A', NULL),
(428, 'Sonic Team', 'N/A', NULL),
(429, 'Sony Interactive Entertainment', 'N/A', NULL),
(430, 'Sora Ltd.', 'N/A', NULL),
(431, 'Spectrum HoloByte', 'N/A', NULL),
(432, 'Spellbound Entertainment', 'N/A', NULL),
(433, 'Spike', 'N/A', NULL),
(434, 'Spike Chunsoft', 'N/A', NULL),
(435, 'Spil Games', 'N/A', NULL),
(436, 'Splash Damage', 'N/A', NULL),
(437, 'Sproing Interactive Media', 'N/A', NULL),
(438, 'Square Enix', 'Hiroyuki Ito', NULL),
(439, 'Stainless Games', 'N/A', NULL),
(440, 'Stainless Steel Studios', 'N/A', NULL),
(441, 'Starbreeze Studios', 'Fredrik Ljungdahl', NULL),
(442, 'Stardock', 'Brad Wardell', NULL),
(443, 'Star Vault', 'N/A', NULL),
(444, 'Sting Entertainment', 'N/A', NULL),
(445, 'Strategic Simulations', 'N/A', NULL),
(446, 'Strawdog Studios', 'N/A', NULL),
(447, 'Straylight Studios', 'N/A', NULL),
(448, 'Streamline Studios', 'N/A', NULL),
(449, 'Sucker Punch Productions', 'N/A', NULL),
(450, 'Sumo Digital', 'N/A', NULL),
(451, 'Sunflowers Interactive Entertainment Software', 'N/A', NULL),
(452, 'Supercell', 'N/A', NULL),
(453, 'SuperVillain Studios', 'N/A', NULL),
(454, 'Swingin'' Ape Studios', 'N/A', NULL),
(455, 'StormRegion', 'N/A', NULL),
(456, 'Taito', 'N/A', NULL),
(457, 'Tango Gameworks', 'N/A', NULL),
(458, 'Tag Games', 'N/A', NULL),
(459, 'Take-Two Interactive', 'N/A', NULL),
(460, 'TaleWorlds', 'N/A', NULL),
(461, 'Tamsoft', 'N/A', NULL),
(462, 'Tantrumedia', 'N/A', NULL),
(463, 'Tantalus Media', 'N/A', NULL),
(464, 'Tate Interactive', 'N/A', NULL),
(465, 'Team17', 'N/A', NULL),
(466, 'Team Bondi', 'Alex Carlyle', NULL),
(467, 'Team Ico', 'N/A', NULL),
(468, 'Team Ninja', 'Hiroaki Matsui', NULL),
(469, 'Techland', 'N/A', NULL),
(470, 'Telltale Games', 'N/A', NULL),
(471, 'Tencent', 'N/A', NULL),
(472, 'Tequila Works', 'N/A', NULL),
(473, 'Terminal Reality', 'N/A', NULL),
(474, 'Teyon', 'N/A', NULL),
(475, 'The9', 'N/A', NULL),
(476, 'The Chinese Room', 'N/A', NULL),
(477, 'THQ', 'N/A', NULL),
(478, 'Three Rings Design', 'N/A', NULL),
(479, 'TimeGate Studios', 'N/A', NULL),
(480, 'Toaplan', 'N/A', NULL),
(481, 'ToeJam & Earl Productions', 'N/A', NULL),
(482, 'TopWare Interactive', 'N/A', NULL),
(483, 'Torpex Games', 'N/A', NULL),
(484, 'Torus Games', 'N/A', NULL),
(485, 'Tose', 'N/A', NULL),
(486, 'Toys for Bob', 'N/A', NULL),
(487, 'Trapdoor', 'N/A', NULL),
(488, 'Transmission Games', 'N/A', NULL),
(489, 'Traveller''s Tales', 'N/A', NULL),
(490, 'Treyarch', 'N/A', NULL),
(491, 'Treasure', 'N/A', NULL),
(492, 'tri-Ace', 'N/A', NULL),
(493, 'Tripwire Interactive', 'N/A', NULL),
(494, 'Triumph Studios', 'N/A', NULL),
(495, 'Turn 10 Studios', 'N/A', NULL),
(496, 'Turtle Rock Studios', 'N/A', NULL),
(497, 'Two Tribes', 'N/A', NULL),
(498, 'Tygron', 'N/A', NULL),
(499, 'Typhoon Games', 'N/A', NULL),
(500, 'Ubisoft', 'N/A', NULL),
(501, 'Ultimate Play the Game', 'N/A', NULL),
(502, 'Unique Development Studios', 'N/A', NULL),
(503, 'United Front Games', 'N/A', NULL),
(504, 'Universomo', 'N/A', NULL),
(505, 'Valve Corporation', 'Michael Booth', NULL),
(506, 'Vanillaware', 'N/A', NULL),
(507, 'Venan Entertainment', 'N/A', NULL),
(508, 'Vicarious Visions', 'N/A', NULL),
(509, 'Vigil Games', 'N/A', NULL),
(510, 'Virtual Heroes, Inc.', 'N/A', NULL),
(511, 'Visceral Games', 'Wright Bagwell, John Calhoun, Matthias Worch[1]', NULL),
(512, 'Visual Concepts', 'N/A', NULL),
(513, 'Vivendi Games', 'N/A', NULL),
(514, 'Viwawa', 'N/A', NULL),
(515, 'Volition, Inc.', 'Dave Baranec', NULL),
(516, 'Vostok Games', 'N/A', NULL),
(517, 'VoxelStorm', 'N/A', NULL),
(518, 'Wahoo Studios', 'N/A', NULL),
(519, 'Wanako Games', 'N/A', NULL),
(520, 'Warhorse Studios', 'N/A', NULL),
(521, 'Wargaming', 'N/A', NULL),
(522, 'Wargaming Saint Petersburg', 'N/A', NULL),
(523, 'WB Games', 'N/A', NULL),
(524, 'Webfoot Technologies', 'N/A', NULL),
(525, 'Westwood Studios', 'N/A', NULL);          
INSERT INTO PUBLIC.DEVELOPER(ID, NAME, LEAD_DESIGNER, COUNTRY_CODE) VALUES
(526, 'Westone Bit Entertainment', 'N/A', NULL),
(527, 'Wideload Games', 'N/A', NULL),
(528, 'Wildfire Studios', 'N/A', NULL),
(529, 'Wizet', 'N/A', NULL),
(530, 'Wolfire Games', 'N/A', NULL),
(531, 'World Forge', 'N/A', NULL),
(532, 'Yager Development', 'N/A', NULL),
(533, 'Yuke''s', 'N/A', NULL),
(534, 'ZeniMax Online Studios', 'N/A', NULL),
(535, 'Zipper Interactive', 'N/A', NULL),
(536, 'Zombie Studios', 'N/A', NULL),
(537, 'ZootFly', 'N/A', NULL),
(538, 'Zylom', 'N/A', NULL),
(539, 'Zynga', 'N/A', NULL),
(540, 'Nintendo EAD', 'Masanao Arimoto', NULL),
(541, 'Rockstar North', 'N/A', NULL),
(542, 'Nintendo EAD Tokyo', 'N/A', NULL),
(543, 'DMA Design', 'N/A', NULL),
(544, '2K Boston', 'Paul Hellquist', NULL),
(545, 'N/A', 'N/A', NULL),
(546, 'Capcom Production', 'Hiroshi Shibata', NULL),
(547, 'Namco', 'N/A', NULL),
(548, 'Bethesda Game Studios', 'Emil Pagliarulo', NULL),
(549, 'Konami Computer Entertainment Japan', 'Hideo Kojima', NULL),
(550, 'Rockstar San Diego', 'Christian Cantamessa', NULL),
(551, 'EA Tiburon', 'N/A', NULL),
(552, 'Kojima Productions', 'Hideo Kojima', NULL),
(553, '2D Boy', 'Kyle Gabler', NULL),
(554, 'Square', 'N/A', NULL),
(555, 'Square Product Development Division 3', 'Hiromichi Tanaka', NULL),
(556, 'MicroProse', 'Brian Reynolds', NULL),
(557, 'Smilebit', 'N/A', NULL),
(558, 'Ubisoft Montreal', 'N/A', NULL),
(559, 'Ubisoft Shanghai', 'Chris Smith', NULL),
(560, 'Rockstar Leeds', 'N/A', NULL),
(561, 'Mine Loader Software', 'N/A', NULL),
(562, 'SCE Santa Monica Studio', 'N/A', NULL),
(563, 'EA Canada', 'David Rutter ', NULL),
(564, 'Mojang', 'Markus Persson[a]', NULL),
(565, 'Overworks', 'N/A', NULL),
(566, 'Harmonix', 'Chris Foster, Sylvain Dubrofsky, Casey Malone', NULL),
(567, 'Capcom Production Studio 4', 'N/A', NULL),
(568, 'Eutechnyx', 'N/A', NULL),
(569, 'Konami Computer Entertainment Tokyo', 'N/A', NULL),
(570, 'Psygnosis', 'N/A', NULL),
(571, 'Nintendo EAD Tokyo Group No.2', 'N/A', NULL),
(572, 'Maxis', 'Will Wright', NULL),
(573, 'Square Product Development Division 4', 'N/A', NULL),
(574, 'The Creative Assembly', 'Robert T. Smith', NULL),
(575, 'Square Product Development Division 1', 'N/A', NULL),
(576, 'NanaOn-Sha', 'Masaya Matsuura', NULL),
(577, 'Bluepoint Games', 'N/A', NULL),
(578, 'Ubisoft Montpellier', 'N/A', NULL),
(579, 'Nintendo R&D1', 'Tomoyoshi Yamane', NULL),
(580, 'EA Sports', 'N/A', NULL),
(581, '2015, Inc.', 'Vince Zampella', NULL),
(582, 'Image Space Incorporated', 'Image Space Incorporated', NULL),
(583, 'Camelot Software Planning', 'N/A', NULL),
(584, 'Incognito Entertainment', 'David Jaffe ', NULL),
(585, 'SCE Japan Studio', 'N/A', NULL),
(586, 'Tecmo', 'N/A', NULL),
(587, 'Ready at Dawn', 'N/A', NULL),
(588, 'SCE San Diego Studio', 'N/A', NULL),
(589, 'EA Digital Illusions CE', 'N/A', NULL),
(590, 'Klei Entertainment', 'Nels Anderson', NULL),
(591, 'Konami Computer Entertainment Kobe', 'N/A', NULL),
(592, 'Nintendo EAD Group No. 1', 'N/A', NULL),
(593, 'Ubi Soft Montpellier', 'Michel Ancel', NULL),
(594, 'Ubisoft Paris', 'Christian Allen ', NULL),
(595, 'AlphaDream', 'N/A', NULL),
(596, 'Yacht Club Games', 'Sean Velasco', NULL),
(597, 'Eidetic', 'Richard Ham', NULL),
(598, 'Mossmouth', 'Derek Yu', NULL),
(599, 'Hitmaker', 'N/A', NULL),
(600, 'Factor 5', 'Julian Eggebrecht', NULL),
(601, 'Increpare Games', 'N/A', NULL),
(602, 'FuturLab', 'N/A', NULL),
(603, 'Thomas Happ Games', 'N/A', NULL),
(604, 'Valve South', 'Mike Booth', NULL),
(605, 'Papyrus Design Group', 'N/A', NULL),
(606, 'Amusement Vision', 'N/A', NULL),
(607, 'EA Black Box', 'William Ho', NULL),
(608, 'Battlefront.com', 'Charles Moylan', NULL),
(609, 'Barking Dog Studios', 'N/A', NULL),
(610, 'Studio Pixel', 'Daisuke Amaya', NULL),
(611, STRINGDECODE('Eidos Montr\u00e9al'), STRINGDECODE('Fran\u00e7ois Lapikas'), NULL),
(612, 'Sonic Team USA', 'N/A', NULL),
(613, 'EA DICE', 'N/A', NULL),
(614, 'Asmik Ace Entertainment', 'Kenji Kimura', NULL),
(615, 'Collecting Smiles', 'Jens Andersson', NULL),
(616, '0verflow', 'N/A', 'JP'),
(617, '1st Playable Productions', 'N/A', 'US');    
INSERT INTO PUBLIC.DEVELOPER(ID, NAME, LEAD_DESIGNER, COUNTRY_CODE) VALUES
(618, '2K Czech', 'N/A', 'CZ'),
(619, '2XL Games', 'N/A', 'US'),
(620, '343 Industries', 'N/A', 'US'),
(621, '38 Studios', 'N/A', 'US'),
(622, '3D Realms', 'N/A', 'US'),
(623, '3G Studios', 'N/A', 'US'),
(624, '42 Entertainment', 'N/A', 'US'),
(625, '4A Games', 'N/A', 'UA'),
(626, '5pb. Inc.', 'N/A', 'JP'),
(627, '5th Cell', 'N/A', 'US'),
(628, '989 Studios', 'N/A', 'US'),
(629, 'Acclaim Entertainment', 'N/A', 'US'),
(630, 'Accolade', 'N/A', 'US'),
(631, 'Access Games', 'N/A', 'JP'),
(632, 'Access Software', 'N/A', 'US'),
(633, 'ACE Team', 'N/A', 'CL'),
(634, 'Aces Studio', 'N/A', 'US'),
(635, 'Acheron Design', 'N/A', 'AU'),
(636, 'Action Forms', 'N/A', 'UA'),
(637, 'Active Gaming Media', 'N/A', 'JP'),
(638, 'Activision', 'N/A', 'US'),
(639, 'Activision Blizzard', 'N/A', 'US'),
(640, 'Adventure Soft', 'N/A', 'GB'),
(641, 'Akella', 'N/A', 'RU'),
(642, 'Aki Corporation', 'N/A', 'JP'),
(643, 'Alfa System', 'N/A', 'JP'),
(644, 'Amazon Game Studios', 'N/A', 'US'),
(645, 'Ancient', 'N/A', 'JP'),
(646, 'Anino Games', 'N/A', 'PH'),
(647, 'Ankama Games', 'N/A', 'FR'),
(648, 'AQ Interactive', 'N/A', 'JP'),
(649, 'Arc System Works', 'N/A', 'JP'),
(650, 'Arkane Studios', 'N/A', 'FR'),
(651, 'Arkedo Studio', 'N/A', 'FR'),
(652, 'ArenaNet', 'N/A', 'US'),
(653, 'Arika', 'N/A', 'JP'),
(654, 'Armor Project', 'N/A', 'JP'),
(655, 'Art Co., Ltd', 'N/A', 'JP'),
(656, 'Artdink', 'N/A', 'JP'),
(657, 'ArtePiazza', 'N/A', 'JP'),
(658, 'Artificial Studios', 'N/A', 'US'),
(659, 'Artoon', 'N/A', 'JP'),
(660, 'Ascaron', 'N/A', 'DE'),
(661, 'Asobo Studio', 'N/A', 'FR'),
(662, 'Atlus', 'N/A', 'JP'),
(663, 'Atomic Planet Entertainment', 'N/A', 'GB'),
(664, 'Attic Entertainment Software', 'N/A', 'DE'),
(665, 'Avalanche Software', 'N/A', 'US'),
(666, 'Avalanche Studios', 'N/A', 'SE'),
(667, 'Aventurine SA', 'N/A', 'GR'),
(668, 'Babaroga', 'N/A', 'US'),
(669, 'Backbone Entertainment', 'N/A', 'US'),
(670, 'Bandai Namco Studios', 'N/A', 'JP'),
(671, 'Banpresto', 'N/A', 'JP'),
(672, 'Bauhaus Entertainment', 'N/A', 'JP'),
(673, 'Beenox', 'N/A', 'CA'),
(674, 'Behaviour Interactive', 'N/A', 'CA'),
(675, 'Bethesda Softworks', 'N/A', 'US'),
(676, 'Big Huge Games', 'N/A', 'US'),
(677, 'Binary Hammer', 'N/A', 'US'),
(678, 'BioWare', 'N/A', 'CA'),
(679, 'Bird Studio', 'N/A', 'JP'),
(680, 'The Bitmap Brothers', 'N/A', 'GB'),
(681, 'Bits Studios', 'N/A', 'GB'),
(682, 'Bizarre Creations', 'N/A', 'GB'),
(683, 'Black Forest Games', 'N/A', 'DE'),
(684, 'Black Isle Studios', 'N/A', 'US'),
(685, 'Black Rock Studio', 'N/A', 'GB'),
(686, 'Black Shell Games', 'N/A', 'US'),
(687, 'Black Wing Foundation', 'N/A', 'UA'),
(688, 'Blitz Games Studios', 'N/A', 'GB'),
(689, 'Blizzard Entertainment', 'N/A', 'US'),
(690, 'Blue Byte Software', 'N/A', 'DE'),
(691, 'Blue Fang Games', 'N/A', 'US'),
(692, 'Blue Tongue Entertainment', 'N/A', 'AU'),
(693, 'Bohemia Interactive', 'N/A', 'CZ'),
(694, 'Boss Fight Entertainment', 'N/A', 'US'),
(695, 'Boss Key Productions', 'N/A', 'US'),
(696, 'BreakAway Games', 'N/A', 'US'),
(697, STRINGDECODE('Br\u00f8derbund'), 'N/A', 'US'),
(698, 'Brownie Brown', 'N/A', 'JP'),
(699, 'Bugbear Entertainment', 'N/A', 'FI'),
(700, 'Buka Entertainment', 'N/A', 'RU'),
(701, 'Bullfrog Productions', 'N/A', 'GB'),
(702, 'Bungie', 'N/A', 'US'),
(703, 'Capcom', 'N/A', 'JP'),
(704, 'Capcom Vancouver', 'N/A', 'CA'),
(705, 'Carbine Studios', 'N/A', 'US'),
(706, 'Cauldron', 'N/A', 'SK'),
(707, 'Cave', 'N/A', 'JP'),
(708, 'Cavia', 'N/A', 'JP'),
(709, 'CCP Games', 'N/A', 'IS'),
(710, 'CD Projekt RED', 'N/A', 'PL'),
(711, 'Centuri', 'N/A', 'US'),
(712, 'Certain Affinity', 'N/A', 'US'),
(713, 'Chair Entertainment', 'N/A', 'US'),
(714, 'Chunsoft', 'N/A', 'JP'),
(715, 'Cing', 'N/A', 'JP'),
(716, 'Clap Hanz', 'N/A', 'JP'),
(717, 'Climax Entertainment', 'N/A', 'JP'),
(718, 'Climax Studios', 'N/A', 'GB'),
(719, 'Cloud Imperium Games', 'N/A', 'US'),
(720, 'Clover Studio', 'N/A', 'JP'),
(721, 'Coded Illusions', 'N/A', 'NL'),
(722, 'Codemasters', 'N/A', 'GB'),
(723, 'Coktel Vision', 'N/A', 'FR'),
(724, 'Colossal Order', 'N/A', 'FI');             
INSERT INTO PUBLIC.DEVELOPER(ID, NAME, LEAD_DESIGNER, COUNTRY_CODE) VALUES
(725, 'Compile Heart', 'N/A', 'JP'),
(726, 'Compulsion Games', 'N/A', 'CA'),
(727, 'Core Design', 'N/A', 'GB'),
(728, 'Crafts & Meister', 'N/A', 'JP'),
(729, 'Creat Studios', 'N/A', 'US'),
(730, 'Creative Assembly', 'N/A', 'GB'),
(731, 'Criterion Games', 'N/A', 'GB'),
(732, 'Croteam', 'N/A', 'HR'),
(733, 'Cryo Interactive', 'N/A', 'FR'),
(734, 'Cryptic Studios', 'N/A', 'US'),
(735, 'Crystal Dynamics', 'N/A', 'US'),
(736, 'Crytek', 'N/A', 'DE'),
(737, 'Crytek UK', 'N/A', 'GB'),
(738, 'Cyan Worlds', 'N/A', 'US'),
(739, 'Cyanide', 'N/A', 'FR'),
(740, 'Cyberdreams', 'N/A', 'GB'),
(741, 'CyberConnect2', 'N/A', 'JP'),
(742, 'Cyberlore Studios', 'N/A', 'US'),
(743, 'CyberStep', 'N/A', 'JP'),
(744, 'D-Pad Studio', 'N/A', 'NO'),
(745, 'Dambuster Studios', 'N/A', 'GB'),
(746, 'Day 1 Studios', 'N/A', 'US'),
(747, 'Deadline Games', 'N/A', 'DK'),
(748, 'Deck13', 'N/A', 'DE'),
(749, 'Demiurge Studios', 'N/A', 'US'),
(750, 'devCAT Studios', 'N/A', 'KR'),
(751, 'Dhruva Interactive', 'N/A', 'IN'),
(752, 'Die Gute Fabrik', 'N/A', 'DK'),
(753, 'Digital Illusions CE', 'N/A', 'SE'),
(754, 'Digital Reality', 'N/A', 'HU'),
(755, 'Dimps', 'N/A', 'JP'),
(756, 'Disney Interactive Studios', 'N/A', 'US'),
(757, 'Double Fine Productions', 'N/A', 'US'),
(758, 'Double Helix Games', 'N/A', 'US'),
(759, 'Dynamix', 'N/A', 'US'),
(760, 'Egosoft', 'N/A', 'DE'),
(761, 'Eidos Interactive', 'N/A', 'GB'),
(762, 'Electronic Arts', 'N/A', 'US'),
(763, 'Elev8 Games', 'N/A', 'IN'),
(764, 'Engine Software', 'N/A', 'NL'),
(765, 'Ensemble Studios', 'N/A', 'US'),
(766, 'Epic Games', 'N/A', 'US'),
(767, 'Epic Games Poland', 'N/A', 'PL'),
(768, 'Epicenter Studios', 'N/A', 'US'),
(769, 'Epyx', 'N/A', 'US'),
(770, 'Etranges Libellules', 'N/A', 'FR'),
(771, 'Eugen Systems', 'N/A', 'FR'),
(772, 'Eurocom', 'N/A', 'GB'),
(773, 'Evolution Studios', 'N/A', 'GB'),
(774, 'Eyedentity Games', 'N/A', 'KR'),
(775, 'F4', 'N/A', 'FR'),
(776, 'Facepunch Studios', 'N/A', 'GB'),
(777, 'FarSight Studios', 'N/A', 'US'),
(778, 'Fatshark', 'N/A', 'SE'),
(779, 'feelplus', 'N/A', 'JP'),
(780, 'Firaxis Games', 'N/A', 'US'),
(781, 'Firefly Studios', 'N/A', 'GB'),
(782, 'First Star Software', 'N/A', 'US'),
(783, 'Flagship Studios', 'N/A', 'US'),
(784, 'Flying Wild Hog', 'N/A', 'PL'),
(785, 'Foundation 9 Entertainment', 'N/A', 'US'),
(786, 'Fox Interactive', 'N/A', 'US'),
(787, 'Frictional Games', 'N/A', 'SE'),
(788, 'Frogwares', 'N/A', 'UA'),
(789, 'FromSoftware', 'N/A', 'JP'),
(790, 'Frontier Developments', 'N/A', 'GB'),
(791, 'Frozenbyte', 'N/A', 'FI'),
(792, 'FUN Labs', 'N/A', 'RO'),
(793, 'Funcom', 'N/A', 'NO'),
(794, 'Futuremark', 'N/A', 'FI'),
(795, 'Gaijin Entertainment', 'N/A', 'RU'),
(796, 'Game Arts', 'N/A', 'JP'),
(797, 'Game Freak', 'N/A', 'JP'),
(798, 'GameHouse', 'N/A', 'US'),
(799, 'Gameloft', 'N/A', 'FR'),
(800, 'Games2win', 'N/A', 'IN'),
(801, 'Gearbox Software', 'N/A', 'US'),
(802, 'Geewa', 'N/A', 'CZ'),
(803, 'Genki', 'N/A', 'JP'),
(804, 'Giant Interactive', 'N/A', 'CN'),
(805, 'Glu Mobile', 'N/A', 'US'),
(806, 'Gogii Games', 'N/A', 'CA'),
(807, 'Good-Feel', 'N/A', 'JP'),
(808, 'Grasshopper Manufacture', 'N/A', 'JP'),
(809, 'Gravity', 'N/A', 'KR'),
(810, 'Gremlin Interactive', 'N/A', 'GB'),
(811, 'Grezzo', 'N/A', 'JP'),
(812, 'Griptonite Games', 'N/A', 'US'),
(813, 'GSC Game World', 'N/A', 'UA'),
(814, 'Guerrilla Cambridge', 'N/A', 'GB'),
(815, 'Guerrilla Games', 'N/A', 'NL'),
(816, 'GungHo Online Entertainment', 'N/A', 'JP'),
(817, 'Gust Corporation', 'N/A', 'JP'),
(818, 'Haemimont Games', 'N/A', 'BG'),
(819, 'HappySoft', 'N/A', 'JP'),
(820, 'HAL Laboratory', 'N/A', 'JP'),
(821, 'Halfbrick', 'N/A', 'AU'),
(822, 'Hanaho', 'N/A', 'US'),
(823, 'Hangar 13', 'N/A', 'US'),
(824, 'Harebrained Schemes', 'N/A', 'US'),
(825, 'Harmonix Music Systems', 'N/A', 'US'),
(826, 'Hasbro Interactive', 'N/A', 'US'),
(827, 'HB Studios', 'N/A', 'CA'),
(828, 'HeroCraft', 'N/A', 'RU'),
(829, 'High Moon Studios', 'N/A', 'US'),
(830, 'High Voltage Software', 'N/A', 'US'),
(831, 'Hoplon Infotainment', 'N/A', 'BR'),
(832, 'Hothead Games', 'N/A', 'CA');           
INSERT INTO PUBLIC.DEVELOPER(ID, NAME, LEAD_DESIGNER, COUNTRY_CODE) VALUES
(833, 'Housemarque', 'N/A', 'FI'),
(834, 'Hudson Soft', 'N/A', 'JP'),
(835, 'Human Head Studios', 'N/A', 'US'),
(836, 'Humongous Entertainment', 'N/A', 'US'),
(837, 'Hyperion Entertainment', 'N/A', 'BE'),
(838, 'id Software', 'N/A', 'US'),
(839, 'Idea Factory', 'N/A', 'JP'),
(840, 'Imageepoch', 'N/A', 'JP'),
(841, 'Infinity Ward', 'N/A', 'US'),
(842, 'Infocom', 'N/A', 'US'),
(843, 'Infogrames', 'N/A', 'FR'),
(844, 'Incredible Technologies', 'N/A', 'US'),
(845, 'indieszero', 'N/A', 'JP'),
(846, 'Innerloop Studios', 'N/A', 'NO'),
(847, 'Insomniac Games', 'N/A', 'US'),
(848, 'Intelligent Systems', 'N/A', 'JP'),
(849, 'Interceptor Entertainment', 'N/A', 'DK'),
(850, 'Interplay Entertainment', 'N/A', 'US'),
(851, 'Inti Creates', 'N/A', 'JP'),
(852, 'Introversion Software', 'N/A', 'GB'),
(853, 'IO Interactive', 'N/A', 'DK'),
(854, 'Ion Storm', 'N/A', 'US'),
(855, 'Irem', 'N/A', 'JP'),
(856, 'Iron Galaxy Studios', 'N/A', 'US'),
(857, 'Irrational Games', 'N/A', 'US'),
(858, 'Jadestone Group', 'N/A', 'SE'),
(859, 'Jagex', 'N/A', 'GB'),
(860, 'Jaleco', 'N/A', 'JP'),
(861, 'Javaground', 'N/A', 'US'),
(862, 'JoWood Entertainment AG', 'N/A', 'AT'),
(863, 'Juice Games', 'N/A', 'GB'),
(864, 'Jupiter', 'N/A', 'JP'),
(865, 'JV Games', 'N/A', 'US'),
(866, 'Kairosoft', 'N/A', 'JP'),
(867, 'Kalypso Media', 'N/A', 'DE'),
(868, 'Kaos Studios', 'N/A', 'US'),
(869, 'Keen Software House', 'N/A', 'CZ'),
(870, 'Kiloo Games', 'N/A', 'DK'),
(871, 'Koei', 'N/A', 'JP'),
(872, 'KOG Studios', 'N/A', 'KR'),
(873, 'Konami', 'N/A', 'JP'),
(874, 'Kongzhong', 'N/A', 'CN'),
(875, 'Krome Studios', 'N/A', 'AU'),
(876, 'Krome Studios Melbourne', 'N/A', 'AU'),
(877, 'Kuju Entertainment', 'N/A', 'GB'),
(878, 'Kush Games', 'N/A', 'US'),
(879, 'Kuma Reality Games', 'N/A', 'US'),
(880, 'Larian Studios', 'N/A', 'BE'),
(881, 'Legacy Interactive', 'N/A', 'US'),
(882, 'Legend Entertainment', 'N/A', 'US'),
(883, 'Legendo Entertainment', 'N/A', 'SE'),
(884, 'LEGO Group', 'N/A', 'DK'),
(885, 'Level-5', 'N/A', 'JP'),
(886, 'Lionhead Studios', 'N/A', 'GB'),
(887, 'Liquid Entertainment', 'N/A', 'US'),
(888, 'Little Green Men Games', 'N/A', 'HR'),
(889, 'LK Avalon', 'N/A', 'PL'),
(890, 'Llamasoft', 'N/A', 'GB'),
(891, 'Linden Lab', 'N/A', 'US'),
(892, 'Looking Glass Studios', 'N/A', 'US'),
(893, 'LucasArts', 'N/A', 'US'),
(894, 'Luma Arcade', 'N/A', 'ZA'),
(895, 'Luxoflux', 'N/A', 'US'),
(896, 'MachineGames', 'N/A', 'SE'),
(897, 'Magenta Software', 'N/A', 'GB'),
(898, 'Majesco Entertainment', 'N/A', 'US'),
(899, 'Marvelous Entertainment', 'N/A', 'JP'),
(900, 'Massive Entertainment', 'N/A', 'SE'),
(901, 'Masthead Studios', 'N/A', 'BG'),
(902, 'Maxis Software', 'N/A', 'US'),
(903, 'Mean Hamster Software', 'N/A', 'US'),
(904, 'Media Molecule', 'N/A', 'GB'),
(905, 'Mediatonic', 'N/A', 'GB'),
(906, 'MegaZebra', 'N/A', 'DE'),
(907, 'Mercury Steam', 'N/A', 'ES'),
(908, 'Metropolis Software', 'N/A', 'PL'),
(909, 'MicroProse Software', 'N/A', 'US'),
(910, 'Microsoft Studios', 'N/A', 'US'),
(911, 'Midway Games', 'N/A', 'US'),
(912, 'Milestone', 'N/A', 'JP'),
(913, 'Milestone S.r.l.', 'N/A', 'IT'),
(914, 'Mind Candy', 'N/A', 'GB'),
(915, 'Mistwalker', 'N/A', 'JP'),
(916, 'Mitchell Corporation', 'N/A', 'JP'),
(917, 'Mojang AB', 'N/A', 'SE'),
(918, 'Monolith Productions', 'N/A', 'US'),
(919, 'Monolith Soft', 'N/A', 'JP'),
(920, 'Mythic Entertainment', 'N/A', 'US'),
(921, 'Nadeo', 'N/A', 'FR'),
(922, 'Nanobit', 'N/A', 'HR'),
(923, 'Natsume', 'N/A', 'JP'),
(924, 'Naughty Dog', 'N/A', 'US'),
(925, 'NCsoft', 'N/A', 'KR'),
(926, 'NDOORS Corporation', 'N/A', 'KR'),
(927, 'Neowiz', 'N/A', 'KR'),
(928, 'Nerve Software', 'N/A', 'US'),
(929, 'NetDevil', 'N/A', 'US'),
(930, 'Netdragon', 'N/A', 'CN'),
(931, 'Netease', 'N/A', 'CN'),
(932, 'NetherRealm Studios', 'N/A', 'US'),
(933, 'Neversoft', 'N/A', 'US'),
(934, 'Nexon', 'N/A', 'KR'),
(935, 'Next Level Games', 'N/A', 'CA'),
(936, 'NGD Studios', 'N/A', 'AR'),
(937, 'Nibris', 'N/A', 'PL'),
(938, 'Nihon Falcom', 'N/A', 'JP'),
(939, 'Ninjabee', 'N/A', 'US'),
(940, 'Ninja Theory', 'N/A', 'GB');    
INSERT INTO PUBLIC.DEVELOPER(ID, NAME, LEAD_DESIGNER, COUNTRY_CODE) VALUES
(941, 'Nintendo', 'N/A', 'JP'),
(942, 'Nippon Ichi Software', 'N/A', 'JP'),
(943, 'Nordeus', 'N/A', 'RS'),
(944, 'Novalogic', 'N/A', 'US'),
(945, 'Novarama', 'N/A', 'ES'),
(946, 'n-Space', 'N/A', 'US'),
(947, 'Obsidian Entertainment', 'N/A', 'US'),
(948, 'Oddworld Inhabitants', 'N/A', 'US'),
(949, 'Omega Force', 'N/A', 'JP'),
(950, 'Origin Systems', 'N/A', 'US'),
(951, 'Outrage Entertainment', 'N/A', 'US'),
(952, 'Overkill Software', 'N/A', 'SE'),
(953, 'Oxygen Studios', 'N/A', 'GB'),
(954, 'Page 44 Studios', 'N/A', 'US'),
(955, 'Pangea Software', 'N/A', 'US'),
(956, 'Project Sora', 'N/A', 'JP'),
(957, 'Papaya Studio', 'N/A', 'US'),
(958, 'Project Soul', 'N/A', 'JP'),
(959, 'Panther Games Pty Ltd', 'N/A', 'AU'),
(960, 'Paradox Development Studio', 'N/A', 'SE'),
(961, 'Parallax Software', 'N/A', 'US'),
(962, 'Pandemic Studios', 'N/A', 'US'),
(963, 'Pendulo Studios', 'N/A', 'ES'),
(964, 'Penguin Software', 'N/A', 'US'),
(965, 'Perfect World', 'N/A', 'CN'),
(966, 'Petroglyph', 'N/A', 'US'),
(967, 'Phantagram', 'N/A', 'KR'),
(968, 'Phenomic Game Development', 'N/A', 'DE'),
(969, 'Piranha Bytes', 'N/A', 'DE'),
(970, 'Pi Studios', 'N/A', 'US'),
(971, 'Pivotal Games', 'N/A', 'GB'),
(972, 'Pixel Press', 'N/A', 'US'),
(973, 'Playdom', 'N/A', 'US'),
(974, 'Playfish', 'N/A', 'GB'),
(975, 'PlayFirst', 'N/A', 'US'),
(976, 'Playground Games', 'N/A', 'GB'),
(977, 'PlatinumGames', 'N/A', 'JP'),
(978, 'Polyphony Digital', 'N/A', 'JP'),
(979, 'PopCap Games', 'N/A', 'US'),
(980, 'Press Play', 'N/A', 'DK'),
(981, 'Punch Entertainment', 'N/A', 'US'),
(982, 'Pyro Studios', 'N/A', 'ES'),
(983, 'Q Entertainment', 'N/A', 'JP'),
(984, 'Q-Games', 'N/A', 'JP'),
(985, 'Quantic Dream', 'N/A', 'FR'),
(986, 'Radical Entertainment', 'N/A', 'CA'),
(987, 'Rage Software', 'N/A', 'GB'),
(988, 'Rainbow Studios', 'N/A', 'US'),
(989, 'Rare', 'N/A', 'GB'),
(990, 'Raven Software', 'N/A', 'US'),
(991, 'Red Entertainment', 'N/A', 'JP'),
(992, 'Reality Pump Studios', 'N/A', 'PL'),
(993, 'Realtime Associates', 'N/A', 'US'),
(994, 'Realtime Worlds', 'N/A', 'GB'),
(995, 'Rebellion Developments', 'N/A', 'GB'),
(996, 'RedLynx', 'N/A', 'FI'),
(997, 'Red Thread Games', 'N/A', 'NO'),
(998, 'Red Storm Entertainment', 'N/A', 'US'),
(999, 'Redtribe', 'N/A', 'AU'),
(1000, 'Reflections Interactive', 'N/A', 'GB'),
(1001, 'Reflexive Entertainment', 'N/A', 'US'),
(1002, 'Relic Entertainment', 'N/A', 'CA'),
(1003, 'Remedy Entertainment', 'N/A', 'FI'),
(1004, 'Respawn Entertainment', 'N/A', 'US'),
(1005, 'Reto-Moto', 'N/A', 'DK'),
(1006, 'Retro Studios', 'N/A', 'US'),
(1007, 'Revolution Software', 'N/A', 'GB'),
(1008, 'Riot Games', 'N/A', 'US'),
(1009, 'Rising Star Games', 'N/A', 'GB'),
(1010, 'Robot Entertainment', 'N/A', 'US'),
(1011, 'Rockstar Games', 'N/A', 'US'),
(1012, 'Rocksteady Studios', 'N/A', 'GB'),
(1013, 'Robinson Technologies', 'N/A', 'JP'),
(1014, 'Rovio Entertainment', 'N/A', 'FI'),
(1015, 'Ruffian Games', 'N/A', 'GB'),
(1016, 'Runic Games', 'N/A', 'US'),
(1017, 'Running With Scissors', 'N/A', 'US'),
(1018, 'Sand Grain Studios', 'N/A', 'RO'),
(1019, 'Sanuk Games', 'N/A', 'TH'),
(1020, 'SCS Software', 'N/A', 'CZ'),
(1021, 'Sega', 'N/A', 'US'),
(1022, 'Serious Games Interactive', 'N/A', 'DK'),
(1023, 'Sega AM2', 'N/A', 'JP'),
(1024, 'SIE Foster City Studio', 'N/A', 'US'),
(1025, 'SIE Japan Studio', 'N/A', 'JP'),
(1026, 'SIE London Studio', 'N/A', 'GB'),
(1027, 'SIE San Diego Studio', 'N/A', 'US'),
(1028, 'SIE Santa Monica Studio', 'N/A', 'US'),
(1029, 'SCE Studio Liverpool', 'N/A', 'GB'),
(1030, 'SIE Worldwide Studios', 'N/A', 'GB'),
(1031, 'Shanda', 'N/A', 'CN'),
(1032, 'Sherman3D', 'N/A', 'MY'),
(1033, 'Sierra Entertainment', 'N/A', 'US'),
(1034, 'Silicon Knights', 'N/A', 'CA'),
(1035, 'Silicon Studio', 'N/A', 'JP'),
(1036, 'Simtex', 'N/A', 'US'),
(1037, 'Sledgehammer Games', 'N/A', 'US'),
(1038, 'Snail Games', 'N/A', 'CN'),
(1039, 'SNK Playmore', 'N/A', 'JP'),
(1040, 'Sobee Studios', 'N/A', 'TR'),
(1041, 'Snowblind Studios', 'N/A', 'US'),
(1042, 'Software 2000', 'N/A', 'DE'),
(1043, 'Sonic Team', 'N/A', 'JP');             
INSERT INTO PUBLIC.DEVELOPER(ID, NAME, LEAD_DESIGNER, COUNTRY_CODE) VALUES
(1044, 'Sony Interactive Entertainment', 'N/A', 'GB'),
(1045, 'Sora Ltd.', 'N/A', 'JP'),
(1046, 'Spectrum HoloByte', 'N/A', 'US'),
(1047, 'Spellbound Entertainment', 'N/A', 'DE'),
(1048, 'Spike', 'N/A', 'JP'),
(1049, 'Spike Chunsoft', 'N/A', 'JP'),
(1050, 'Spil Games', 'N/A', 'NL'),
(1051, 'Splash Damage', 'N/A', 'GB'),
(1052, 'Sproing Interactive Media', 'N/A', 'AT'),
(1053, 'Square Enix', 'N/A', 'JP'),
(1054, 'Stainless Games', 'N/A', 'GB'),
(1055, 'Stainless Steel Studios', 'N/A', 'US'),
(1056, 'Starbreeze Studios', 'N/A', 'SE'),
(1057, 'Stardock', 'N/A', 'US'),
(1058, 'Star Vault', 'N/A', 'SE'),
(1059, 'Sting Entertainment', 'N/A', 'JP'),
(1060, 'Strategic Simulations', 'N/A', 'US'),
(1061, 'Strawdog Studios', 'N/A', 'GB'),
(1062, 'Straylight Studios', 'N/A', 'NZ'),
(1063, 'Streamline Studios', 'N/A', 'MY'),
(1064, 'Sucker Punch Productions', 'N/A', 'US'),
(1065, 'Sumo Digital', 'N/A', 'GB'),
(1066, 'Sunflowers Interactive Entertainment Software', 'N/A', 'DE'),
(1067, 'Supercell', 'N/A', 'FI'),
(1068, 'SuperVillain Studios', 'N/A', 'US'),
(1069, 'Swingin'' Ape Studios', 'N/A', 'US'),
(1070, 'StormRegion', 'N/A', 'HU'),
(1071, 'Taito', 'N/A', 'JP'),
(1072, 'Tango Gameworks', 'N/A', 'JP'),
(1073, 'Tag Games', 'N/A', 'GB'),
(1074, 'Take-Two Interactive', 'N/A', 'US'),
(1075, 'TaleWorlds', 'N/A', 'TR'),
(1076, 'Tamsoft', 'N/A', 'JP'),
(1077, 'Tantrumedia', 'N/A', 'GB'),
(1078, 'Tantalus Media', 'N/A', 'AU'),
(1079, 'Tate Interactive', 'N/A', 'PL'),
(1080, 'Team17', 'N/A', 'GB'),
(1081, 'Team Bondi', 'N/A', 'AU'),
(1082, 'Team Ico', 'N/A', 'JP'),
(1083, 'Team Ninja', 'N/A', 'JP'),
(1084, 'Techland', 'N/A', 'PL'),
(1085, 'Telltale Games', 'N/A', 'US'),
(1086, 'Tencent', 'N/A', 'CN'),
(1087, 'Tequila Works', 'N/A', 'ES'),
(1088, 'Terminal Reality', 'N/A', 'US'),
(1089, 'Teyon', 'N/A', 'PL'),
(1090, 'The9', 'N/A', 'CN'),
(1091, 'The Chinese Room', 'N/A', 'GB'),
(1092, 'THQ', 'N/A', 'US'),
(1093, 'Three Rings Design', 'N/A', 'US'),
(1094, 'TimeGate Studios', 'N/A', 'US'),
(1095, 'Toaplan', 'N/A', 'JP'),
(1096, 'ToeJam & Earl Productions', 'N/A', 'US'),
(1097, 'TopWare Interactive', 'N/A', 'DE'),
(1098, 'Torpex Games', 'N/A', 'US'),
(1099, 'Torus Games', 'N/A', 'AU'),
(1100, 'Tose', 'N/A', 'JP'),
(1101, 'Toys for Bob', 'N/A', 'US'),
(1102, 'Trapdoor', 'N/A', 'CA'),
(1103, 'Transmission Games', 'N/A', 'AU'),
(1104, 'Traveller''s Tales', 'N/A', 'GB'),
(1105, 'Treyarch', 'N/A', 'US'),
(1106, 'Treasure', 'N/A', 'JP'),
(1107, 'tri-Ace', 'N/A', 'JP'),
(1108, 'Tripwire Interactive', 'N/A', 'US'),
(1109, 'Triumph Studios', 'N/A', 'NL'),
(1110, 'Turn 10 Studios', 'N/A', 'US'),
(1111, 'Turtle Rock Studios', 'N/A', 'US'),
(1112, 'Two Tribes', 'N/A', 'NL'),
(1113, 'Tygron', 'N/A', 'NL'),
(1114, 'Typhoon Games', 'N/A', 'CN'),
(1115, 'Ubisoft', 'N/A', 'FR'),
(1116, 'Ultimate Play the Game', 'N/A', 'GB'),
(1117, 'Unique Development Studios', 'N/A', 'SE'),
(1118, 'United Front Games', 'N/A', 'CA'),
(1119, 'Universomo', 'N/A', 'FI'),
(1120, 'Valve Corporation', 'N/A', 'US'),
(1121, 'Vanillaware', 'N/A', 'JP'),
(1122, 'Venan Entertainment', 'N/A', 'US'),
(1123, 'Vicarious Visions', 'N/A', 'US'),
(1124, 'Vigil Games', 'N/A', 'US'),
(1125, 'Virtual Heroes, Inc.', 'N/A', 'US'),
(1126, 'Visceral Games', 'N/A', 'US'),
(1127, 'Visual Concepts', 'N/A', 'US'),
(1128, 'Vivendi Games', 'N/A', 'US'),
(1129, 'Viwawa', 'N/A', 'SG'),
(1130, 'Volition, Inc.', 'N/A', 'US'),
(1131, 'Vostok Games', 'N/A', 'UA'),
(1132, 'VoxelStorm', 'N/A', 'GB'),
(1133, 'Wahoo Studios', 'N/A', 'US'),
(1134, 'Wanako Games', 'N/A', 'CL'),
(1135, 'Warhorse Studios', 'N/A', 'CZ'),
(1136, 'Wargaming', 'N/A', 'CY'),
(1137, 'Wargaming Saint Petersburg', 'N/A', 'RU'),
(1138, 'WB Games', 'N/A', 'US'),
(1139, 'Webfoot Technologies', 'N/A', 'US'),
(1140, 'Westwood Studios', 'N/A', 'US'),
(1141, 'Westone Bit Entertainment', 'N/A', 'JP'),
(1142, 'Wideload Games', 'N/A', 'US'),
(1143, 'Wildfire Studios', 'N/A', 'AU'),
(1144, 'Wizet', 'N/A', 'KR'),
(1145, 'Wolfire Games', 'N/A', 'US'),
(1146, 'World Forge', 'N/A', 'RU'),
(1147, 'Yager Development', 'N/A', 'DE');    
INSERT INTO PUBLIC.DEVELOPER(ID, NAME, LEAD_DESIGNER, COUNTRY_CODE) VALUES
(1148, 'Yuke''s', 'N/A', 'JP'),
(1149, 'ZeniMax Online Studios', 'N/A', 'US'),
(1150, 'Zipper Interactive', 'N/A', 'US'),
(1151, 'Zombie Studios', 'N/A', 'US'),
(1152, 'ZootFly', 'N/A', 'SI'),
(1153, 'Zylom', 'N/A', 'NL'),
(1154, 'Zynga', 'N/A', 'US');        
CREATE CACHED TABLE PUBLIC.GAME(
    ID INTEGER DEFAULT (NEXT VALUE FOR PUBLIC.SYSTEM_SEQUENCE_66260900_B8C3_48B8_A0D2_0E264216CF57) NOT NULL NULL_TO_DEFAULT SEQUENCE PUBLIC.SYSTEM_SEQUENCE_66260900_B8C3_48B8_A0D2_0E264216CF57,
    IMAGE_URL VARCHAR(255),
    NAME VARCHAR(255),
    RELEASE_DATE VARCHAR(255),
    DEVELOPER_ID INTEGER,
    PUBLISHER_ID INTEGER,
    PURCHASE_WEBSITE_ID INTEGER
);   
ALTER TABLE PUBLIC.GAME ADD CONSTRAINT PUBLIC.CONSTRAINT_2 PRIMARY KEY(ID);    
-- 376 +/- SELECT COUNT(*) FROM PUBLIC.GAME;   
INSERT INTO PUBLIC.GAME(ID, IMAGE_URL, NAME, RELEASE_DATE, DEVELOPER_ID, PUBLISHER_ID, PURCHASE_WEBSITE_ID) VALUES
(1, 'https://upload.wikimedia.org/wikipedia/en/8/8e/The_Legend_of_Zelda_Ocarina_of_Time_box_art.png', 'The Legend of Zelda: Ocarina of Time', 'Nov-23-1998', 540, 134, NULL),
(2, 'https://upload.wikimedia.org/wikipedia/en/4/41/Tony_Hawk''s_Pro_Skater_2_cover.png', 'Tony Hawk''s Pro Skater 2', 'Sep-20-2000', 318, 9, NULL),
(3, 'https://upload.wikimedia.org/wikipedia/en/b/b7/Grand_Theft_Auto_IV_cover.jpg', 'Grand Theft Auto IV', 'Apr-29-2008', 541, 161, NULL),
(4, 'https://upload.wikimedia.org/wikipedia/en/4/45/Soulcalibur_flyer.png', 'SoulCalibur', 'Sep-8-1999', 343, 128, NULL),
(6, 'https://upload.wikimedia.org/wikipedia/en/7/76/SuperMarioGalaxy.jpg', 'Super Mario Galaxy', 'Nov-12-2007', 542, 134, NULL),
(7, 'https://upload.wikimedia.org/wikipedia/en/6/65/Super_Mario_Galaxy_2_Box_Art.jpg', 'Super Mario Galaxy 2', 'May-23-2010', 542, 134, NULL),
(8, 'https://upload.wikimedia.org/wikipedia/en/a/a5/Grand_Theft_Auto_V.png', 'Grand Theft Auto V', 'Nov-18-2014', 541, 161, NULL),
(12, 'https://upload.wikimedia.org/wikipedia/en/2/2b/Tony_Hawk%27s_Pro_Skater_3_Coverart.jpg', 'Tony Hawk''s Pro Skater 3', 'Oct-28-2001', 318, 227, NULL),
(13, 'https://upload.wikimedia.org/wikipedia/en/3/32/Perfect_dark_box.jpg', 'Perfect Dark', 'May-22-2000', 374, 134, NULL),
(15, 'https://upload.wikimedia.org/wikipedia/en/b/ba/MetroidPrimebox.jpg', 'Metroid Prime', 'Nov-17-2002', 391, 134, NULL),
(16, 'https://upload.wikimedia.org/wikipedia/en/b/be/GTA3boxcover.jpg', 'Grand Theft Auto III', 'Oct-22-2001', 543, 161, NULL),
(17, 'https://upload.wikimedia.org/wikipedia/en/8/80/Halo_-_Combat_Evolved_(XBox_version_-_box_art).jpg', 'Halo: Combat Evolved', 'Nov-14-2001', 87, 123, NULL),
(18, 'N/A', 'NFL 2K1', 'Sep-7-2000', 512, 165, NULL),
(19, 'https://upload.wikimedia.org/wikipedia/en/2/25/Half-Life_2_cover.jpg', 'Half-Life 2', 'Nov-16-2004', 505, 209, NULL),
(21, 'https://upload.wikimedia.org/wikipedia/en/6/6d/BioShock_cover.jpg', 'BioShock', 'Aug-21-2007', 544, 2, NULL),
(22, 'N/A', 'GoldenEye 007', 'Aug-25-1997', 545, 228, NULL),
(23, 'https://upload.wikimedia.org/wikipedia/en/7/7b/Uncharted_2_box_artwork.jpg', 'Uncharted 2: Among Thieves', 'Oct-13-2009', 309, 173, NULL),
(24, 'https://upload.wikimedia.org/wikipedia/en/d/d9/Resi4-gc-cover.jpg', 'Resident Evil 4', 'Jan-11-2005', 546, 41, NULL),
(25, 'https://upload.wikimedia.org/wikipedia/en/2/23/Hltob-win-cover.jpg', 'The Orange Box', 'Oct-10-2007', 505, 209, NULL),
(27, 'https://upload.wikimedia.org/wikipedia/en/0/00/Batman_Arkham_City_Game_Cover.jpg', 'Batman: Arkham City', 'Oct-18-2011', 397, 229, NULL),
(28, 'https://upload.wikimedia.org/wikipedia/en/f/f0/T3usposter.jpg', 'Tekken 3', 'Apr-29-1998', 547, 230, NULL),
(29, 'https://upload.wikimedia.org/wikipedia/en/thumb/0/05/MassEffect2_cover.PNG/250px-MassEffect2_cover.PNG', 'Mass Effect 2', 'Jan-26-2010', 63, 62, NULL),
(30, 'https://upload.wikimedia.org/wikipedia/en/0/0e/The_Legend_of_Zelda_Twilight_Princess_Game_Cover.jpg', 'The Legend of Zelda: Twilight Princess', 'Dec-11-2006', 540, 134, NULL),
(31, 'https://upload.wikimedia.org/wikipedia/en/1/15/The_Elder_Scrolls_V_Skyrim_cover.png', 'The Elder Scrolls V: Skyrim', 'Nov-11-2011', 548, 28, NULL),
(32, 'N/A', 'Half-Life', 'Oct-31-1998', 545, 228, NULL),
(34, 'https://upload.wikimedia.org/wikipedia/en/7/72/ZeldaWindWakerGCNCoverArtUS.jpg', 'The Legend of Zelda: The Wind Waker', 'Mar-24-2003', 540, 134, NULL),
(35, 'N/A', 'Gran Turismo', 'Apr-30-1998', 545, 228, NULL),
(37, 'https://upload.wikimedia.org/wikipedia/en/6/6a/Metalgear2boxart.jpg', 'Metal Gear Solid 2: Sons of Liberty', 'Nov-12-2001', 549, 108, NULL),
(38, 'N/A', 'Grand Theft Auto Double Pack', 'Oct-31-2003', 545, 228, NULL),
(39, 'https://upload.wikimedia.org/wikipedia/en/1/17/Baldur''s_Gate_II_-_Shadows_of_Amn_Coverart.png', 'Baldur''s Gate II: Shadows of Amn', 'Sep-24-2000', 63, 231, NULL),
(40, 'https://upload.wikimedia.org/wikipedia/en/c/c4/GTASABOX.jpg', 'Grand Theft Auto: San Andreas', 'Oct-26-2004', 541, 161, NULL),
(41, 'https://upload.wikimedia.org/wikipedia/en/c/ce/Vice-city-cover.jpg', 'Grand Theft Auto: Vice City', 'Oct-27-2002', 541, 161, NULL);    
INSERT INTO PUBLIC.GAME(ID, IMAGE_URL, NAME, RELEASE_DATE, DEVELOPER_ID, PUBLISHER_ID, PURCHASE_WEBSITE_ID) VALUES
(42, 'N/A', 'LittleBigPlanet', 'Oct-27-2008', 289, 173, NULL),
(43, 'N/A', 'The Legend of Zelda Collector''s Edition', 'Nov-17-2003', 326, 134, NULL),
(44, 'https://upload.wikimedia.org/wikipedia/en/a/a7/Red_Dead_Redemption.jpg', 'Red Dead Redemption', 'May-18-2010', 550, 161, NULL),
(45, 'https://upload.wikimedia.org/wikipedia/en/0/0d/Gran_Turismo_3.jpg', 'Gran Turismo 3: A-Spec', 'Jul-9-2001', 363, 173, NULL),
(46, 'https://upload.wikimedia.org/wikipedia/en/9/92/Halo2-cover.png', 'Halo 2', 'Nov-9-2004', 87, 123, NULL),
(47, 'https://upload.wikimedia.org/wikipedia/en/2/21/The_Legend_of_Zelda_A_Link_to_the_Past_SNES_Game_Cover.jpg', 'The Legend of Zelda: A Link to the Past', 'Dec-3-2002', 540, 134, NULL),
(48, 'https://upload.wikimedia.org/wikipedia/en/6/60/The_Legend_of_Zelda_-_Majora''s_Mask_Box_Art.jpg', 'The Legend of Zelda: Majora''s Mask', 'Oct-25-2000', 540, 134, NULL),
(49, 'https://upload.wikimedia.org/wikipedia/en/4/46/Video_Game_Cover_-_The_Last_of_Us.jpg', 'The Last of Us', 'Jun-14-2013', 309, 173, NULL),
(51, 'https://upload.wikimedia.org/wikipedia/en/7/75/Madden2003Box.jpg', 'Madden NFL 2003', 'Aug-12-2002', 551, 232, NULL),
(53, 'https://upload.wikimedia.org/wikipedia/en/5/58/The_Last_of_Us_Remastered.jpg', 'The Last of Us Remastered', 'Jul-29-2014', 309, 173, NULL),
(54, 'https://upload.wikimedia.org/wikipedia/en/f/f9/Portal2cover.jpg', 'Portal 2', 'Apr-19-2011', 505, 209, NULL),
(57, 'https://upload.wikimedia.org/wikipedia/en/8/8f/Metal_Gear_Solid_V_The_Phantom_Pain_cover.png', 'Metal Gear Solid V: The Phantom Pain', 'Sep-1-2015', 552, 233, NULL),
(59, 'https://upload.wikimedia.org/wikipedia/en/7/79/WoG-BoxArt.png', 'World of Goo', 'Oct-13-2008', 553, 234, NULL),
(60, 'https://upload.wikimedia.org/wikipedia/en/a/a3/Official_cover_art_for_Bioshock_Infinite.jpg', 'BioShock Infinite', 'Mar-26-2013', 242, 2, NULL),
(61, 'https://upload.wikimedia.org/wikipedia/en/5/51/Ffixbox.jpg', 'Final Fantasy IX', 'Nov-13-2000', 554, 178, NULL),
(62, 'https://upload.wikimedia.org/wikipedia/en/thumb/d/db/Modern_Warfare_2_cover.PNG/250px-Modern_Warfare_2_cover.PNG', 'Call of Duty: Modern Warfare 2', 'Nov-10-2009', 226, 9, NULL),
(63, 'https://upload.wikimedia.org/wikipedia/en/8/8e/THPS4.jpg', 'Tony Hawk''s Pro Skater 4', 'Oct-23-2002', 318, 234, NULL),
(64, 'N/A', 'Devil May Cry', 'Oct-16-2001', 88, 41, NULL),
(65, 'https://upload.wikimedia.org/wikipedia/en/5/5f/Call_of_Duty_4_Modern_Warfare.jpg', 'Call of Duty 4: Modern Warfare', 'Nov-5-2007', 226, 9, NULL),
(66, 'https://upload.wikimedia.org/wikipedia/en/a/a0/Madden_NFL_2002_Coverart.png', 'Madden NFL 2002', 'Aug-19-2001', 551, 234, NULL),
(70, 'https://upload.wikimedia.org/wikipedia/en/3/30/The_Legend_of_Zelda_Ocarina_of_Time_3D_box_art.png', 'The Legend of Zelda: Ocarina of Time 3D', 'Jun-19-2011', 196, 134, NULL),
(71, 'https://upload.wikimedia.org/wikipedia/en/9/9a/Chronocrossbox.jpg', 'Chrono Cross', 'Aug-15-2000', 555, 178, NULL),
(75, 'https://upload.wikimedia.org/wikipedia/en/9/98/Madden2004box.jpg', 'Madden NFL 2004', 'Aug-12-2003', 551, 232, NULL),
(76, 'N/A', 'Gears of War', 'Nov-7-2006', 151, 235, NULL),
(77, 'https://upload.wikimedia.org/wikipedia/en/4/4b/The_Elder_Scrolls_IV_Oblivion_cover.png', 'The Elder Scrolls IV: Oblivion', 'Mar-20-2006', 548, 28, NULL),
(78, 'https://upload.wikimedia.org/wikipedia/en/7/73/Civ2boxart.jpg', 'Civilization II', 'Feb-29-1996', 556, 122, NULL),
(79, 'N/A', 'Quake', 'Jun-22-1996', 545, 228, NULL),
(82, 'https://upload.wikimedia.org/wikipedia/en/thumb/b/b4/Halo_3_final_boxshot.JPG/250px-Halo_3_final_boxshot.JPG', 'Halo 3', 'Sep-25-2007', 87, 123, NULL),
(83, 'https://upload.wikimedia.org/wikipedia/en/1/1d/Ninja_Gaiden_%282004_video_game%29.png', 'Ninja Gaiden Black', 'Sep-20-2005', 468, 194, NULL),
(85, 'https://upload.wikimedia.org/wikipedia/en/0/06/Street_Fighter_IV_%28flyer%29.jpg', 'Street Fighter IV', 'Feb-17-2009', 140, 41, NULL),
(86, 'https://upload.wikimedia.org/wikipedia/en/2/2f/Super_Mario_Advance_4.png', 'Super Mario Advance 4: Super Mario Bros. 3', 'Oct-21-2003', 540, 134, NULL);               
INSERT INTO PUBLIC.GAME(ID, IMAGE_URL, NAME, RELEASE_DATE, DEVELOPER_ID, PUBLISHER_ID, PURCHASE_WEBSITE_ID) VALUES
(87, 'https://upload.wikimedia.org/wikipedia/en/thumb/7/7b/Jetsetradiopalboxart.jpg/384px-Jetsetradiopalboxart.jpg', 'Jet Grind Radio', 'Oct-30-2000', 557, 165, NULL),
(88, 'https://upload.wikimedia.org/wikipedia/en/3/33/Metal_Gear_Solid_cover_art.png', 'Metal Gear Solid', 'Oct-21-1998', 549, 108, NULL),
(89, 'https://upload.wikimedia.org/wikipedia/en/7/76/Grim_Fandango_artwork.jpg', 'Grim Fandango', 'Sep-30-1998', 278, 236, NULL),
(90, 'https://upload.wikimedia.org/wikipedia/en/1/17/Tom_Clancy''s_Splinter_Cell_-_Chaos_Theory_Coverart.png', 'Tom Clancy''s Splinter Cell Chaos Theory', 'Mar-28-2005', 558, 206, NULL),
(91, 'https://upload.wikimedia.org/wikipedia/en/9/93/Burnout_3_-_Takedown_Coverart.jpg', 'Burnout 3: Takedown', 'Sep-7-2004', 116, 62, NULL),
(92, 'N/A', 'Diablo', 'Nov-30-1996', 545, 228, NULL),
(93, 'https://upload.wikimedia.org/wikipedia/en/b/b3/Mgs3box.jpg', 'Metal Gear Solid 3: Subsistence', 'Mar-14-2006', 549, 237, NULL),
(95, 'https://upload.wikimedia.org/wikipedia/en/4/4b/Mgs4us_cover_small.jpg', 'Metal Gear Solid 4: Guns of the Patriots', 'Jun-12-2008', 552, 108, NULL),
(96, 'https://upload.wikimedia.org/wikipedia/en/b/b7/NCAA_Football_2004_Coverart.jpg', 'NCAA Football 2004', 'Jul-16-2003', 551, 232, NULL),
(97, 'N/A', 'God of War', 'Mar-22-2005', 545, 228, NULL),
(98, 'https://upload.wikimedia.org/wikipedia/en/1/11/Kotorbox.jpg', 'Star Wars: Knights of the Old Republic', 'Jul-17-2003', 63, 113, NULL),
(99, 'https://upload.wikimedia.org/wikipedia/en/7/7e/CivIVboxshot.jpg', 'Sid Meier''s Civilization IV', 'Oct-25-2005', 165, 2, NULL),
(101, 'https://upload.wikimedia.org/wikipedia/en/6/67/Virtua-fighter-4-box.jpg', 'Virtua Fighter 4', 'Mar-17-2002', 408, 165, NULL),
(102, 'https://upload.wikimedia.org/wikipedia/en/6/6a/Super_Mario_64_box_cover.jpg', 'Super Mario 64', 'Sep-26-1996', 540, 134, NULL),
(103, 'https://upload.wikimedia.org/wikipedia/en/0/0c/Witcher_3_cover_art.jpg', 'The Witcher 3: Wild Hunt', 'May-18-2015', 95, 238, NULL),
(105, 'https://upload.wikimedia.org/wikipedia/en/f/f3/SSBB_Cover.jpg', 'Super Smash Bros. Brawl', 'Mar-9-2008', 326, 134, NULL),
(106, 'N/A', 'Company of Heroes', 'Sep-13-2006', 387, 199, NULL),
(107, 'https://upload.wikimedia.org/wikipedia/en/thumb/6/6b/GranTurismo2.jpg/384px-GranTurismo2.jpg', 'Gran Turismo 2', 'Nov-30-1999', 363, 173, NULL),
(108, 'https://upload.wikimedia.org/wikipedia/en/5/5e/Pandora_Tomorrow_box_art.jpg', 'Tom Clancy''s Splinter Cell Pandora Tomorrow', 'Mar-23-2004', 559, 206, NULL),
(109, 'https://upload.wikimedia.org/wikipedia/en/7/75/ChinatownWars.jpg', 'Grand Theft Auto: Chinatown Wars', 'Mar-17-2009', 560, 161, NULL),
(110, 'https://upload.wikimedia.org/wikipedia/en/3/34/Pac-Man_CE_DX_cover.png', 'Pac-Man Championship Edition DX', 'Nov-17-2010', 561, 239, NULL),
(111, 'https://upload.wikimedia.org/wikipedia/en/a/aa/Street_Fighter_Alpha_3_flyer.png', 'Street Fighter Alpha 3', 'Apr-30-1999', 88, 41, NULL),
(113, 'https://upload.wikimedia.org/wikipedia/en/9/97/Unreal_Tournament_2004_Coverart.png', 'Unreal Tournament 2004', 'Mar-16-2004', 151, 240, NULL),
(115, 'N/A', 'Braid', 'Aug-6-2008', 545, 228, NULL),
(116, 'https://upload.wikimedia.org/wikipedia/en/3/3c/Gow2-2.jpg', 'God of War II', 'Mar-13-2007', 562, 173, NULL),
(117, 'https://upload.wikimedia.org/wikipedia/en/5/5e/Super_Mario_3D_World_box_art.jpg', 'Super Mario 3D World', 'Nov-22-2013', 542, 134, NULL),
(118, 'https://upload.wikimedia.org/wikipedia/en/2/20/StarCraft_II_-_Box_Art.jpg', 'Starcraft II: Wings of Liberty', 'Jul-27-2010', 74, 35, NULL),
(119, 'https://upload.wikimedia.org/wikipedia/en/3/33/SSX_box_art.jpg', 'SSX', 'Oct-30-2000', 563, 241, NULL),
(121, 'https://upload.wikimedia.org/wikipedia/en/thumb/3/32/Minecraft_logo.svg/375px-Minecraft_logo.svg.png', 'Minecraft', 'May-10-2009', 564, 242, NULL),
(122, 'https://upload.wikimedia.org/wikipedia/en/1/10/Shin_Megami_Tensei_Persona_4.jpg', 'Persona 4 Golden', 'Nov-20-2012', 47, 241, NULL),
(123, 'https://upload.wikimedia.org/wikipedia/en/4/43/SSX_3_Coverart.png', 'SSX 3', 'Oct-20-2003', 563, 243, NULL);          
INSERT INTO PUBLIC.GAME(ID, IMAGE_URL, NAME, RELEASE_DATE, DEVELOPER_ID, PUBLISHER_ID, PURCHASE_WEBSITE_ID) VALUES
(124, 'N/A', 'Tom Clancy''s Splinter Cell', 'Nov-17-2002', 558, 206, NULL),
(126, 'https://upload.wikimedia.org/wikipedia/en/thumb/a/a1/Quake3Title.jpg/375px-Quake3Title.jpg', 'Quake III Arena', 'Oct-22-2000', 223, 244, NULL),
(127, 'https://upload.wikimedia.org/wikipedia/en/4/4b/Homeworld_%28video_game%29_box_art.jpg', 'Homeworld', 'Aug-31-1999', 387, 245, NULL),
(128, 'https://upload.wikimedia.org/wikipedia/en/b/be/OkamiNTSCcoverFinal.jpg', 'Okami', 'Sep-19-2006', 105, 41, NULL),
(130, 'https://upload.wikimedia.org/wikipedia/en/thumb/8/83/Fallout_3_cover_art.PNG/250px-Fallout_3_cover_art.PNG', 'Fallout 3', 'Oct-28-2008', 548, 28, NULL),
(131, 'https://upload.wikimedia.org/wikipedia/en/e/e0/Gears_of_War_2_Game_Cover.jpg', 'Gears of War 2', 'Nov-7-2008', 151, 123, NULL),
(132, 'https://upload.wikimedia.org/wikipedia/en/thumb/3/37/Soulcalibur_II_flyer.png/375px-Soulcalibur_II_flyer.png', 'SoulCalibur II', 'Aug-27-2003', 343, 128, NULL),
(133, 'N/A', 'World Soccer Winning Eleven 6 International', 'Mar-11-2003', 545, 228, NULL),
(134, 'N/A', 'NFL 2K3', 'Aug-12-2002', 512, 165, NULL),
(135, 'https://upload.wikimedia.org/wikipedia/en/b/b0/Mass_Effect_3_Game_Cover.jpg', 'Mass Effect 3', 'Mar-6-2012', 63, 62, NULL),
(137, 'https://upload.wikimedia.org/wikipedia/en/6/65/ArcadiaDC.png', 'Skies of Arcadia', 'Nov-13-2000', 565, 165, NULL),
(138, 'https://upload.wikimedia.org/wikipedia/en/9/99/Legend_of_Zelda_Skyward_Sword_boxart.png', 'The Legend of Zelda: Skyward Sword', 'Nov-20-2011', 540, 134, NULL),
(139, 'https://upload.wikimedia.org/wikipedia/en/9/90/Super_Circuit.jpg', 'Mario Kart Super Circuit', 'Aug-26-2001', 233, 134, NULL),
(140, 'https://upload.wikimedia.org/wikipedia/en/3/3b/Rock_Band_3_Game_Cover.jpg', 'Rock Band 3', 'Oct-26-2010', 566, 126, NULL),
(141, 'https://upload.wikimedia.org/wikipedia/en/9/9a/VJbox.jpg', 'Viewtiful Joe', 'Oct-7-2003', 567, 41, NULL),
(142, 'https://upload.wikimedia.org/wikipedia/en/7/74/Test_Drive_Le_Mans_Coverart.png', 'Test Drive Le Mans', 'Nov-13-2000', 568, 241, NULL),
(143, 'https://upload.wikimedia.org/wikipedia/en/7/79/NBA_2K1_Cover.jpg', 'NBA 2K1', 'Nov-1-2000', 512, 165, NULL),
(144, 'https://upload.wikimedia.org/wikipedia/en/thumb/c/cf/Castlevania_SOTN_PAL.jpg/375px-Castlevania_SOTN_PAL.jpg', 'Castlevania: Symphony of the Night', 'Oct-2-1997', 569, 108, NULL),
(146, 'https://upload.wikimedia.org/wikipedia/en/6/67/Virtua-fighter-4-box.jpg', 'Virtua Fighter 4: Evolution', 'Aug-13-2003', 408, 165, NULL),
(149, 'https://upload.wikimedia.org/wikipedia/en/thumb/6/61/Papermario.jpg/375px-Papermario.jpg', 'Paper Mario', 'Feb-5-2001', 233, 134, NULL),
(150, 'https://upload.wikimedia.org/wikipedia/en/f/f7/WipEout2097Cover.jpg', 'Wipeout XL', 'Sep-30-1996', 570, 154, NULL),
(152, 'https://upload.wikimedia.org/wikipedia/en/1/1a/Uncharted_4_box_artwork.jpg', 'Uncharted 4: A Thief''s End', 'May-10-2016', 309, 173, NULL),
(153, 'https://upload.wikimedia.org/wikipedia/en/9/91/WoW_Box_Art1.jpg', 'World of Warcraft', 'Nov-23-2004', 74, 246, NULL),
(155, 'https://upload.wikimedia.org/wikipedia/commons/a/a1/Flipnote_Studio_Logo.jpg', 'Flipnote Studio', 'Aug-12-2009', 571, 134, NULL),
(156, 'https://upload.wikimedia.org/wikipedia/en/8/83/Pro_Evolution_Soccer_3.jpg', 'World Soccer Winning Eleven 7 International', 'Feb-17-2004', 569, 108, NULL),
(157, 'https://upload.wikimedia.org/wikipedia/en/2/25/NBA_2K2_Cover.jpg', 'NBA 2K2', 'Oct-24-2001', 512, 165, NULL),
(158, 'N/A', 'INSIDE', 'Jun-29-2016', 545, 228, NULL),
(161, 'https://upload.wikimedia.org/wikipedia/en/8/86/Sands_of_time_cover.jpg', 'Prince of Persia: The Sands of Time', 'Nov-12-2003', 558, 206, NULL),
(163, 'https://upload.wikimedia.org/wikipedia/en/8/8b/God_of_War_III_cover_art.jpg', 'God of War III', 'Mar-16-2010', 562, 173, NULL),
(165, 'https://upload.wikimedia.org/wikipedia/en/6/6a/SSX_Tricky.jpg', 'SSX Tricky', 'Nov-5-2001', 563, 234, NULL),
(166, 'https://upload.wikimedia.org/wikipedia/en/5/50/NHL_2002_Coverart.png', 'NHL 2002', 'Sep-24-2001', 563, 232, NULL);           
INSERT INTO PUBLIC.GAME(ID, IMAGE_URL, NAME, RELEASE_DATE, DEVELOPER_ID, PUBLISHER_ID, PURCHASE_WEBSITE_ID) VALUES
(167, 'https://upload.wikimedia.org/wikipedia/en/8/83/Guitar_Hero_II.jpg', 'Guitar Hero II', 'Apr-3-2007', 566, 9, NULL),
(169, 'https://upload.wikimedia.org/wikipedia/en/thumb/0/02/Uncharted_3_Boxart.jpg/375px-Uncharted_3_Boxart.jpg', 'Uncharted 3: Drake''s Deception', 'Nov-1-2011', 309, 173, NULL),
(170, 'N/A', 'Rock Band', 'Nov-20-2007', 566, 62, NULL),
(171, 'N/A', 'Journey', 'Jul-21-2015', 545, 228, NULL),
(172, 'https://upload.wikimedia.org/wikipedia/en/6/68/Bloodborne_Cover_Wallpaper.jpg', 'Bloodborne', 'Mar-24-2015', 174, 173, NULL),
(173, 'https://upload.wikimedia.org/wikipedia/en/8/8d/Eternal_Darkness_box.jpg', 'Eternal Darkness: Sanity''s Requiem', 'Jun-23-2002', 419, 134, NULL),
(174, 'https://upload.wikimedia.org/wikipedia/en/6/66/WarcraftIII.jpg', 'Warcraft III: Reign of Chaos', 'Jul-3-2002', 74, 35, NULL),
(176, 'N/A', 'The Sims', 'Jan-31-2000', 572, 62, NULL),
(177, 'https://upload.wikimedia.org/wikipedia/en/d/de/BanjoKazooieCover500px.jpg', 'Banjo-Kazooie', 'May-31-1998', 374, 134, NULL),
(178, 'https://upload.wikimedia.org/wikipedia/en/a/a1/Sid_Meier''s_Gettysburg!_Coverart.png', 'Sid Meier''s Gettysburg!', 'Sep-30-1997', 165, 62, NULL),
(179, 'https://upload.wikimedia.org/wikipedia/en/0/01/Rock_Band_2_Game_Cover.JPG', 'Rock Band 2', 'Dec-18-2008', 566, 126, NULL),
(180, 'https://upload.wikimedia.org/wikipedia/en/c/ce/Forza_Motorsport_Coverart.png', 'Forza Motorsport', 'May-3-2005', 495, 123, NULL),
(182, 'https://upload.wikimedia.org/wikipedia/en/4/43/SuperSF4.jpg', 'Super Street Fighter IV', 'Apr-27-2010', 140, 41, NULL),
(184, 'https://upload.wikimedia.org/wikipedia/en/a/a7/Advance_Wars_Coverart.jpg', 'Advance Wars', 'Sep-9-2001', 233, 134, NULL),
(185, 'https://upload.wikimedia.org/wikipedia/en/a/a3/Vagrantstorybox.jpg', 'Vagrant Story', 'May-15-2000', 573, 178, NULL),
(186, 'https://upload.wikimedia.org/wikipedia/en/5/5f/Tf2_standalonebox.jpg', 'Team Fortress 2', 'Apr-8-2008', 505, 209, NULL),
(187, 'https://upload.wikimedia.org/wikipedia/en/9/91/Systemshock2box.jpg', 'System Shock 2', 'Aug-11-1999', 242, 62, NULL),
(188, 'https://upload.wikimedia.org/wikipedia/en/1/17/Tom_Clancy''s_Splinter_Cell_-_Chaos_Theory_Coverart.png', 'Tom Clancy''s Splinter Cell: Chaos Theory', 'Mar-28-2005', 558, 206, NULL),
(189, 'https://upload.wikimedia.org/wikipedia/en/2/27/Final_Fantasy_XII_Box_Art.png', 'Final Fantasy XII', 'Oct-31-2006', 438, 180, NULL),
(192, 'https://upload.wikimedia.org/wikipedia/en/3/32/Super_Mario_World_Coverart.png', 'Super Mario World: Super Mario Advance 2', 'Feb-9-2002', 540, 134, NULL),
(193, 'https://upload.wikimedia.org/wikipedia/en/thumb/3/33/ESPN_NFL_2K5.jpg/330px-ESPN_NFL_2K5.jpg', 'ESPN NFL 2K5', 'Jul-20-2004', 512, 247, NULL),
(194, 'https://upload.wikimedia.org/wikipedia/en/7/75/Super_Smash_Bros_Melee_box_art.png', 'Super Smash Bros. Melee', 'Dec-2-2001', 205, 134, NULL),
(195, 'https://upload.wikimedia.org/wikipedia/commons/thumb/5/5f/Undertale_logo.jpg/375px-Undertale_logo.jpg', 'Undertale', 'Sep-15-2015', 545, 228, NULL),
(197, 'https://upload.wikimedia.org/wikipedia/en/7/73/Romebox.jpg', 'Rome: Total War', 'Sep-22-2004', 574, 9, NULL),
(198, 'https://upload.wikimedia.org/wikipedia/en/0/06/Forza3cover.jpg', 'Forza Motorsport 3', 'Oct-27-2009', 495, 123, NULL),
(199, 'https://upload.wikimedia.org/wikipedia/en/4/42/Batman_Arkham_Asylum_Videogame_Cover.jpg', 'Batman: Arkham Asylum', 'Aug-25-2009', 397, 61, NULL),
(200, 'https://upload.wikimedia.org/wikipedia/en/7/78/Super_mario_sunshine.jpg', 'Super Mario Sunshine', 'Aug-25-2002', 540, 134, NULL),
(203, 'https://upload.wikimedia.org/wikipedia/en/thumb/5/58/TonyHawksProSkaterPlayStation1.jpg/375px-TonyHawksProSkaterPlayStation1.jpg', 'Tony Hawk''s Pro Skater', 'Aug-31-1999', 318, 9, NULL),
(204, 'https://upload.wikimedia.org/wikipedia/en/thumb/b/b6/Thief_The_Dark_Project_boxcover.jpg/375px-Thief_The_Dark_Project_boxcover.jpg', 'Thief: The Dark Project', 'Nov-30-1998', 277, 61, NULL),
(205, 'https://upload.wikimedia.org/wikipedia/en/4/44/Fire_Emblem_Awakening_box_art.png', 'Fire Emblem: Awakening', 'Feb-4-2013', 233, 134, NULL);
INSERT INTO PUBLIC.GAME(ID, IMAGE_URL, NAME, RELEASE_DATE, DEVELOPER_ID, PUBLISHER_ID, PURCHASE_WEBSITE_ID) VALUES
(206, 'https://upload.wikimedia.org/wikipedia/en/5/56/Age_of_Empires_II_-_The_Age_of_Kings_Coverart.png', 'Age of Empires II: The Age of Kings', 'Sep-30-1999', 150, 248, NULL),
(207, 'https://upload.wikimedia.org/wikipedia/en/a/a7/Ffxboxart.jpg', 'Final Fantasy X', 'Dec-17-2001', 575, 241, NULL),
(209, 'N/A', 'The Walking Dead: A Telltale Games Series', 'Apr-27-2012', 545, 228, NULL),
(210, 'https://upload.wikimedia.org/wikipedia/en/f/f4/Unrealtournament.jpg', 'Unreal Tournament (1999)', 'Nov-30-1999', 151, 83, NULL),
(211, 'https://upload.wikimedia.org/wikipedia/en/0/01/Alpha_Centauri_cover.jpg', 'Sid Meier''s Alpha Centauri', 'Feb-12-1999', 165, 18, NULL),
(212, 'https://upload.wikimedia.org/wikipedia/en/e/e6/Wave_Race_64_Coverart.png', 'Wave Race 64', 'Nov-1-1996', 540, 134, NULL),
(213, 'https://upload.wikimedia.org/wikipedia/en/3/3d/GCIITABOX.jpg', 'Galactic Civilizations II: Twilight of the Arnor', 'Apr-30-2008', 442, 181, NULL),
(214, 'https://upload.wikimedia.org/wikipedia/en/a/a2/Super_Smash_Bros_for_Wii_U_Box_Art.png', 'Super Smash Bros. for Wii U', 'Nov-21-2014', 430, 134, NULL),
(216, 'https://upload.wikimedia.org/wikipedia/en/c/c2/Final_Fantasy_VII_Box_Art.jpg', 'Final Fantasy VII', 'Sep-3-1997', 554, 241, NULL),
(218, 'https://upload.wikimedia.org/wikipedia/en/a/a7/Chrono_Trigger.jpg', 'Chrono Trigger', 'Nov-25-2008', 554, 249, NULL),
(220, 'https://upload.wikimedia.org/wikipedia/en/d/d9/Xenoblade_box_artwork.png', 'Xenoblade Chronicles', 'Apr-6-2012', 304, 134, NULL),
(221, 'https://upload.wikimedia.org/wikipedia/en/thumb/9/99/Conkersbfdbox.jpg/375px-Conkersbfdbox.jpg', 'Conker''s Bad Fur Day', 'Mar-4-2001', 374, 234, NULL),
(222, 'N/A', 'Medal of Honor', 'Oct-31-1999', 545, 228, NULL),
(223, 'https://upload.wikimedia.org/wikipedia/en/7/74/JPPaRappacover.jpg', 'PaRappa the Rapper', 'Oct-31-1997', 576, 173, NULL),
(225, 'https://upload.wikimedia.org/wikipedia/en/a/a5/IcoShadow.jpg', 'The ICO & Shadow of the Colossus Collection', 'Sep-27-2011', 577, 173, NULL),
(226, 'https://upload.wikimedia.org/wikipedia/en/7/7f/Rayman_Origins_Box_Art.jpg', 'Rayman Origins', 'Nov-15-2011', 578, 206, NULL),
(227, 'https://upload.wikimedia.org/wikipedia/en/6/6e/Echoesboxart_(Large).jpg', 'Metroid Prime 2: Echoes', 'Nov-15-2004', 391, 134, NULL),
(228, 'https://upload.wikimedia.org/wikipedia/en/thumb/b/bb/Blood_and_wine_art.jpg/375px-Blood_and_wine_art.jpg', 'The Witcher 3: Wild Hunt - Blood and Wine', 'May-30-2016', 95, 238, NULL),
(229, 'N/A', 'Out of the Park Baseball 17', 'Mar-22-2016', 545, 228, NULL),
(230, 'https://upload.wikimedia.org/wikipedia/en/4/45/Metroid_Fusion_box.jpg', 'Metroid Fusion', 'Nov-17-2002', 579, 134, NULL),
(231, 'https://upload.wikimedia.org/wikipedia/en/thumb/0/05/Final_Fantasy_VI.jpg/375px-Final_Fantasy_VI.jpg', 'Final Fantasy VI Advance', 'Feb-5-2007', 554, 244, NULL),
(232, 'https://upload.wikimedia.org/wikipedia/en/f/f6/Rayman_Legends_Box_Art.jpg', 'Rayman Legends', 'Sep-3-2013', 578, 206, NULL),
(233, 'https://upload.wikimedia.org/wikipedia/en/5/5f/Tiger_Woods_PGA_Tour_2003_Cover.jpg', 'Tiger Woods PGA Tour 2003', 'Oct-31-2002', 580, 250, NULL),
(234, 'https://upload.wikimedia.org/wikipedia/en/5/58/Madden_NFL_2005_Coverart.png', 'Madden NFL 2005', 'Aug-9-2004', 551, 232, NULL),
(238, 'https://upload.wikimedia.org/wikipedia/en/e/ed/Dark_Souls_II_cover.jpg', 'Dark Souls II', 'Mar-11-2014', 174, 251, NULL),
(239, 'https://upload.wikimedia.org/wikipedia/en/6/65/Dishonored_box_art_Bethesda.jpg', 'Dishonored', 'Oct-8-2012', 35, 28, NULL),
(240, 'N/A', 'ESPN NFL Football', 'Sep-3-2003', 512, 165, NULL),
(241, 'https://upload.wikimedia.org/wikipedia/en/d/d9/Medal_of_Honor_-_Allied_Assault_Coverart.png', 'Medal of Honor: Allied Assault', 'Jan-20-2002', 581, 252, NULL),
(242, 'https://upload.wikimedia.org/wikipedia/en/6/63/Myth_-_The_Fallen_Lords.jpg', 'Myth: The Fallen Lords', 'Oct-31-1997', 87, 234, NULL),
(243, 'https://upload.wikimedia.org/wikipedia/en/e/e7/Littlebigplanet2-boxart.jpg', 'LittleBigPlanet 2', 'Jan-18-2011', 289, 253, NULL);         
INSERT INTO PUBLIC.GAME(ID, IMAGE_URL, NAME, RELEASE_DATE, DEVELOPER_ID, PUBLISHER_ID, PURCHASE_WEBSITE_ID) VALUES
(244, 'N/A', 'Guitar Hero', 'Nov-7-2005', 566, 254, NULL),
(245, 'https://upload.wikimedia.org/wikipedia/en/a/a9/Wrath_of_the_Lich_King.jpg', 'World of Warcraft: Wrath of the Lich King', 'Nov-13-2008', 74, 35, NULL),
(247, 'https://upload.wikimedia.org/wikipedia/en/1/16/Metroid_Prime_Trilogy.jpg', 'Metroid Prime Trilogy', 'Aug-24-2009', 391, 134, NULL),
(248, 'https://upload.wikimedia.org/wikipedia/en/2/29/F1_Challenge_%2799-%2702_Logo.png', 'F1 Challenge ''99-''02', 'Jun-24-2003', 582, 232, NULL),
(250, 'https://upload.wikimedia.org/wikipedia/en/2/2b/Madden_NFL_2001_Coverart.png', 'Madden NFL 2001', 'Oct-23-2000', 551, 234, NULL),
(251, 'https://upload.wikimedia.org/wikipedia/en/thumb/d/d0/Baldur''s_Gate_box.PNG/375px-Baldur''s_Gate_box.PNG', 'Baldur''s Gate', 'Nov-30-1998', 63, 231, NULL),
(252, 'https://upload.wikimedia.org/wikipedia/en/9/90/Bayonetta2boxart.png', 'Bayonetta 2', 'Sep-20-2014', 362, 134, NULL),
(254, 'N/A', 'Overwatch', 'May-23-2016', 545, 228, NULL),
(256, 'https://upload.wikimedia.org/wikipedia/en/f/f5/Klonoa2.jpg', 'Klonoa 2: Lunatea''s Veil', 'Jul-25-2001', 547, 230, NULL),
(257, 'N/A', 'IL-2 Sturmovik', 'Nov-18-2001', 545, 228, NULL),
(258, 'https://upload.wikimedia.org/wikipedia/en/f/fa/Mario_Tennis_box.jpg', 'Mario Tennis', 'Aug-28-2000', 583, 134, NULL),
(259, 'https://upload.wikimedia.org/wikipedia/en/0/0d/Freespace2box.jpg', 'FreeSpace 2', 'Sep-30-1999', 515, 97, NULL),
(260, 'N/A', 'Colony Wars', 'Oct-31-1997', 545, 228, NULL),
(262, 'https://upload.wikimedia.org/wikipedia/en/7/73/Ratchetandclank3box.jpg', 'Ratchet & Clank: Up Your Arsenal', 'Nov-3-2004', 232, 173, NULL),
(263, 'N/A', 'Resident Evil', 'Apr-30-2002', 88, 41, NULL),
(264, 'https://upload.wikimedia.org/wikipedia/en/2/24/FIFA_10_Cover.jpg', 'FIFA Soccer 10', 'Oct-20-2009', 563, 232, NULL),
(265, 'https://upload.wikimedia.org/wikipedia/en/5/54/Forza_horizon_3_cover_art.jpg', 'Forza Horizon 3', 'Sep-23-2016', 361, 235, NULL),
(266, 'https://upload.wikimedia.org/wikipedia/en/7/77/Assassins_Creed_2_Box_Art.JPG', 'Assassin''s Creed II', 'Nov-17-2009', 558, 206, NULL),
(267, 'https://upload.wikimedia.org/wikipedia/en/b/b3/Mgs3box.jpg', 'Metal Gear Solid 3: Snake Eater', 'Nov-17-2004', 549, 237, NULL),
(268, 'https://upload.wikimedia.org/wikipedia/en/9/9e/Twisted_Metal_Black.jpg', 'Twisted Metal: Black', 'Jun-18-2001', 584, 173, NULL),
(269, 'https://upload.wikimedia.org/wikipedia/en/5/54/Spyro-year_of_the_dragon.png', 'Spyro: Year of the Dragon', 'Oct-23-2000', 232, 173, NULL),
(270, 'N/A', 'Tomb Raider', 'Nov-15-1996', 112, 61, NULL),
(272, 'https://upload.wikimedia.org/wikipedia/en/d/d9/Resi4-gc-cover.jpg', 'Resident Evil 4: Wii Edition', 'Jun-19-2007', 546, 41, NULL),
(273, 'https://upload.wikimedia.org/wikipedia/en/b/bf/Sotc_boxart.jpg', 'Shadow of the Colossus', 'Oct-18-2005', 585, 173, NULL),
(274, 'https://upload.wikimedia.org/wikipedia/en/c/c5/Peggle_Steam.jpg', 'Peggle', 'Nov-19-2009', 364, 209, NULL),
(275, 'N/A', 'The Legend of Zelda: Ocarina of Time / Master Quest', 'Feb-28-2003', 545, 228, NULL),
(276, 'https://upload.wikimedia.org/wikipedia/en/7/77/Borderlands2boxart3.jpg', 'Borderlands 2', 'Sep-18-2012', 186, 2, NULL),
(278, 'N/A', 'Kentucky Route Zero - Act III', 'May-6-2014', 545, 228, NULL),
(279, 'https://upload.wikimedia.org/wikipedia/en/1/14/College_Football_USA_96_Cover.jpg', 'NCAA Football 2003', 'Jul-20-2002', 512, 232, NULL),
(280, 'N/A', 'Crysis', 'Nov-13-2007', 121, 62, NULL),
(281, 'N/A', 'Ninja Gaiden', 'Mar-2-2004', 586, 248, NULL),
(282, 'https://upload.wikimedia.org/wikipedia/en/3/3a/God_of_War_Chains_of_Olympus_NA_version_front_cover.jpg', 'God of War: Chains of Olympus', 'Mar-4-2008', 587, 173, NULL),
(283, 'https://upload.wikimedia.org/wikipedia/en/e/e2/Dead_or_Alive_2_Coverart.png', 'DOA2: Hardcore', 'Oct-25-2000', 468, 194, NULL),
(284, 'https://upload.wikimedia.org/wikipedia/en/2/29/World_of_Warcraft_-_The_Burning_Crusade_coverart.jpg', 'World of Warcraft: The Burning Crusade', 'Jan-16-2007', 74, 246, NULL);       
INSERT INTO PUBLIC.GAME(ID, IMAGE_URL, NAME, RELEASE_DATE, DEVELOPER_ID, PUBLISHER_ID, PURCHASE_WEBSITE_ID) VALUES
(285, 'https://upload.wikimedia.org/wikipedia/en/2/2f/MLB_10_The_Show_Cover.jpg', 'MLB 10: The Show', 'Mar-2-2010', 588, 173, NULL),
(286, 'https://upload.wikimedia.org/wikipedia/en/thumb/9/9a/Yoshi''s_Island_(Super_Mario_World_2)_box_art.jpg/375px-Yoshi''s_Island_(Super_Mario_World_2)_box_art.jpg', 'Yoshi''s Island: Super Mario Advance 3', 'Sep-24-2002', 540, 134, NULL),
(288, 'https://upload.wikimedia.org/wikipedia/en/0/03/Tiger_Woods_PGA_Tour_2005.jpg', 'Tiger Woods PGA Tour 2005', 'Sep-20-2004', 580, 250, NULL),
(291, 'https://upload.wikimedia.org/wikipedia/en/7/7d/Longest.jpg', 'The Longest Journey', 'Nov-16-2000', 178, 255, NULL),
(293, 'https://upload.wikimedia.org/wikipedia/en/2/2f/JediKnight-cover.jpg', 'Star Wars Jedi Knight: Dark Forces II', 'Sep-30-1997', 278, 113, NULL),
(295, 'https://upload.wikimedia.org/wikipedia/en/5/5c/Halo-_Reach_box_art.png', 'Halo: Reach', 'Sep-14-2010', 87, 123, NULL),
(296, 'https://upload.wikimedia.org/wikipedia/en/thumb/d/dc/GalCiv2DarkAvatarBoxShot.jpg/375px-GalCiv2DarkAvatarBoxShot.jpg', 'Galactic Civilizations II: Dark Avatar', 'Feb-14-2007', 442, 181, NULL),
(297, 'N/A', 'Mass Effect', 'Nov-20-2007', 63, 123, NULL),
(298, 'https://upload.wikimedia.org/wikipedia/en/9/93/No_one_lives_forever_video_game_PC_cover_scan.jpg', 'The Operative: No One Lives Forever', 'Nov-9-2000', 303, 68, NULL),
(299, 'https://upload.wikimedia.org/wikipedia/en/f/f1/Forza_Motorsport_4_cover.jpg', 'Forza Motorsport 4', 'Oct-11-2011', 495, 235, NULL),
(301, 'https://upload.wikimedia.org/wikipedia/en/6/62/Battlefield2Cover.jpg', 'Battlefield 2', 'Jun-21-2005', 589, 252, NULL),
(302, 'https://upload.wikimedia.org/wikipedia/en/5/5d/God_of_War_Collection_Cover.jpg', 'God of War Collection', 'Nov-17-2009', 562, 173, NULL),
(308, 'N/A', 'Fez', 'May-1-2013', 545, 228, NULL),
(309, 'https://upload.wikimedia.org/wikipedia/en/thumb/0/06/Planescape-torment-box.jpg/375px-Planescape-torment-box.jpg', 'Planescape: Torment', 'Dec-14-1999', 69, 97, NULL),
(310, 'https://upload.wikimedia.org/wikipedia/en/d/dc/Gears_of_War_3_box_artwork.png', 'Gears of War 3', 'Sep-20-2011', 151, 235, NULL),
(311, 'https://upload.wikimedia.org/wikipedia/en/3/31/Killzone2_Box_Art.jpg', 'Killzone 2', 'Feb-27-2009', 200, 173, NULL),
(312, 'https://upload.wikimedia.org/wikipedia/en/7/7a/Neverwinter_Nights_cover.jpg', 'Neverwinter Nights', 'Jun-16-2002', 63, 94, NULL),
(314, 'https://upload.wikimedia.org/wikipedia/en/a/ab/AriaofSorrowCover.jpg', 'Castlevania: Aria of Sorrow', 'May-6-2003', 569, 108, NULL),
(315, 'https://upload.wikimedia.org/wikipedia/en/2/23/No_One_Lives_Forever_2_cover.png', 'No One Lives Forever 2: A Spy in H.A.R.M.''s Way', 'Sep-30-2002', 303, 234, NULL),
(317, 'https://upload.wikimedia.org/wikipedia/en/d/db/Legacy_Of_Kain-_Sould_Reaver_Cover.jpg', 'Legacy of Kain: Soul Reaver', 'Aug-16-1999', 120, 61, NULL),
(318, 'https://upload.wikimedia.org/wikipedia/en/8/89/Dragon_Age_Origins_cover.png', 'Dragon Age: Origins', 'Nov-3-2009', 63, 62, NULL),
(319, 'https://upload.wikimedia.org/wikipedia/en/8/87/Gsbox.jpg', 'Golden Sun', 'Nov-11-2001', 583, 134, NULL),
(321, 'https://upload.wikimedia.org/wikipedia/en/f/f5/Mark_of_the_Ninja_cover.png', 'Mark of the Ninja', 'Oct-16-2012', 590, 235, NULL),
(322, 'https://upload.wikimedia.org/wikipedia/en/3/34/Pro_Evolution_Soccer_4_Coverart.png', 'World Soccer Winning Eleven 8 International', 'Feb-1-2005', 569, 108, NULL),
(323, 'https://upload.wikimedia.org/wikipedia/en/1/1b/The_Legend_of_Zelda_A_Link_Between_Worlds_NA_cover.jpg', 'The Legend of Zelda: A Link Between Worlds', 'Nov-22-2013', 540, 134, NULL),
(325, 'https://upload.wikimedia.org/wikipedia/en/c/c5/Castlevania_CotM_boxart.jpg', 'Castlevania: Circle of the Moon', 'Jun-10-2001', 591, 108, NULL),
(326, 'https://upload.wikimedia.org/wikipedia/en/c/c6/Far_Cry_3_PAL_box_art.jpg', 'Far Cry 3', 'Dec-4-2012', 558, 206, NULL),
(328, 'N/A', 'flower', 'Nov-15-2013', 545, 228, NULL),
(329, 'https://upload.wikimedia.org/wikipedia/en/8/86/Mario_Kart_DS_cover.jpg', 'Mario Kart DS', 'Nov-14-2005', 592, 134, NULL);           
INSERT INTO PUBLIC.GAME(ID, IMAGE_URL, NAME, RELEASE_DATE, DEVELOPER_ID, PUBLISHER_ID, PURCHASE_WEBSITE_ID) VALUES
(330, 'N/A', 'Call of Duty', 'Oct-29-2003', 226, 9, NULL),
(332, 'N/A', 'Mario Golf', 'Jun-30-1999', 545, 228, NULL),
(333, 'https://upload.wikimedia.org/wikipedia/en/3/3e/Crash_Bandicoot_3_Warped_Original_Box_Art.jpg', 'Crash Bandicoot 3: Warped', 'Oct-31-1998', 309, 173, NULL),
(335, 'https://upload.wikimedia.org/wikipedia/en/2/23/Project_Gotham_Racing_2_Coverart.png', 'Project Gotham Racing 2', 'Nov-17-2003', 67, 123, NULL),
(336, 'https://upload.wikimedia.org/wikipedia/en/5/5a/NBA_2K12_cover.jpg', 'NBA 2K12', 'Oct-4-2011', 512, 256, NULL),
(337, 'https://upload.wikimedia.org/wikipedia/en/b/bd/The_sims_2.jpg', 'The Sims 2', 'Sep-14-2004', 572, 62, NULL),
(338, 'https://upload.wikimedia.org/wikipedia/en/b/bd/Cataclysm_Cover_Art.png', 'World of Warcraft: Cataclysm', 'Dec-7-2010', 74, 35, NULL),
(341, 'https://upload.wikimedia.org/wikipedia/en/6/61/Rayman_2.jpg', 'Rayman 2: The Great Escape', 'Oct-31-1999', 593, 257, NULL),
(342, 'https://upload.wikimedia.org/wikipedia/en/8/81/Bayonetta_box_artwork.png', 'Bayonetta', 'Jan-5-2010', 362, 165, NULL),
(343, 'https://upload.wikimedia.org/wikipedia/en/8/80/Diablo_III_cover.png', 'Diablo III: Ultimate Evil Edition', 'Aug-19-2014', 74, 35, NULL),
(346, 'N/A', 'ICO', 'Sep-24-2001', 545, 228, NULL),
(347, 'https://upload.wikimedia.org/wikipedia/en/2/24/Ghost_Recon_Advanced_Warfighter_cover.jpg', 'Tom Clancy''s Ghost Recon Advanced Warfighter', 'Mar-9-2006', 594, 206, NULL),
(348, 'https://upload.wikimedia.org/wikipedia/en/8/8f/FIFA_12_cover.jpg', 'FIFA Soccer 12', 'Sep-27-2011', 563, 232, NULL),
(350, 'https://upload.wikimedia.org/wikipedia/en/6/63/MarioAndLuigiSuperstarSagaGBACoverArtUS.jpg', 'Mario & Luigi: Superstar Saga', 'Nov-17-2003', 595, 134, NULL),
(351, 'https://upload.wikimedia.org/wikipedia/en/c/c8/Shovel_knight_cover.jpg', 'Shovel Knight', 'Apr-21-2015', 596, 258, NULL),
(352, 'https://upload.wikimedia.org/wikipedia/en/9/98/Tony_Hawk''s_Underground_PlayStation2_box_art_cover.jpg', 'Tony Hawk''s Underground', 'Oct-27-2003', 318, 9, NULL),
(353, 'https://upload.wikimedia.org/wikipedia/en/5/56/MvC2_Cover.png', 'Marvel vs. Capcom 2', 'Jun-29-2000', 88, 259, NULL),
(354, 'N/A', 'Ape Escape', 'May-31-1999', 585, 173, NULL),
(355, 'https://upload.wikimedia.org/wikipedia/en/thumb/4/40/Syphon_Filter.jpg/375px-Syphon_Filter.jpg', 'Syphon Filter', 'Jan-31-1999', 597, 260, NULL),
(356, 'https://upload.wikimedia.org/wikipedia/en/thumb/6/69/Mario_&_Luigi_3_NA_Cover.PNG/375px-Mario_&_Luigi_3_NA_Cover.PNG', 'Mario & Luigi: Bowser''s Inside Story', 'Sep-14-2009', 595, 134, NULL),
(357, 'https://upload.wikimedia.org/wikipedia/en/2/20/TrialsEvolutionBox.jpg', 'Trials Evolution', 'Apr-18-2012', 381, 235, NULL),
(358, 'https://upload.wikimedia.org/wikipedia/en/4/4d/Grand_Theft_Auto_IV_coverart.jpg', 'Grand Theft Auto IV: The Lost and Damned', 'Feb-17-2009', 541, 161, NULL),
(360, 'https://upload.wikimedia.org/wikipedia/en/thumb/5/5b/Spelunky.jpg/375px-Spelunky.jpg', 'Spelunky', 'Aug-8-2013', 598, 261, NULL),
(362, 'https://upload.wikimedia.org/wikipedia/en/a/a4/Ratchet_and_clank_gc_image.jpg', 'Ratchet & Clank: Going Commando', 'Nov-11-2003', 232, 173, NULL),
(363, 'https://upload.wikimedia.org/wikipedia/en/e/ea/NBA_Street_Vol._2_Coverart.png', 'NBA Street Vol. 2', 'Apr-28-2003', 563, 262, NULL),
(364, 'https://upload.wikimedia.org/wikipedia/en/f/f0/Vt2box.jpg', 'Tennis 2K2', 'Oct-24-2001', 599, 165, NULL),
(365, 'N/A', 'Black & White', 'Mar-26-2001', 545, 228, NULL),
(367, 'https://upload.wikimedia.org/wikipedia/en/0/04/TheWindWakerHD.jpg', 'The Legend of Zelda: The Wind Waker HD', 'Sep-20-2013', 540, 134, NULL),
(369, 'N/A', 'Portal', 'Apr-8-2008', 545, 228, NULL),
(370, 'https://upload.wikimedia.org/wikipedia/en/5/5e/The_Legend_of_Zelda_Phantom_Hourglass_Game_Cover.jpg', 'The Legend of Zelda: Phantom Hourglass', 'Oct-1-2007', 540, 134, NULL),
(371, 'N/A', 'MVP Baseball 2004', 'Mar-9-2004', 545, 228, NULL),
(373, 'N/A', 'Dance Dance Revolution', 'May-9-2001', 258, 134, NULL);             
INSERT INTO PUBLIC.GAME(ID, IMAGE_URL, NAME, RELEASE_DATE, DEVELOPER_ID, PUBLISHER_ID, PURCHASE_WEBSITE_ID) VALUES
(374, 'https://upload.wikimedia.org/wikipedia/en/8/83/NHL_2001_Coverart.png', 'NHL 2001', 'Sep-28-2000', 563, 232, NULL),
(375, 'https://upload.wikimedia.org/wikipedia/en/e/e8/Advance_Wars_DS_cover_art.jpg', 'Advance Wars: Dual Strike', 'Aug-22-2005', 233, 134, NULL),
(377, 'https://upload.wikimedia.org/wikipedia/en/7/79/Mlb11theshow.jpg', 'MLB 11: The Show', 'Mar-8-2011', 588, 173, NULL),
(378, 'https://upload.wikimedia.org/wikipedia/en/b/b6/Jak_and_Daxter_-_The_Precursor_Legacy_Coverart.png', 'Jak and Daxter: The Precursor Legacy', 'Dec-3-2001', 309, 173, NULL),
(379, 'https://upload.wikimedia.org/wikipedia/en/2/26/Rogue_squadron_2_Box.jpg', 'Star Wars Rogue Leader: Rogue Squadron II', 'Nov-9-2001', 600, 234, NULL),
(380, 'https://upload.wikimedia.org/wikipedia/commons/thumb/a/ac/Stephen''s_Sausage_Roll_header.jpg/375px-Stephen''s_Sausage_Roll_header.jpg', 'Stephen''s Sausage Roll', 'Apr-18-2016', 601, 263, NULL),
(381, 'N/A', 'Velocity 2X', 'Sep-2-2014', 602, 169, NULL),
(382, 'https://upload.wikimedia.org/wikipedia/en/c/cb/Revenge_boxart.jpg', 'Burnout Revenge', 'Sep-13-2005', 116, 62, NULL),
(385, 'https://upload.wikimedia.org/wikipedia/en/1/14/College_Football_USA_96_Cover.jpg', 'NCAA Football 2002', 'Jul-23-2001', 512, 232, NULL),
(386, 'https://upload.wikimedia.org/wikipedia/en/f/f4/Unrealtournament.jpg', 'Unreal Tournament', 'Mar-13-2001', 151, 83, NULL),
(387, 'N/A', 'Deus Ex', 'Jun-23-2000', 239, 61, NULL),
(388, 'https://upload.wikimedia.org/wikipedia/en/thumb/a/ae/DonkeyKong64CoverArt.jpg/375px-DonkeyKong64CoverArt.jpg', 'Donkey Kong 64', 'Oct-31-1999', 374, 134, NULL),
(389, 'https://upload.wikimedia.org/wikipedia/en/7/73/Panzercover.jpg', 'Panzer Dragoon Orta', 'Jan-12-2003', 557, 165, NULL),
(390, 'https://upload.wikimedia.org/wikipedia/en/9/9f/Portal_standalonebox.jpg', 'Portal: Still Alive', 'Oct-22-2008', 505, 209, NULL),
(391, 'https://upload.wikimedia.org/wikipedia/en/2/2d/Half-Life_2_Episode_Two_title.jpg', 'Half-Life 2: Episode Two', 'Oct-10-2007', 505, 209, NULL),
(394, 'N/A', 'The Chronicles of Riddick: Escape From Butcher Bay - Developer''s Cut', 'Dec-8-2004', 545, 228, NULL),
(395, 'https://upload.wikimedia.org/wikipedia/en/1/10/Shin_Megami_Tensei_Persona_4.jpg', 'Shin Megami Tensei: Persona 4', 'Dec-8-2008', 47, 241, NULL),
(396, 'https://upload.wikimedia.org/wikipedia/en/6/61/MLB_09_The_Show_PS3_cover.jpg', 'MLB 09: The Show', 'Mar-3-2009', 588, 173, NULL),
(397, 'https://upload.wikimedia.org/wikipedia/en/8/83/Blast_Corps_Coverart.png', 'Blast Corps', 'Feb-28-1997', 374, 134, NULL),
(401, 'https://upload.wikimedia.org/wikipedia/en/a/a1/Axiom_Verge_Title.png', 'Axiom Verge', 'Sep-1-2016', 603, 264, NULL),
(402, 'https://upload.wikimedia.org/wikipedia/en/5/5b/Left4Dead_Windows_cover.jpg', 'Left 4 Dead', 'Nov-17-2008', 604, 209, NULL),
(404, 'https://upload.wikimedia.org/wikipedia/en/b/ba/Left4Dead2.jpg', 'Left 4 Dead 2', 'Nov-17-2009', 505, 209, NULL),
(405, 'https://upload.wikimedia.org/wikipedia/en/b/bb/Dark_souls_3_cover_art.jpg', 'Dark Souls III', 'Apr-12-2016', 174, 265, NULL),
(406, 'N/A', '3D Gunstar Heroes', 'Aug-20-2015', 545, 228, NULL),
(407, 'https://upload.wikimedia.org/wikipedia/en/a/ae/Jade_Empire_Coverart.png', 'Jade Empire', 'Apr-12-2005', 63, 123, NULL),
(409, 'https://upload.wikimedia.org/wikipedia/en/1/1f/NHL_2K3_Coverart.png', 'NHL 2K3', 'Nov-19-2002', 490, 165, NULL),
(410, 'https://upload.wikimedia.org/wikipedia/en/0/04/NBA_2K3_frontcover.jpg', 'NBA 2K3', 'Oct-8-2002', 512, 266, NULL),
(411, 'N/A', 'NASCAR Racing 2002 Season', 'Feb-14-2002', 605, 169, NULL),
(412, 'https://upload.wikimedia.org/wikipedia/en/thumb/6/6c/Phantasy_Star_Online.PNG/250px-Phantasy_Star_Online.PNG', 'Phantasy Star Online', 'Jan-29-2001', 428, 165, NULL),
(413, 'https://upload.wikimedia.org/wikipedia/en/4/40/NTSC_Resident_Evil_2_Cover.png', 'Resident Evil 2', 'Oct-31-1999', 88, 244, NULL),
(414, 'https://upload.wikimedia.org/wikipedia/en/0/06/Tekken2Box.jpg', 'Tekken 2', 'Aug-25-1996', 547, 230, NULL);              
INSERT INTO PUBLIC.GAME(ID, IMAGE_URL, NAME, RELEASE_DATE, DEVELOPER_ID, PUBLISHER_ID, PURCHASE_WEBSITE_ID) VALUES
(415, 'N/A', 'Need for Speed: Hot Pursuit', 'Nov-16-2010', 545, 228, NULL),
(416, 'https://upload.wikimedia.org/wikipedia/en/6/66/F-Zero_GX_box_artwork.png', 'F-Zero GX', 'Aug-26-2003', 606, 134, NULL),
(418, 'https://upload.wikimedia.org/wikipedia/en/8/8d/Dark_Souls_Cover_Art.jpg', 'Dark Souls', 'Oct-4-2011', 174, 239, NULL),
(419, 'https://upload.wikimedia.org/wikipedia/en/7/7f/NBA_Street_V3_Coverart.png', 'NBA Street V3', 'Feb-8-2005', 563, 262, NULL),
(420, 'https://upload.wikimedia.org/wikipedia/en/9/95/NFSHP2_PC.jpg', 'Need for Speed: Hot Pursuit 2', 'Oct-1-2002', 607, 62, NULL),
(421, 'https://upload.wikimedia.org/wikipedia/en/0/0e/The_Ballad_of_Gay_Tony_cover.jpg', 'Grand Theft Auto IV: The Ballad of Gay Tony', 'Oct-29-2009', 541, 161, NULL),
(422, 'https://upload.wikimedia.org/wikipedia/en/a/a5/The_Leg', 'The Legend of Zelda: The Minish Cap', 'Jan-10-2005', 88, 134, NULL),
(423, 'https://upload.wikimedia.org/wikipedia/en/0/0d/NCAA_Football_2005_Coverart.jpg', 'NCAA Football 2005', 'Jul-15-2004', 551, 232, NULL),
(425, 'https://upload.wikimedia.org/wikipedia/en/9/94/Combat_Mission_-_Barbarossa_to_Berlin_Coverart.png', 'Combat Mission: Barbarossa to Berlin', 'Oct-29-2002', 608, 267, NULL),
(427, 'https://upload.wikimedia.org/wikipedia/en/a/ab/Homeworld_-_Cataclysm_Coverart.png', 'Homeworld: Cataclysm', 'Sep-7-2000', 609, 245, NULL),
(429, 'https://upload.wikimedia.org/wikipedia/en/thumb/8/83/Cave_Story_title_screen.png/375px-Cave_Story_title_screen.png', 'Cave Story', 'Mar-22-2010', 610, 268, NULL),
(430, 'https://upload.wikimedia.org/wikipedia/en/e/ed/Dark_Souls_II_cover.jpg', 'Dark Souls II: Scholar of the First Sin', 'Apr-7-2015', 174, 251, NULL),
(431, 'N/A', 'The Walking Dead: Episode 5 - No Time Left', 'Nov-21-2012', 545, 228, NULL),
(432, 'N/A', 'Guild Wars', 'Apr-26-2005', 37, 269, NULL),
(434, 'https://upload.wikimedia.org/wikipedia/en/1/11/Pro_Evolution_Soccer_5_cover.jpg', 'World Soccer Winning Eleven 9', 'Feb-7-2006', 258, 108, NULL),
(435, 'https://upload.wikimedia.org/wikipedia/en/7/77/Guitar_Hero_5_Game_Cover.jpg', 'Guitar Hero 5', 'Sep-1-2009', 318, 9, NULL),
(436, 'https://upload.wikimedia.org/wikipedia/en/5/51/Ac04box.jpg', 'Ace Combat 04: Shattered Skies', 'Nov-1-2001', 547, 128, NULL),
(437, 'N/A', 'Max Payne', 'Jul-23-2001', 388, 161, NULL),
(438, 'N/A', '3D Streets of Rage II', 'Jul-23-2015', 545, 228, NULL),
(439, 'N/A', 'Out of the Park Baseball 15', 'Apr-21-2014', 545, 228, NULL),
(441, 'https://upload.wikimedia.org/wikipedia/en/4/4d/Tiger_Woods_PGA_Tour_2004_cover.jpg', 'Tiger Woods PGA Tour 2004', 'Sep-22-2003', 580, 250, NULL),
(444, 'https://upload.wikimedia.org/wikipedia/en/f/fd/Titanfall_2_box_art.jpeg', 'Titanfall 2', 'Oct-28-2016', 389, 62, NULL),
(445, 'https://upload.wikimedia.org/wikipedia/en/4/48/Wic-win-cover.jpg', 'World in Conflict', 'Sep-18-2007', 285, 169, NULL),
(447, 'https://upload.wikimedia.org/wikipedia/en/thumb/f/f5/Fifa11_Game_Cover.jpg/375px-Fifa11_Game_Cover.jpg', 'FIFA Soccer 11', 'Sep-28-2010', 563, 232, NULL),
(448, 'https://upload.wikimedia.org/wikipedia/en/0/06/Deus_Ex_Human_Revolution_cover.jpg', 'Deus Ex: Human Revolution', 'Aug-23-2011', 611, 180, NULL),
(449, 'https://upload.wikimedia.org/wikipedia/en/5/50/Castlevania_-_Dawn_of_Sorrow_Coverart.png', 'Castlevania: Dawn of Sorrow', 'Oct-4-2005', 258, 108, NULL),
(451, 'https://upload.wikimedia.org/wikipedia/en/9/99/Sonic_Adventure_2_cover.png', 'Sonic Adventure 2', 'Jun-18-2001', 612, 165, NULL),
(452, 'https://upload.wikimedia.org/wikipedia/en/thumb/c/cc/NASCAR_Racing_4_boxart.jpg/375px-NASCAR_Racing_4_boxart.jpg', 'NASCAR Racing 4', 'Feb-6-2001', 605, 270, NULL),
(453, 'https://upload.wikimedia.org/wikipedia/en/6/61/Duke_Nukem_3D_Coverart.png', 'Duke Nukem 3D', 'Jan-29-1996', 7, 271, NULL),
(454, 'https://upload.wikimedia.org/wikipedia/en/3/3c/LA-Noire-Box-Art.jpg', 'L.A. Noire', 'May-17-2011', 466, 161, NULL),
(455, 'N/A', 'Bastion', 'Apr-7-2015', 545, 228, NULL),
(456, 'N/A', 'Far Cry', 'Mar-23-2004', 121, 206, NULL);   
INSERT INTO PUBLIC.GAME(ID, IMAGE_URL, NAME, RELEASE_DATE, DEVELOPER_ID, PUBLISHER_ID, PURCHASE_WEBSITE_ID) VALUES
(457, 'N/A', 'Dead Space', 'Oct-13-2008', 545, 228, NULL),
(460, 'https://upload.wikimedia.org/wikipedia/en/f/fd/XCOM_Enemy_Unknown_Game_Cover.jpg', 'XCOM: Enemy Unknown', 'Oct-9-2012', 165, 2, NULL),
(462, 'https://upload.wikimedia.org/wikipedia/en/d/d0/Rise_of_Nations_Coverart.png', 'Rise of Nations', 'May-20-2003', 61, 123, NULL),
(463, 'https://upload.wikimedia.org/wikipedia/en/4/47/Persona3cover.jpg', 'Shin Megami Tensei: Persona 3 FES', 'Apr-22-2008', 47, 241, NULL),
(464, 'https://upload.wikimedia.org/wikipedia/en/2/2a/Burnout_2_-_Point_of_Impact.jpg', 'Burnout 2: Point of Impact', 'Apr-9-2003', 116, 7, NULL),
(465, 'https://upload.wikimedia.org/wikipedia/en/2/24/World_Series_Baseball_2K3_Coverart.jpg', 'World Series Baseball 2K3', 'Mar-10-2003', 512, 165, NULL),
(466, 'https://upload.wikimedia.org/wikipedia/en/a/aa/NASCAR_Racing_2003_Season_boxart.jpg', 'NASCAR Racing 2003 Season', 'Feb-14-2003', 605, 169, NULL),
(467, 'https://upload.wikimedia.org/wikipedia/en/b/b2/D3_Box_Art.jpg', 'Descent 3', 'Jun-14-2000', 336, 272, NULL),
(469, 'https://upload.wikimedia.org/wikipedia/en/2/26/The_Curse_of_Monkey_Island_artwork.jpg', 'The Curse of Monkey Island', 'Oct-31-1997', 278, 113, NULL),
(470, 'https://upload.wikimedia.org/wikipedia/en/8/8d/Dark_Souls_Cover_Art.jpg', 'Dark Souls: Artorias of the Abyss', 'Oct-23-2012', 174, 239, NULL),
(471, 'https://upload.wikimedia.org/wikipedia/en/e/ed/MGS_HD_NA_Boxart_X360.jpg', 'Metal Gear Solid HD Collection', 'Nov-8-2011', 552, 108, NULL),
(472, 'https://upload.wikimedia.org/wikipedia/en/6/69/Battlefield_3_Game_Cover.jpg', 'Battlefield 3', 'Oct-25-2011', 613, 62, NULL),
(473, 'https://upload.wikimedia.org/wikipedia/en/0/0c/Dead_Space_2_Box_Art.jpg', 'Dead Space 2', 'Jan-25-2011', 511, 62, NULL),
(474, 'https://upload.wikimedia.org/wikipedia/en/2/27/Battlefield_1942_Box_Art.jpg', 'Battlefield 1942', 'Sep-10-2002', 138, 241, NULL),
(475, 'https://upload.wikimedia.org/wikipedia/en/thumb/0/0c/Einhander.JPG/250px-Einhander.JPG', 'Einhander', 'May-5-1998', 554, 273, NULL),
(477, 'https://upload.wikimedia.org/wikipedia/en/3/38/RiddickButcherBay.jpg', 'The Chronicles of Riddick: Escape From Butcher Bay', 'Jun-1-2004', 441, 274, NULL),
(480, 'https://upload.wikimedia.org/wikipedia/en/thumb/9/90/NoMercyGameBox.jpg/330px-NoMercyGameBox.jpg', 'WWF No Mercy', 'Nov-17-2000', 614, 199, NULL),
(481, 'https://upload.wikimedia.org/wikipedia/en/0/06/Gran_Turismo_4.jpg', 'Gran Turismo 4', 'Feb-22-2005', 363, 173, NULL),
(482, 'https://upload.wikimedia.org/wikipedia/en/c/ce/Dragon_Age_Inquisition_BoxArt.jpg', 'Dragon Age: Inquisition', 'Nov-18-2014', 63, 62, NULL),
(483, 'https://upload.wikimedia.org/wikipedia/en/0/0f/The_Beatles_Rock_Band_box_art.jpg', 'The Beatles: Rock Band', 'Sep-9-2009', 566, 126, NULL),
(484, 'https://upload.wikimedia.org/wikipedia/en/e/e4/Aw2box.jpg', 'Advance Wars 2: Black Hole Rising', 'Jun-24-2003', 233, 134, NULL),
(485, 'https://upload.wikimedia.org/wikipedia/en/7/7a/Dirt_2_box_art.jpg', 'DiRT 2', 'Dec-8-2009', 107, 45, NULL),
(486, 'https://upload.wikimedia.org/wikipedia/en/7/7e/Lumines.jpg', 'Lumines', 'Mar-22-2005', 368, 241, NULL),
(488, 'https://upload.wikimedia.org/wikipedia/en/9/92/Ratchet_&_Clank_Future_Tools_of_Destruction_North_American_cover.png', 'Ratchet & Clank Future: Tools of Destruction', 'Oct-23-2007', 232, 173, NULL),
(490, 'https://upload.wikimedia.org/wikipedia/en/1/1e/Scda_boxart.jpg', 'Tom Clancy''s Splinter Cell Double Agent', 'Oct-24-2006', 559, 206, NULL),
(491, 'https://upload.wikimedia.org/wikipedia/en/d/db/NewSuperMarioBrothers.jpg', 'New Super Mario Bros.', 'May-15-2006', 540, 134, NULL),
(492, 'https://upload.wikimedia.org/wikipedia/en/9/95/Silent_Hill_2.jpg', 'Silent Hill 2', 'Sep-24-2001', 569, 108, NULL),
(493, 'https://upload.wikimedia.org/wikipedia/en/8/86/Metal_Gear_Solid_Peace_Walker_Cover_Art.jpg', 'Metal Gear Solid: Peace Walker', 'Jun-8-2010', 552, 108, NULL),
(494, 'https://upload.wikimedia.org/wikipedia/en/c/c0/Virtua_Fighter_5_Box_Art.jpg', 'Virtua Fighter 5 Online', 'Oct-30-2007', 408, 165, NULL);            
INSERT INTO PUBLIC.GAME(ID, IMAGE_URL, NAME, RELEASE_DATE, DEVELOPER_ID, PUBLISHER_ID, PURCHASE_WEBSITE_ID) VALUES
(495, 'https://upload.wikimedia.org/wikipedia/en/8/84/Warioware1box.jpg', 'WarioWare Inc.: Mega Microgame$!', 'May-21-2003', 545, 228, NULL),
(496, 'https://upload.wikimedia.org/wikipedia/en/3/3b/Civilization_VI_cover_art.jpg', 'Sid Meier''s Civilization VI', 'Oct-21-2016', 165, 2, NULL),
(499, 'N/A', 'Grandia', 'Sep-30-1999', 545, 228, NULL),
(500, 'https://upload.wikimedia.org/wikipedia/en/thumb/5/50/Colors!_3D_logo.png/375px-Colors!_3D_logo.png', 'Colors! 3D', 'Apr-5-2012', 615, 241, NULL);          
CREATE CACHED TABLE PUBLIC.GAME_GENRE(
    GAME_ID INTEGER NOT NULL,
    GENRE_ID INTEGER NOT NULL
);          
-- 545 +/- SELECT COUNT(*) FROM PUBLIC.GAME_GENRE;             
INSERT INTO PUBLIC.GAME_GENRE(GAME_ID, GENRE_ID) VALUES
(1, 1),
(1, 1),
(2, 2),
(2, 2),
(3, 1),
(3, 3),
(3, 3),
(6, 5),
(6, 5),
(7, 5),
(8, 1),
(8, 3),
(12, 6),
(12, 6),
(13, 7),
(13, 7),
(13, 8),
(13, 8),
(15, 9),
(15, 9),
(15, 1),
(16, 1),
(16, 3),
(17, 7),
(18, 6),
(19, 7),
(21, 7),
(23, 3),
(23, 1),
(23, 10),
(23, 10),
(24, 11),
(24, 11),
(25, 7),
(25, 12),
(25, 12),
(25, 13),
(25, 13),
(27, 1),
(29, 14),
(29, 14),
(29, 3),
(30, 1),
(31, 14),
(34, 1),
(37, 1),
(37, 8),
(39, 15),
(39, 15),
(40, 1),
(41, 1),
(42, 12),
(43, 1),
(44, 1),
(45, 17),
(45, 17),
(46, 7),
(47, 1),
(48, 1),
(49, 1),
(49, 11),
(51, 6),
(53, 1),
(53, 11),
(57, 1),
(57, 8),
(59, 12),
(60, 7),
(61, 15),
(62, 7),
(63, 6),
(64, 1),
(64, 19),
(64, 19),
(65, 7),
(65, 7),
(66, 6),
(66, 20),
(66, 20),
(70, 1),
(71, 15),
(75, 6),
(76, 3),
(77, 14),
(78, 21),
(78, 21),
(82, 7),
(83, 1),
(83, 19),
(86, 10),
(87, 10),
(87, 22),
(87, 22),
(87, 6),
(88, 1),
(88, 8),
(89, 23),
(89, 23),
(90, 8),
(91, 17),
(93, 1),
(93, 8),
(95, 1),
(95, 8),
(96, 6),
(98, 15),
(99, 21),
(103, 14),
(106, 24),
(106, 24),
(107, 17),
(108, 8),
(109, 1),
(110, 25),
(110, 25),
(110, 26),
(110, 26),
(113, 7),
(116, 1),
(116, 19),
(118, 24),
(119, 27),
(119, 27),
(121, 28),
(121, 28),
(121, 29),
(121, 29),
(122, 15),
(122, 30),
(122, 30),
(123, 17),
(124, 1),
(124, 8),
(126, 7),
(127, 24),
(128, 1),
(130, 14),
(131, 3),
(134, 6),
(135, 14),
(135, 3),
(137, 15),
(138, 1),
(139, 17),
(140, 31),
(140, 31),
(141, 22),
(141, 10),
(141, 32),
(141, 32),
(142, 17),
(143, 6),
(144, 14),
(149, 15),
(150, 17),
(152, 1),
(153, 34),
(153, 34),
(156, 6),
(157, 6),
(161, 1),
(161, 35),
(161, 35),
(161, 19),
(163, 1),
(163, 19),
(165, 17),
(166, 36),
(166, 36),
(167, 31),
(167, 37),
(167, 37),
(169, 3),
(169, 1),
(169, 10),
(170, 37),
(172, 14),
(173, 1),
(173, 38),
(173, 38),
(173, 39),
(173, 39),
(173, 1),
(174, 24),
(176, 40),
(176, 40),
(177, 5),
(177, 1),
(178, 41),
(178, 41),
(179, 37),
(180, 17),
(184, 42),
(184, 42),
(185, 14),
(186, 7),
(187, 7),
(187, 14),
(187, 11),
(188, 8),
(189, 15),
(192, 5),
(193, 43),
(193, 43),
(195, 15),
(197, 41),
(197, 21),
(198, 17),
(199, 1),
(200, 1),
(203, 2),
(204, 8),
(205, 44),
(205, 44),
(206, 24),
(207, 15),
(210, 7),
(211, 21),
(212, 17),
(213, 21),
(216, 15),
(218, 15),
(220, 14),
(221, 22),
(221, 5),
(223, 37),
(225, 1),
(226, 10),
(227, 1),
(228, 14),
(230, 1),
(231, 15),
(232, 10),
(233, 6),
(234, 6),
(238, 14),
(239, 1),
(239, 8),
(240, 6),
(241, 7),
(242, 41),
(243, 35),
(243, 28),
(244, 31),
(244, 37),
(245, 45),
(245, 45),
(247, 9),
(247, 1),
(248, 46),
(248, 46),
(248, 46),
(250, 20),
(251, 15),
(252, 22),
(256, 10),
(258, 6),
(259, 48),
(259, 48),
(263, 11),
(263, 3),
(264, 6),
(265, 17),
(266, 1),
(267, 1),
(267, 8),
(268, 49),
(268, 49),
(270, 1),
(272, 11),
(273, 1),
(274, 12),
(276, 7),
(276, 14),
(279, 6),
(279, 6),
(279, 6),
(279, 6),
(279, 6),
(279, 6),
(279, 6),
(279, 6),
(279, 6),
(279, 6),
(279, 6),
(279, 6),
(279, 6),
(279, 6),
(279, 6),
(279, 6),
(279, 6),
(279, 6),
(279, 6),
(279, 20),
(279, 20),
(280, 7),
(281, 1),
(281, 19),
(282, 19),
(282, 1),
(284, 45),
(285, 6),
(285, 50),
(285, 50),
(288, 6),
(291, 51),
(291, 51),
(293, 7),
(295, 7),
(296, 21),
(297, 14),
(297, 3),
(298, 7),
(298, 8),
(299, 17),
(301, 7),
(302, 1),
(302, 19),
(302, 1),
(302, 19),
(302, 1),
(302, 19),
(309, 15),
(310, 3),
(311, 7),
(312, 15),
(314, 14),
(315, 7),
(315, 8),
(317, 1),
(318, 15),
(319, 15),
(321, 22),
(321, 8),
(322, 6),
(323, 1),
(325, 14),
(326, 7),
(326, 1),
(329, 17),
(333, 10),
(335, 17),
(336, 6),
(337, 40),
(338, 45),
(341, 1),
(342, 22),
(342, 19),
(343, 14),
(343, 19),
(347, 52),
(347, 52),
(348, 6),
(350, 15),
(351, 22),
(351, 10),
(352, 6),
(354, 10),
(354, 53),
(354, 53),
(355, 3),
(355, 8),
(356, 15),
(357, 10),
(357, 17),
(358, 1),
(360, 1),
(363, 6),
(364, 6),
(367, 1),
(370, 1),
(373, 31),
(373, 54),
(373, 54),
(374, 36),
(375, 42),
(377, 6),
(377, 50),
(379, 22),
(379, 55),
(379, 55),
(380, 12),
(381, 56),
(381, 56),
(381, 12),
(382, 17),
(385, 6),
(385, 6),
(385, 6),
(385, 6),
(385, 6),
(385, 6),
(385, 6),
(385, 6),
(385, 6),
(385, 6);        
INSERT INTO PUBLIC.GAME_GENRE(GAME_ID, GENRE_ID) VALUES
(385, 6),
(385, 6),
(385, 6),
(385, 6),
(385, 6),
(385, 6),
(385, 6),
(385, 6),
(385, 6),
(385, 20),
(385, 20),
(386, 7),
(387, 14),
(387, 7),
(387, 8),
(388, 57),
(388, 57),
(389, 58),
(389, 58),
(391, 7),
(395, 15),
(395, 30),
(396, 6),
(397, 22),
(397, 12),
(401, 59),
(401, 59),
(402, 7),
(402, 11),
(404, 7),
(404, 11),
(405, 14),
(407, 14),
(409, 6),
(410, 6),
(411, 46),
(412, 60),
(412, 60),
(412, 34),
(413, 11),
(416, 17),
(418, 14),
(419, 6),
(420, 17),
(421, 1),
(422, 1),
(423, 61),
(423, 61),
(423, 62),
(423, 62),
(425, 42),
(425, 63),
(425, 63),
(427, 64),
(427, 64),
(427, 65),
(427, 65),
(430, 14),
(432, 45),
(434, 6),
(435, 31),
(435, 37),
(436, 66),
(436, 66),
(437, 3),
(441, 6),
(444, 7),
(445, 41),
(445, 24),
(447, 6),
(448, 14),
(448, 7),
(448, 8),
(449, 14),
(451, 1),
(451, 67),
(451, 67),
(452, 46),
(453, 7),
(454, 1),
(456, 7),
(460, 42),
(460, 44),
(462, 24),
(463, 15),
(463, 30),
(464, 17),
(465, 6),
(466, 46),
(467, 7),
(467, 56),
(469, 23),
(470, 14),
(471, 1),
(471, 8),
(472, 7),
(473, 3),
(473, 11),
(474, 7),
(475, 68),
(475, 68),
(477, 7),
(477, 1),
(477, 8),
(480, 6),
(481, 69),
(481, 69),
(481, 17),
(481, 17),
(482, 14),
(483, 37),
(484, 42),
(485, 17),
(486, 12),
(490, 8),
(491, 5),
(492, 11),
(493, 1),
(493, 8),
(496, 21),
(500, 70),
(500, 70),
(42, 10),
(42, 10),
(102, 10),
(105, 10),
(117, 10),
(200, 10),
(243, 10),
(262, 10),
(269, 10),
(286, 10),
(360, 10),
(362, 10),
(378, 10),
(388, 10),
(451, 10),
(488, 10),
(54, 12),
(54, 12),
(390, 12),
(144, 57),
(144, 57),
(314, 57),
(325, 57),
(429, 57),
(449, 57),
(252, 19),
(252, 19);    
CREATE CACHED TABLE PUBLIC.GAME_PURCHASE_WEBSITE(
    GAME_ID INTEGER NOT NULL,
    PURCHASE_WEBSITE_ID INTEGER NOT NULL
);    
-- 914 +/- SELECT COUNT(*) FROM PUBLIC.GAME_PURCHASE_WEBSITE;  
INSERT INTO PUBLIC.GAME_PURCHASE_WEBSITE(GAME_ID, PURCHASE_WEBSITE_ID) VALUES
(3, 1),
(3, 8),
(3, 8),
(3, 9),
(3, 9),
(3, 3),
(3, 9),
(3, 1),
(3, 1),
(3, 2),
(51, 7),
(51, 14),
(66, 7),
(66, 12),
(66, 7),
(66, 7),
(119, 8),
(119, 1),
(123, 7),
(123, 7),
(123, 7),
(135, 1),
(135, 4),
(135, 1),
(141, 6),
(141, 30),
(141, 30),
(157, 5),
(157, 8),
(214, 2),
(214, 4),
(214, 1),
(214, 3),
(214, 4),
(214, 3),
(214, 4),
(214, 9),
(232, 26),
(232, 4),
(232, 9),
(232, 23),
(232, 6),
(232, 16),
(232, 9),
(263, 1),
(263, 1),
(263, 1),
(263, 26),
(263, 8),
(263, 5),
(263, 5),
(263, 7),
(266, 1),
(266, 8),
(266, 1),
(266, 7),
(266, 23),
(266, 7),
(266, 3),
(266, 14),
(272, 4),
(272, 7),
(272, 7),
(272, 14),
(272, 7),
(272, 7),
(272, 7),
(272, 7),
(308, 38),
(308, 38),
(308, 39),
(308, 39),
(308, 40),
(308, 40),
(308, 41),
(308, 41),
(308, 41),
(308, 42),
(308, 42),
(308, 42),
(337, 33),
(337, 12),
(337, 6),
(351, 4),
(351, 2),
(351, 2),
(351, 23),
(410, 7),
(410, 14),
(410, 19),
(1, 2),
(1, 3),
(1, 1),
(1, 5),
(1, 4),
(1, 7),
(1, 19),
(1, 7),
(2, 7),
(2, 12),
(2, 7),
(6, 3),
(6, 1),
(6, 4),
(6, 5),
(6, 4),
(6, 5),
(6, 7),
(7, 1),
(7, 3),
(7, 4),
(7, 10),
(8, 2),
(8, 2),
(8, 1),
(8, 4),
(8, 10),
(12, 11),
(12, 12),
(12, 19),
(12, 5),
(12, 12),
(12, 7),
(12, 7),
(12, 19),
(16, 2),
(16, 7),
(16, 14),
(16, 7),
(16, 19),
(16, 7),
(16, 4),
(23, 4),
(23, 14),
(23, 7),
(23, 4),
(24, 8),
(24, 8),
(24, 2),
(24, 1),
(24, 1),
(24, 4),
(27, 1),
(27, 2),
(30, 1),
(30, 2),
(30, 1),
(30, 9),
(30, 12),
(30, 7),
(30, 14),
(30, 7),
(34, 1),
(34, 2),
(34, 10),
(34, 45),
(34, 4),
(34, 7),
(34, 7),
(38, 5),
(38, 7),
(38, 7),
(38, 16),
(39, 7),
(39, 17),
(39, 7),
(39, 7),
(40, 2),
(40, 8),
(40, 4),
(41, 4),
(41, 2),
(41, 4),
(41, 7),
(41, 18),
(41, 7),
(41, 5),
(43, 19),
(43, 19),
(43, 12),
(43, 1),
(43, 5),
(43, 7),
(43, 7),
(43, 13),
(45, 7),
(45, 7),
(45, 7),
(45, 19),
(45, 7),
(45, 16),
(46, 8),
(46, 8),
(46, 9),
(46, 8),
(46, 9),
(46, 1),
(46, 18),
(47, 5),
(47, 19),
(47, 19),
(47, 7),
(47, 19),
(47, 7),
(47, 7),
(47, 47),
(48, 2),
(48, 2),
(48, 1),
(48, 19),
(48, 5),
(48, 19),
(48, 10),
(49, 1),
(53, 1),
(53, 9),
(53, 4),
(53, 14),
(53, 46),
(53, 46),
(57, 2),
(57, 8),
(57, 4),
(57, 2),
(57, 1),
(57, 10),
(57, 26),
(61, 1),
(61, 7),
(61, 7),
(62, 1),
(62, 1),
(62, 21),
(62, 9),
(62, 7),
(62, 7),
(63, 1),
(63, 12),
(63, 7),
(65, 1),
(65, 1),
(65, 9),
(65, 13),
(65, 23),
(65, 13),
(65, 13),
(70, 1),
(70, 2),
(70, 3),
(70, 24),
(70, 25),
(70, 13),
(83, 7),
(83, 5),
(87, 7),
(87, 5),
(87, 7),
(87, 7),
(88, 8),
(88, 2),
(88, 8),
(88, 2),
(88, 1),
(89, 7),
(89, 7),
(89, 7),
(90, 26),
(90, 23),
(90, 7),
(90, 13),
(90, 7),
(90, 7),
(90, 16),
(98, 5),
(98, 7),
(99, 27),
(99, 2),
(99, 9),
(99, 2),
(99, 2),
(99, 9),
(99, 23),
(99, 9),
(101, 7),
(101, 7),
(101, 16),
(101, 4),
(102, 5),
(102, 7),
(105, 3),
(105, 14),
(107, 5),
(107, 16),
(107, 7),
(107, 12),
(108, 7),
(108, 7),
(108, 7),
(108, 12),
(108, 16),
(108, 11),
(108, 16),
(116, 4),
(116, 7),
(117, 2),
(117, 1),
(117, 13),
(117, 1),
(117, 4),
(117, 4),
(117, 4),
(118, 10),
(118, 9),
(118, 10),
(118, 4),
(118, 7),
(118, 7),
(118, 4),
(118, 14),
(124, 1),
(124, 10),
(124, 1),
(124, 26),
(124, 2),
(124, 26),
(124, 13),
(131, 5),
(131, 14),
(132, 8),
(132, 7),
(133, 7),
(133, 7),
(133, 12),
(137, 5),
(137, 12),
(146, 4),
(146, 7),
(146, 7),
(146, 7),
(146, 7),
(146, 7),
(146, 7),
(146, 16),
(150, 31),
(150, 19),
(150, 16),
(152, 3),
(152, 1),
(152, 3),
(152, 3),
(152, 10),
(152, 1),
(152, 1),
(152, 4),
(156, 12),
(156, 7),
(156, 7),
(156, 7),
(163, 1),
(163, 1),
(163, 1),
(163, 9),
(163, 7),
(163, 4),
(163, 7),
(167, 10),
(167, 1),
(167, 7),
(167, 1),
(167, 16),
(167, 13),
(167, 4),
(167, 7),
(169, 1),
(169, 4),
(169, 14),
(169, 19),
(169, 7),
(169, 7),
(169, 18),
(169, 12),
(170, 2),
(170, 8),
(170, 3),
(170, 1),
(170, 2),
(170, 8),
(170, 1),
(173, 7),
(173, 12),
(174, 7),
(174, 7),
(174, 7),
(174, 20),
(176, 1),
(176, 2),
(176, 2),
(176, 4),
(178, 7),
(178, 7),
(178, 11),
(178, 7),
(179, 32),
(179, 32),
(187, 7),
(188, 26),
(188, 23),
(188, 7),
(188, 13),
(188, 7),
(188, 7),
(188, 16),
(189, 1),
(189, 7),
(189, 7);        
INSERT INTO PUBLIC.GAME_PURCHASE_WEBSITE(GAME_ID, PURCHASE_WEBSITE_ID) VALUES
(189, 5),
(189, 22),
(189, 46),
(194, 5),
(194, 7),
(194, 7),
(194, 13),
(198, 8),
(198, 1),
(198, 8),
(198, 4),
(198, 2),
(198, 4),
(198, 5),
(198, 1),
(199, 3),
(199, 1),
(199, 1),
(199, 1),
(200, 5),
(200, 46),
(203, 1),
(203, 2),
(203, 2),
(203, 10),
(203, 4),
(203, 1),
(206, 7),
(206, 7),
(209, 1),
(209, 5),
(209, 10),
(209, 7),
(209, 7),
(209, 13),
(209, 7),
(221, 5),
(221, 19),
(221, 19),
(221, 7),
(221, 7),
(221, 19),
(223, 5),
(223, 7),
(223, 5),
(225, 13),
(225, 14),
(225, 7),
(225, 4),
(225, 18),
(225, 7),
(225, 7),
(227, 5),
(227, 7),
(227, 12),
(227, 7),
(227, 7),
(227, 5),
(227, 16),
(228, 8),
(228, 23),
(228, 9),
(228, 7),
(229, 7),
(231, 5),
(231, 7),
(231, 7),
(231, 7),
(231, 7),
(231, 7),
(233, 13),
(233, 7),
(233, 19),
(233, 7),
(238, 8),
(238, 1),
(238, 2),
(238, 1),
(238, 3),
(244, 2),
(244, 1),
(244, 3),
(244, 50),
(244, 50),
(244, 10),
(244, 2),
(245, 12),
(245, 7),
(245, 7),
(245, 12),
(247, 19),
(247, 5),
(247, 7),
(247, 16),
(247, 7),
(247, 20),
(250, 22),
(250, 7),
(250, 7),
(250, 7),
(250, 12),
(250, 22),
(256, 12),
(256, 7),
(256, 7),
(256, 7),
(256, 7),
(256, 7),
(257, 23),
(257, 23),
(257, 23),
(257, 13),
(257, 5),
(257, 12),
(258, 3),
(258, 2),
(258, 1),
(258, 36),
(258, 4),
(258, 1),
(258, 4),
(262, 5),
(262, 7),
(262, 11),
(262, 13),
(264, 14),
(264, 5),
(267, 4),
(267, 7),
(267, 7),
(269, 5),
(269, 5),
(269, 12),
(269, 7),
(273, 13),
(273, 5),
(273, 16),
(275, 7),
(275, 7),
(275, 7),
(275, 7),
(275, 12),
(275, 7),
(281, 4),
(281, 7),
(281, 5),
(281, 7),
(282, 4),
(282, 14),
(282, 18),
(282, 7),
(282, 7),
(282, 13),
(282, 7),
(284, 7),
(284, 4),
(284, 7),
(284, 7),
(285, 1),
(285, 5),
(286, 5),
(286, 19),
(286, 7),
(286, 12),
(286, 7),
(286, 7),
(286, 7),
(288, 7),
(288, 7),
(288, 16),
(288, 13),
(288, 11),
(288, 11),
(293, 23),
(293, 7),
(293, 7),
(293, 7),
(293, 7),
(293, 7),
(295, 14),
(295, 1),
(295, 7),
(299, 4),
(299, 5),
(299, 7),
(299, 16),
(299, 7),
(299, 7),
(299, 12),
(302, 3),
(302, 3),
(302, 9),
(302, 5),
(302, 4),
(302, 13),
(302, 4),
(302, 7),
(317, 26),
(317, 5),
(317, 23),
(317, 26),
(317, 5),
(317, 23),
(317, 7),
(317, 7),
(318, 2),
(318, 4),
(318, 13),
(318, 5),
(318, 7),
(318, 1),
(318, 14),
(318, 7),
(322, 7),
(322, 12),
(322, 16),
(323, 51),
(323, 51),
(323, 13),
(323, 13),
(323, 7),
(323, 4),
(323, 52),
(323, 52),
(323, 7),
(325, 5),
(325, 12),
(325, 19),
(325, 7),
(325, 7),
(325, 7),
(328, 43),
(328, 43),
(328, 43),
(328, 53),
(328, 53),
(328, 53),
(329, 2),
(329, 1),
(329, 4),
(329, 4),
(329, 5),
(329, 2),
(329, 7),
(329, 7),
(332, 19),
(332, 19),
(332, 19),
(332, 5),
(332, 12),
(332, 45),
(332, 7),
(332, 5),
(335, 22),
(335, 10),
(335, 14),
(335, 11),
(335, 7),
(335, 7),
(335, 7),
(338, 4),
(338, 7),
(338, 7),
(338, 7),
(338, 46),
(341, 5),
(341, 5),
(341, 7),
(341, 19),
(343, 8),
(343, 13),
(343, 13),
(343, 4),
(343, 14),
(343, 10),
(343, 7),
(347, 8),
(347, 1),
(347, 10),
(347, 10),
(347, 1),
(347, 4),
(347, 13),
(348, 2),
(348, 13),
(348, 5),
(348, 4),
(348, 4),
(348, 13),
(348, 4),
(348, 14),
(352, 7),
(352, 9),
(352, 5),
(352, 4),
(352, 34),
(352, 7),
(352, 7),
(352, 12),
(353, 5),
(353, 19),
(353, 7),
(355, 10),
(355, 4),
(355, 4),
(355, 1),
(355, 4),
(355, 14),
(355, 13),
(355, 13),
(356, 5),
(356, 13),
(356, 7),
(356, 7),
(356, 7),
(356, 7),
(356, 7),
(362, 5),
(362, 7),
(363, 5),
(363, 16),
(364, 7),
(364, 16),
(364, 12),
(364, 7),
(364, 7),
(364, 7),
(364, 7),
(367, 1),
(367, 2),
(367, 10),
(367, 13),
(367, 4),
(367, 13),
(367, 16),
(370, 19),
(370, 4),
(370, 7),
(370, 7),
(371, 7),
(371, 22),
(371, 7),
(371, 7),
(375, 5),
(375, 12),
(375, 7),
(375, 7),
(375, 7),
(375, 7),
(378, 13),
(378, 19),
(378, 7),
(378, 7),
(378, 16),
(378, 7),
(378, 12),
(382, 4),
(382, 7),
(382, 5),
(387, 1),
(387, 2),
(387, 2),
(387, 2),
(387, 26),
(387, 7),
(387, 1),
(387, 7),
(388, 5),
(388, 7),
(388, 19),
(388, 7),
(389, 5),
(389, 7),
(394, 7),
(394, 16),
(405, 2),
(405, 1),
(405, 1),
(405, 2),
(405, 1),
(405, 4),
(411, 7),
(411, 7),
(411, 34),
(411, 7),
(415, 3),
(415, 2),
(415, 2),
(415, 1),
(415, 10);       
INSERT INTO PUBLIC.GAME_PURCHASE_WEBSITE(GAME_ID, PURCHASE_WEBSITE_ID) VALUES
(415, 23),
(422, 2),
(422, 5),
(432, 7),
(432, 4),
(432, 1),
(432, 12),
(432, 7),
(432, 11),
(434, 7),
(434, 7),
(434, 7),
(434, 7),
(434, 7),
(434, 7),
(434, 7),
(435, 5),
(435, 16),
(435, 16),
(435, 7),
(435, 14),
(435, 7),
(444, 8),
(444, 8),
(444, 3),
(445, 13),
(445, 7),
(447, 5),
(447, 5),
(447, 5),
(447, 13),
(447, 7),
(447, 19),
(447, 7),
(447, 7),
(449, 4),
(449, 47),
(449, 13),
(451, 5),
(451, 5),
(460, 4),
(460, 2),
(460, 48),
(460, 54),
(460, 54),
(460, 18),
(460, 7),
(460, 7),
(462, 23),
(462, 49),
(462, 7),
(462, 7),
(462, 7),
(462, 26),
(463, 5),
(463, 4),
(464, 5),
(464, 12),
(466, 34),
(466, 12),
(466, 34),
(471, 7),
(471, 13),
(471, 12),
(474, 7),
(474, 7),
(474, 7),
(474, 7),
(477, 4),
(477, 7),
(477, 10),
(477, 7),
(477, 16),
(477, 7),
(481, 1),
(481, 4),
(481, 5),
(481, 1),
(483, 7),
(483, 1),
(483, 1),
(488, 10),
(488, 4),
(488, 7),
(488, 18),
(490, 1),
(490, 26),
(490, 23),
(490, 7),
(490, 7),
(490, 16),
(490, 12),
(490, 9),
(491, 2),
(491, 3),
(491, 10),
(491, 3),
(491, 3),
(491, 2),
(491, 1),
(491, 2),
(496, 1),
(496, 2),
(496, 3),
(496, 1),
(496, 9),
(496, 9),
(496, 2),
(496, 2);               
CREATE CACHED TABLE PUBLIC.GAME_SCORE_WEBSITE(
    GAME_ID INTEGER NOT NULL SELECTIVITY 9,
    SCORE_WEBSITE_ID INTEGER NOT NULL SELECTIVITY 9
);              
-- 2178 +/- SELECT COUNT(*) FROM PUBLIC.GAME_SCORE_WEBSITE;    
INSERT INTO PUBLIC.GAME_SCORE_WEBSITE(GAME_ID, SCORE_WEBSITE_ID) VALUES
(1, 1),
(1, 2),
(1, 3),
(1, 4),
(1, 5),
(1, 6),
(1, 7),
(1, 8),
(1, 9),
(1, 10),
(1, 11),
(3, 12),
(3, 13),
(3, 2),
(3, 14),
(3, 15),
(3, 7),
(3, 16),
(3, 9),
(3, 12),
(3, 13),
(3, 14),
(3, 7),
(3, 17),
(3, 9),
(3, 18),
(4, 12),
(4, 1),
(4, 3),
(4, 14),
(4, 4),
(4, 19),
(4, 15),
(4, 5),
(4, 7),
(4, 9),
(6, 12),
(6, 13),
(6, 2),
(6, 14),
(6, 4),
(6, 15),
(6, 5),
(6, 6),
(6, 7),
(6, 17),
(6, 16),
(6, 20),
(6, 9),
(6, 21),
(6, 22),
(7, 12),
(7, 2),
(7, 4),
(7, 15),
(7, 5),
(7, 7),
(7, 17),
(7, 16),
(7, 8),
(7, 9),
(7, 21),
(7, 23),
(8, 2),
(8, 14),
(8, 15),
(8, 7),
(8, 16),
(8, 9),
(8, 24),
(8, 22),
(8, 25),
(8, 15),
(8, 7),
(8, 9),
(8, 26),
(8, 18),
(13, 2),
(13, 5),
(13, 6),
(13, 7),
(13, 9),
(13, 27),
(13, 10),
(13, 28),
(13, 29),
(15, 2),
(15, 3),
(15, 4),
(15, 15),
(15, 7),
(15, 17),
(15, 9),
(15, 10),
(16, 12),
(16, 1),
(16, 2),
(16, 14),
(16, 15),
(16, 5),
(16, 6),
(16, 7),
(16, 17),
(16, 9),
(16, 15),
(16, 7),
(16, 17),
(16, 9),
(16, 26),
(16, 23),
(16, 30),
(16, 14),
(16, 7),
(16, 9),
(16, 31),
(17, 2),
(17, 14),
(17, 15),
(17, 7),
(17, 17),
(17, 9),
(19, 1),
(19, 2),
(19, 14),
(19, 5),
(19, 7),
(19, 17),
(19, 16),
(19, 9),
(19, 32),
(19, 26),
(19, 18),
(19, 33),
(19, 34),
(21, 12),
(21, 1),
(21, 2),
(21, 3),
(21, 14),
(21, 15),
(21, 7),
(21, 8),
(21, 9),
(21, 35),
(21, 36),
(21, 37),
(23, 12),
(23, 13),
(23, 2),
(23, 14),
(23, 4),
(23, 38),
(23, 15),
(23, 5),
(23, 7),
(23, 17),
(23, 16),
(23, 8),
(23, 9),
(23, 39),
(23, 40),
(23, 41),
(23, 42),
(23, 43),
(23, 44),
(27, 12),
(27, 3),
(27, 14),
(27, 15),
(27, 5),
(27, 7),
(27, 9),
(27, 24),
(27, 40),
(27, 35),
(27, 23),
(28, 1),
(28, 13),
(28, 2),
(28, 3),
(28, 4),
(28, 15),
(28, 5),
(28, 6),
(28, 45),
(28, 7),
(28, 9),
(28, 39),
(28, 46),
(29, 12),
(29, 2),
(29, 14),
(29, 4),
(29, 15),
(29, 5),
(29, 6),
(29, 7),
(29, 17),
(29, 8),
(29, 9),
(29, 29),
(29, 11),
(31, 1),
(31, 4),
(31, 15),
(31, 7),
(31, 8),
(34, 1),
(34, 4),
(34, 15),
(34, 7),
(34, 9),
(34, 10),
(37, 1),
(37, 13),
(37, 2),
(37, 3),
(37, 4),
(37, 15),
(37, 5),
(37, 6),
(37, 45),
(37, 7),
(37, 17),
(37, 16),
(37, 20),
(37, 9),
(37, 39),
(37, 40),
(37, 47),
(37, 48),
(37, 49),
(37, 50),
(37, 51),
(37, 52),
(37, 53),
(37, 54),
(37, 28),
(39, 1),
(39, 55),
(39, 14),
(39, 5),
(39, 7),
(39, 17),
(39, 20),
(39, 9),
(39, 37),
(39, 56),
(39, 57),
(39, 11),
(41, 1),
(41, 2),
(41, 14),
(41, 15),
(41, 6),
(41, 7),
(41, 17),
(41, 9),
(41, 14),
(41, 7),
(41, 17),
(41, 9),
(41, 30),
(41, 9),
(41, 58),
(41, 59),
(41, 31),
(41, 60),
(41, 61),
(44, 12),
(44, 2),
(44, 14),
(44, 15),
(44, 5),
(44, 7),
(44, 17),
(44, 8),
(44, 9),
(45, 1),
(45, 2),
(45, 3),
(45, 14),
(45, 4),
(45, 15),
(45, 5),
(45, 6),
(45, 7),
(45, 17),
(45, 20),
(45, 9),
(45, 39),
(45, 33),
(45, 53),
(46, 2),
(46, 3),
(46, 15),
(46, 7),
(46, 17),
(46, 9),
(47, 1),
(47, 3),
(47, 4),
(47, 5),
(47, 7),
(47, 9),
(47, 10),
(48, 2),
(48, 3),
(48, 4),
(48, 15),
(48, 45),
(48, 7),
(48, 20),
(48, 9),
(48, 27),
(48, 10),
(48, 62),
(49, 13),
(49, 2),
(49, 14),
(49, 15),
(49, 7),
(49, 9),
(49, 24),
(49, 40),
(49, 63),
(53, 15),
(53, 7),
(53, 9),
(53, 63),
(53, 18),
(54, 12),
(54, 2),
(54, 14),
(54, 4),
(54, 38),
(54, 15),
(54, 7),
(54, 9),
(54, 26),
(57, 30),
(57, 3),
(57, 14),
(57, 4),
(57, 15),
(57, 6),
(57, 7),
(57, 64),
(57, 65),
(57, 9),
(57, 66),
(57, 26),
(57, 63),
(57, 58),
(57, 67),
(57, 68),
(57, 69),
(57, 70),
(57, 71),
(57, 72),
(60, 2),
(60, 3),
(60, 14),
(60, 15),
(60, 7),
(60, 16),
(60, 9),
(60, 24),
(60, 40),
(60, 35),
(60, 36),
(60, 18),
(61, 4),
(61, 15),
(61, 5),
(61, 7),
(61, 9),
(62, 12),
(62, 1),
(62, 13),
(62, 30),
(62, 4),
(62, 38),
(62, 15),
(62, 5),
(62, 7),
(62, 17),
(62, 16),
(62, 8),
(62, 9),
(62, 24),
(62, 35),
(62, 66),
(62, 36),
(62, 26),
(62, 73),
(62, 23),
(62, 25),
(62, 71),
(62, 69),
(63, 12),
(63, 14),
(63, 7),
(63, 9),
(65, 14),
(65, 15),
(65, 5),
(65, 7),
(65, 17),
(65, 8),
(65, 9),
(65, 35),
(65, 23),
(70, 12),
(70, 1),
(70, 13),
(70, 3),
(70, 14),
(70, 4),
(70, 15),
(70, 7),
(70, 16),
(70, 8),
(70, 65),
(70, 9),
(70, 24),
(70, 10),
(70, 74),
(70, 21),
(70, 75);         
INSERT INTO PUBLIC.GAME_SCORE_WEBSITE(GAME_ID, SCORE_WEBSITE_ID) VALUES
(70, 22),
(70, 18),
(70, 23),
(70, 58),
(70, 43),
(70, 76),
(70, 31),
(70, 69),
(71, 3),
(71, 4),
(71, 5),
(71, 6),
(71, 7),
(71, 9),
(71, 39),
(71, 62),
(71, 54),
(77, 12),
(77, 4),
(77, 7),
(77, 17),
(77, 9),
(77, 35),
(77, 26),
(82, 12),
(82, 2),
(82, 14),
(82, 4),
(82, 15),
(82, 7),
(82, 8),
(82, 9),
(82, 35),
(82, 23),
(85, 12),
(85, 14),
(85, 15),
(85, 7),
(85, 8),
(85, 9),
(85, 22),
(85, 23),
(87, 14),
(87, 4),
(87, 7),
(87, 16),
(87, 9),
(88, 1),
(88, 2),
(88, 3),
(88, 7),
(88, 9),
(88, 47),
(88, 77),
(89, 78),
(89, 1),
(89, 2),
(89, 6),
(89, 7),
(89, 9),
(89, 26),
(89, 37),
(89, 14),
(89, 6),
(89, 7),
(89, 9),
(89, 26),
(93, 2),
(93, 15),
(93, 5),
(93, 7),
(93, 17),
(93, 8),
(93, 9),
(93, 47),
(93, 23),
(93, 14),
(93, 5),
(93, 7),
(93, 17),
(93, 9),
(93, 14),
(93, 7),
(93, 9),
(95, 13),
(95, 2),
(95, 14),
(95, 4),
(95, 15),
(95, 5),
(95, 45),
(95, 7),
(95, 8),
(96, 1),
(96, 3),
(98, 13),
(98, 14),
(98, 15),
(98, 5),
(98, 7),
(98, 17),
(98, 9),
(99, 12),
(99, 13),
(99, 14),
(99, 6),
(99, 7),
(99, 17),
(99, 9),
(102, 1),
(102, 2),
(102, 3),
(102, 4),
(102, 15),
(102, 7),
(102, 9),
(103, 30),
(103, 2),
(103, 15),
(103, 6),
(103, 7),
(103, 16),
(103, 8),
(103, 9),
(103, 39),
(103, 40),
(103, 35),
(103, 26),
(103, 63),
(103, 18),
(103, 79),
(103, 80),
(103, 81),
(103, 71),
(105, 12),
(105, 2),
(105, 14),
(105, 4),
(105, 7),
(105, 8),
(105, 9),
(105, 10),
(105, 21),
(105, 77),
(106, 12),
(106, 14),
(106, 7),
(106, 17),
(106, 16),
(106, 9),
(107, 1),
(107, 2),
(107, 3),
(107, 14),
(107, 4),
(107, 5),
(107, 6),
(107, 7),
(107, 9),
(107, 39),
(109, 12),
(109, 13),
(109, 2),
(109, 14),
(109, 15),
(109, 5),
(109, 7),
(109, 17),
(109, 16),
(109, 65),
(109, 9),
(109, 74),
(109, 21),
(109, 23),
(110, 12),
(110, 14),
(110, 15),
(110, 7),
(110, 9),
(110, 73),
(113, 12),
(113, 55),
(113, 13),
(113, 14),
(113, 15),
(113, 5),
(113, 6),
(113, 7),
(113, 17),
(113, 16),
(113, 9),
(113, 26),
(113, 23),
(116, 12),
(116, 14),
(116, 15),
(116, 7),
(116, 9),
(117, 30),
(117, 2),
(117, 14),
(117, 4),
(117, 15),
(117, 7),
(117, 16),
(117, 9),
(117, 24),
(117, 74),
(117, 82),
(118, 13),
(118, 14),
(118, 15),
(118, 6),
(118, 7),
(118, 17),
(118, 16),
(118, 8),
(118, 65),
(118, 9),
(118, 24),
(118, 18),
(118, 23),
(118, 83),
(118, 84),
(119, 1),
(119, 2),
(119, 3),
(119, 14),
(119, 4),
(119, 19),
(119, 15),
(119, 5),
(119, 6),
(119, 7),
(119, 17),
(119, 9),
(119, 39),
(119, 53),
(119, 85),
(121, 12),
(121, 2),
(121, 14),
(121, 15),
(121, 7),
(121, 17),
(121, 9),
(121, 26),
(122, 12),
(122, 2),
(122, 4),
(122, 5),
(122, 7),
(122, 8),
(122, 20),
(122, 9),
(122, 23),
(122, 86),
(126, 14),
(126, 6),
(126, 7),
(126, 9),
(126, 87),
(126, 88),
(127, 55),
(127, 14),
(127, 5),
(127, 7),
(127, 17),
(127, 9),
(127, 89),
(127, 15),
(127, 7),
(127, 9),
(127, 26),
(128, 12),
(130, 12),
(130, 2),
(130, 3),
(130, 14),
(130, 4),
(130, 15),
(130, 7),
(130, 17),
(130, 9),
(130, 35),
(130, 26),
(131, 12),
(131, 13),
(131, 2),
(131, 14),
(131, 15),
(131, 5),
(131, 6),
(131, 7),
(131, 17),
(131, 8),
(131, 65),
(131, 9),
(131, 35),
(131, 23),
(131, 90),
(131, 71),
(135, 12),
(135, 2),
(135, 14),
(135, 38),
(135, 15),
(135, 7),
(135, 8),
(135, 9),
(135, 66),
(135, 26),
(137, 2),
(137, 3),
(137, 4),
(137, 15),
(137, 7),
(137, 9),
(137, 91),
(138, 12),
(138, 30),
(138, 2),
(138, 3),
(138, 14),
(138, 4),
(138, 15),
(138, 7),
(138, 16),
(138, 8),
(138, 9),
(138, 24),
(138, 10),
(138, 21),
(138, 18),
(139, 3),
(139, 14),
(139, 4),
(139, 15),
(139, 5),
(139, 7),
(139, 17),
(139, 9),
(139, 10),
(140, 2),
(140, 14),
(140, 38),
(140, 15),
(140, 7),
(140, 17),
(140, 9),
(141, 3),
(141, 14),
(141, 4),
(141, 5),
(141, 7),
(141, 17),
(141, 9),
(141, 22),
(143, 1),
(143, 3),
(143, 4),
(143, 19),
(143, 15),
(143, 5),
(143, 7),
(143, 17),
(143, 9),
(143, 33),
(144, 12),
(144, 1),
(144, 13),
(144, 2),
(144, 3),
(144, 14),
(144, 15),
(144, 5),
(144, 6),
(144, 7),
(144, 9),
(144, 39),
(144, 66),
(149, 3),
(149, 14),
(149, 4),
(149, 7),
(149, 9),
(149, 92),
(150, 2),
(150, 7),
(150, 9),
(152, 30),
(152, 3),
(152, 15);             
INSERT INTO PUBLIC.GAME_SCORE_WEBSITE(GAME_ID, SCORE_WEBSITE_ID) VALUES
(152, 6),
(152, 7),
(152, 16),
(152, 64),
(152, 65),
(152, 9),
(152, 63),
(152, 18),
(152, 25),
(153, 12),
(153, 2),
(153, 14),
(153, 15),
(153, 5),
(153, 45),
(153, 7),
(153, 17),
(153, 9),
(153, 36),
(153, 37),
(163, 12),
(163, 14),
(163, 15),
(163, 7),
(163, 8),
(163, 9),
(163, 40),
(163, 23),
(169, 12),
(169, 13),
(169, 30),
(169, 2),
(169, 3),
(169, 14),
(169, 4),
(169, 15),
(169, 5),
(169, 6),
(169, 45),
(169, 7),
(169, 16),
(169, 64),
(169, 8),
(169, 9),
(172, 30),
(172, 2),
(172, 3),
(172, 15),
(172, 6),
(172, 7),
(172, 16),
(172, 9),
(172, 63),
(172, 80),
(172, 69),
(172, 71),
(173, 1),
(173, 14),
(173, 4),
(173, 15),
(173, 7),
(173, 9),
(174, 5),
(174, 7),
(174, 9),
(174, 26),
(177, 1),
(177, 5),
(177, 6),
(177, 7),
(177, 9),
(177, 27),
(177, 10),
(179, 12),
(179, 15),
(179, 7),
(179, 9),
(179, 10),
(179, 35),
(179, 23),
(179, 86),
(180, 12),
(180, 14),
(180, 7),
(180, 17),
(180, 9),
(180, 73),
(182, 12),
(182, 13),
(182, 2),
(182, 14),
(182, 4),
(182, 15),
(182, 5),
(182, 7),
(182, 8),
(182, 65),
(182, 9),
(182, 22),
(182, 18),
(182, 23),
(182, 93),
(184, 1),
(184, 13),
(184, 2),
(184, 14),
(184, 7),
(184, 9),
(184, 10),
(184, 74),
(185, 2),
(185, 3),
(185, 4),
(185, 7),
(185, 9),
(185, 39),
(185, 94),
(186, 12),
(186, 14),
(186, 7),
(186, 17),
(186, 16),
(186, 9),
(186, 26),
(186, 95),
(187, 1),
(187, 13),
(187, 2),
(187, 5),
(187, 6),
(187, 7),
(187, 9),
(187, 26),
(187, 37),
(187, 89),
(189, 12),
(189, 2),
(189, 3),
(189, 14),
(189, 4),
(189, 15),
(189, 7),
(189, 8),
(189, 9),
(189, 40),
(192, 1),
(192, 4),
(192, 15),
(192, 9),
(193, 12),
(193, 15),
(194, 2),
(194, 14),
(194, 4),
(194, 7),
(194, 9),
(194, 21),
(195, 30),
(195, 15),
(195, 7),
(195, 65),
(195, 9),
(195, 26),
(195, 96),
(197, 14),
(197, 15),
(197, 6),
(197, 7),
(197, 17),
(197, 9),
(198, 13),
(198, 30),
(198, 2),
(198, 14),
(198, 38),
(198, 15),
(198, 5),
(198, 7),
(198, 17),
(198, 16),
(198, 8),
(198, 9),
(198, 35),
(198, 73),
(199, 12),
(199, 13),
(199, 2),
(199, 14),
(199, 15),
(199, 7),
(199, 65),
(199, 9),
(199, 23),
(199, 71),
(199, 86),
(200, 12),
(200, 1),
(200, 13),
(200, 2),
(200, 3),
(200, 14),
(200, 4),
(200, 15),
(204, 55),
(204, 5),
(204, 7),
(204, 9),
(204, 32),
(204, 36),
(204, 26),
(204, 37),
(204, 97),
(204, 54),
(205, 12),
(205, 30),
(205, 3),
(205, 14),
(205, 4),
(205, 15),
(205, 7),
(205, 8),
(205, 9),
(205, 63),
(206, 1),
(206, 13),
(206, 2),
(206, 14),
(206, 5),
(206, 6),
(206, 7),
(206, 17),
(206, 9),
(206, 37),
(207, 2),
(207, 14),
(207, 4),
(207, 15),
(207, 5),
(207, 6),
(207, 7),
(207, 17),
(207, 9),
(210, 1),
(210, 55),
(210, 13),
(210, 2),
(210, 14),
(210, 15),
(210, 5),
(210, 6),
(210, 7),
(210, 17),
(210, 9),
(210, 36),
(210, 26),
(210, 89),
(210, 28),
(210, 37),
(210, 98),
(210, 99),
(210, 100),
(210, 101),
(210, 32),
(210, 19),
(210, 102),
(211, 5),
(211, 6),
(211, 9),
(211, 103),
(211, 56),
(212, 1),
(212, 7),
(212, 9),
(216, 12),
(216, 1),
(216, 55),
(216, 13),
(216, 2),
(216, 3),
(216, 4),
(216, 19),
(216, 15),
(216, 5),
(216, 7),
(216, 9),
(216, 39),
(216, 26),
(216, 47),
(216, 89),
(216, 11),
(220, 2),
(220, 14),
(220, 4),
(220, 15),
(220, 5),
(220, 7),
(220, 16),
(220, 64),
(220, 8),
(220, 9),
(220, 24),
(220, 77),
(220, 21),
(220, 75),
(220, 58),
(220, 11),
(220, 104),
(221, 1),
(221, 5),
(221, 6),
(221, 7),
(221, 9),
(221, 27),
(221, 57),
(223, 12),
(223, 13),
(223, 14),
(225, 14),
(225, 15),
(225, 9),
(226, 12),
(226, 14),
(226, 8),
(226, 9),
(226, 24),
(226, 92),
(226, 10),
(227, 14),
(227, 4),
(227, 15),
(227, 5),
(227, 7),
(227, 17),
(227, 9),
(227, 23),
(230, 3),
(230, 14),
(230, 15),
(230, 5),
(230, 7),
(230, 17),
(230, 16),
(230, 20),
(230, 9),
(230, 10),
(230, 74),
(230, 22),
(230, 23),
(231, 12),
(231, 1),
(231, 2),
(231, 3),
(231, 14),
(231, 4),
(231, 19),
(231, 5),
(231, 7),
(231, 9),
(232, 2),
(232, 7),
(232, 16),
(232, 8),
(232, 65),
(232, 9),
(232, 63),
(238, 13),
(238, 2),
(238, 14),
(238, 4),
(238, 15),
(238, 6),
(238, 45),
(238, 7),
(238, 64),
(238, 9),
(238, 24),
(238, 40),
(238, 41),
(238, 22),
(238, 63),
(238, 18);             
INSERT INTO PUBLIC.GAME_SCORE_WEBSITE(GAME_ID, SCORE_WEBSITE_ID) VALUES
(238, 58),
(238, 105),
(238, 25),
(239, 13),
(239, 14),
(239, 38),
(239, 15),
(239, 7),
(239, 65),
(239, 9),
(239, 25),
(239, 106),
(239, 71),
(239, 107),
(241, 6),
(241, 7),
(241, 17),
(241, 9),
(242, 6),
(242, 7),
(242, 26),
(242, 37),
(243, 13),
(243, 2),
(243, 14),
(243, 4),
(243, 64),
(243, 9),
(243, 24),
(243, 40),
(243, 108),
(243, 109),
(245, 12),
(245, 14),
(245, 38),
(245, 7),
(245, 17),
(245, 8),
(245, 20),
(245, 9),
(245, 37),
(245, 18),
(247, 12),
(247, 2),
(247, 14),
(247, 15),
(247, 5),
(247, 17),
(247, 16),
(247, 9),
(247, 21),
(247, 77),
(251, 55),
(251, 7),
(251, 9),
(251, 32),
(251, 26),
(251, 89),
(251, 28),
(252, 1),
(252, 30),
(252, 2),
(252, 14),
(252, 4),
(252, 15),
(252, 6),
(252, 7),
(252, 16),
(252, 8),
(252, 9),
(252, 24),
(252, 92),
(252, 74),
(252, 63),
(252, 76),
(256, 1),
(256, 2),
(256, 3),
(256, 4),
(256, 15),
(256, 5),
(256, 7),
(256, 17),
(256, 20),
(256, 9),
(256, 39),
(262, 15),
(262, 7),
(262, 17),
(262, 9),
(262, 39),
(264, 12),
(264, 1),
(264, 14),
(264, 7),
(264, 8),
(264, 9),
(264, 21),
(265, 30),
(265, 6),
(265, 7),
(265, 16),
(265, 9),
(265, 63),
(266, 12),
(266, 13),
(266, 2),
(266, 15),
(266, 5),
(266, 7),
(266, 17),
(266, 16),
(266, 8),
(266, 9),
(266, 73),
(267, 2),
(267, 15),
(267, 5),
(267, 7),
(267, 17),
(267, 8),
(267, 9),
(267, 47),
(267, 23),
(267, 14),
(267, 5),
(267, 7),
(267, 17),
(267, 9),
(267, 14),
(267, 7),
(267, 9),
(268, 1),
(268, 2),
(268, 3),
(268, 14),
(268, 15),
(268, 5),
(268, 6),
(268, 7),
(268, 17),
(268, 20),
(268, 9),
(268, 39),
(268, 33),
(268, 110),
(269, 1),
(269, 6),
(269, 7),
(269, 9),
(273, 12),
(273, 2),
(273, 3),
(273, 14),
(273, 4),
(273, 15),
(273, 7),
(273, 8),
(273, 9),
(274, 14),
(274, 9),
(274, 35),
(274, 36),
(274, 37),
(276, 2),
(276, 15),
(276, 6),
(276, 7),
(276, 65),
(276, 9),
(276, 36),
(276, 22),
(276, 63),
(276, 18),
(282, 12),
(282, 14),
(282, 38),
(282, 5),
(282, 7),
(282, 8),
(282, 9),
(282, 111),
(282, 112),
(284, 12),
(284, 14),
(284, 7),
(284, 17),
(284, 9),
(286, 1),
(286, 2),
(286, 14),
(286, 19),
(286, 7),
(286, 9),
(286, 92),
(286, 54),
(291, 78),
(291, 7),
(291, 17),
(291, 9),
(291, 26),
(293, 1),
(293, 6),
(293, 7),
(293, 9),
(293, 26),
(293, 37),
(295, 12),
(295, 13),
(295, 2),
(295, 14),
(295, 4),
(295, 15),
(295, 5),
(295, 7),
(295, 16),
(295, 8),
(295, 9),
(295, 35),
(295, 66),
(295, 23),
(295, 69),
(295, 71),
(298, 55),
(299, 12),
(299, 2),
(299, 14),
(299, 15),
(299, 5),
(299, 6),
(299, 7),
(299, 8),
(299, 9),
(299, 35),
(299, 23),
(301, 38),
(301, 7),
(301, 17),
(301, 9),
(309, 1),
(309, 14),
(309, 5),
(309, 6),
(309, 7),
(309, 17),
(309, 9),
(309, 26),
(309, 37),
(309, 113),
(309, 54),
(310, 13),
(310, 30),
(310, 14),
(310, 4),
(310, 15),
(310, 6),
(310, 7),
(310, 20),
(310, 65),
(310, 9),
(310, 24),
(310, 35),
(310, 69),
(310, 71),
(310, 90),
(311, 12),
(311, 2),
(311, 14),
(311, 15),
(311, 5),
(311, 45),
(311, 7),
(311, 17),
(311, 8),
(311, 20),
(311, 9),
(311, 22),
(311, 23),
(312, 1),
(312, 15),
(312, 5),
(312, 7),
(312, 17),
(312, 20),
(312, 26),
(312, 56),
(312, 57),
(314, 12),
(314, 1),
(314, 14),
(314, 4),
(314, 15),
(314, 7),
(314, 17),
(314, 9),
(314, 104),
(314, 11),
(317, 1),
(317, 55),
(317, 15),
(317, 7),
(317, 9),
(317, 40),
(318, 15),
(318, 6),
(318, 7),
(318, 17),
(318, 16),
(318, 65),
(318, 9),
(318, 18),
(319, 4),
(319, 38),
(319, 15),
(319, 5),
(319, 7),
(319, 9),
(319, 114),
(319, 115),
(321, 12),
(321, 2),
(321, 3),
(321, 14),
(321, 38),
(321, 15),
(321, 6),
(321, 7),
(321, 16),
(321, 65),
(321, 9),
(321, 35),
(321, 66),
(323, 15),
(323, 7),
(323, 16),
(323, 9),
(323, 92),
(323, 63),
(325, 3),
(325, 15),
(325, 5),
(325, 7),
(325, 17),
(325, 9),
(325, 10),
(325, 51),
(325, 11),
(326, 12),
(326, 13),
(326, 2),
(326, 14),
(326, 38),
(326, 15),
(326, 7),
(326, 16),
(326, 8),
(326, 65),
(326, 9),
(326, 40),
(326, 35),
(326, 66),
(329, 12),
(329, 13),
(329, 14),
(329, 5),
(329, 6),
(329, 7),
(329, 17),
(329, 64),
(329, 8),
(329, 20),
(329, 9),
(329, 74),
(329, 23),
(329, 116),
(329, 117),
(333, 1),
(333, 5),
(333, 6),
(333, 7);         
INSERT INTO PUBLIC.GAME_SCORE_WEBSITE(GAME_ID, SCORE_WEBSITE_ID) VALUES
(333, 9),
(333, 39),
(335, 2),
(335, 3),
(335, 14),
(336, 15),
(336, 7),
(336, 16),
(336, 9),
(337, 12),
(337, 14),
(337, 5),
(337, 6),
(337, 7),
(337, 17),
(337, 16),
(337, 20),
(337, 9),
(337, 26),
(338, 5),
(338, 7),
(338, 17),
(338, 9),
(341, 7),
(341, 9),
(341, 118),
(342, 12),
(342, 14),
(342, 4),
(342, 38),
(342, 15),
(342, 5),
(342, 16),
(342, 9),
(343, 2),
(343, 14),
(343, 38),
(343, 15),
(343, 7),
(343, 17),
(343, 16),
(343, 9),
(343, 36),
(343, 63),
(347, 1),
(347, 2),
(347, 14),
(348, 12),
(348, 14),
(348, 4),
(348, 8),
(348, 9),
(350, 3),
(350, 14),
(350, 15),
(350, 7),
(350, 9),
(350, 10),
(351, 9),
(351, 92),
(352, 14),
(353, 30),
(353, 14),
(353, 6),
(353, 7),
(353, 9),
(353, 18),
(355, 6),
(355, 7),
(355, 9),
(356, 12),
(356, 2),
(356, 4),
(356, 15),
(356, 5),
(356, 6),
(356, 7),
(356, 8),
(356, 9),
(356, 10),
(357, 14),
(357, 38),
(357, 15),
(357, 65),
(357, 9),
(357, 24),
(357, 35),
(357, 66),
(358, 14),
(358, 8),
(358, 9),
(360, 9),
(362, 12),
(362, 14),
(362, 15),
(362, 5),
(362, 7),
(362, 17),
(362, 20),
(362, 9),
(367, 3),
(367, 15),
(367, 7),
(367, 8),
(367, 9),
(367, 74),
(367, 63),
(367, 119),
(370, 12),
(370, 13),
(370, 15),
(370, 5),
(370, 6),
(370, 7),
(370, 17),
(370, 8),
(370, 20),
(370, 9),
(370, 74),
(370, 23),
(370, 120),
(375, 12),
(375, 14),
(375, 4),
(375, 15),
(375, 7),
(375, 9),
(375, 10),
(378, 1),
(378, 4),
(378, 15),
(378, 7),
(378, 17),
(378, 9),
(378, 39),
(379, 1),
(379, 3),
(379, 14),
(379, 15),
(379, 5),
(379, 6),
(379, 7),
(379, 17),
(379, 20),
(379, 9),
(379, 92),
(379, 10),
(379, 33),
(379, 110),
(380, 30),
(380, 15),
(380, 69),
(380, 121),
(381, 14),
(381, 7),
(381, 9),
(381, 63),
(381, 18),
(386, 1),
(386, 55),
(386, 13),
(386, 2),
(386, 14),
(386, 15),
(386, 5),
(386, 6),
(386, 7),
(386, 17),
(386, 9),
(386, 36),
(386, 26),
(386, 89),
(386, 28),
(386, 37),
(386, 98),
(386, 99),
(386, 100),
(386, 101),
(386, 32),
(386, 19),
(386, 102),
(388, 1),
(388, 3),
(388, 4),
(388, 5),
(388, 6),
(388, 7),
(388, 9),
(388, 92),
(388, 10),
(388, 122),
(389, 12),
(389, 14),
(389, 4),
(389, 15),
(389, 7),
(389, 9),
(390, 12),
(390, 14),
(390, 7),
(390, 17),
(390, 9),
(391, 12),
(391, 13),
(391, 14),
(391, 17),
(391, 9),
(391, 36),
(391, 123),
(395, 12),
(395, 2),
(395, 4),
(395, 5),
(395, 7),
(395, 8),
(395, 20),
(395, 9),
(395, 23),
(395, 86),
(396, 7),
(396, 9),
(397, 1),
(397, 13),
(397, 3),
(397, 9),
(401, 30),
(401, 15),
(401, 6),
(401, 7),
(401, 65),
(401, 9),
(402, 2),
(402, 3),
(402, 14),
(402, 4),
(402, 15),
(402, 7),
(402, 17),
(402, 65),
(402, 9),
(402, 35),
(402, 36),
(402, 73),
(402, 23),
(404, 12),
(404, 14),
(404, 15),
(404, 7),
(404, 8),
(404, 9),
(404, 35),
(404, 66),
(405, 30),
(405, 4),
(405, 15),
(405, 6),
(405, 7),
(405, 16),
(405, 9),
(405, 36),
(405, 63),
(405, 71),
(405, 69),
(407, 12),
(407, 13),
(407, 14),
(407, 5),
(407, 7),
(407, 17),
(407, 16),
(407, 9),
(407, 73),
(407, 23),
(413, 1),
(413, 13),
(413, 3),
(413, 4),
(413, 19),
(413, 15),
(413, 5),
(413, 45),
(413, 7),
(413, 9),
(414, 1),
(414, 13),
(414, 3),
(414, 4),
(414, 19),
(414, 15),
(414, 5),
(414, 6),
(414, 7),
(414, 9),
(414, 22),
(414, 124),
(416, 1),
(416, 2),
(416, 3),
(416, 14),
(416, 4),
(416, 5),
(416, 7),
(416, 9),
(416, 75),
(416, 23),
(418, 2),
(418, 14),
(418, 4),
(418, 75),
(418, 71),
(420, 2),
(421, 14),
(421, 9),
(422, 12),
(422, 1),
(422, 3),
(422, 5),
(422, 7),
(422, 9),
(422, 23),
(423, 3),
(423, 15),
(423, 5),
(429, 12),
(429, 30),
(429, 2),
(429, 14),
(429, 4),
(429, 15),
(429, 9),
(430, 13),
(430, 2),
(430, 14),
(430, 4),
(430, 15),
(430, 6),
(430, 45),
(430, 7),
(430, 64),
(430, 9),
(430, 24),
(430, 40),
(430, 41),
(430, 22),
(430, 63),
(430, 18),
(430, 58),
(430, 105),
(430, 25),
(435, 12),
(435, 14),
(435, 15),
(435, 7),
(435, 17),
(435, 9),
(436, 7),
(436, 9),
(444, 30),
(444, 3),
(444, 15),
(444, 6),
(444, 7),
(444, 16),
(444, 65),
(444, 9),
(444, 26),
(444, 63),
(444, 18),
(445, 14),
(445, 15),
(445, 7),
(445, 9),
(445, 36),
(445, 26),
(445, 125),
(445, 37),
(445, 23),
(445, 126),
(447, 45),
(447, 7),
(447, 9);       
INSERT INTO PUBLIC.GAME_SCORE_WEBSITE(GAME_ID, SCORE_WEBSITE_ID) VALUES
(447, 40),
(447, 127),
(448, 14),
(448, 4),
(448, 15),
(448, 7),
(448, 9),
(448, 21),
(448, 66),
(448, 36),
(449, 12),
(449, 1),
(449, 14),
(449, 4),
(449, 7),
(449, 17),
(449, 9),
(449, 23),
(451, 2),
(451, 5),
(451, 6),
(451, 7),
(451, 9),
(453, 1),
(453, 7),
(454, 12),
(454, 2),
(454, 14),
(454, 4),
(454, 15),
(454, 5),
(454, 45),
(454, 7),
(454, 17),
(454, 16),
(454, 8),
(454, 20),
(454, 65),
(454, 9),
(454, 24),
(454, 39),
(454, 35),
(454, 48),
(454, 23),
(454, 69),
(460, 12),
(460, 2),
(460, 3),
(460, 14),
(460, 38),
(460, 15),
(460, 7),
(460, 17),
(460, 64),
(460, 8),
(460, 9),
(460, 18),
(463, 12),
(463, 4),
(463, 15),
(463, 7),
(463, 17),
(463, 16),
(463, 8),
(463, 9),
(467, 5),
(467, 6),
(467, 7),
(467, 9),
(467, 32),
(467, 89),
(467, 128),
(467, 129),
(469, 78),
(469, 1),
(469, 55),
(469, 2),
(469, 7),
(469, 26),
(469, 37),
(470, 2),
(470, 14),
(470, 4),
(470, 75),
(470, 71),
(471, 12),
(471, 14),
(471, 15),
(471, 16),
(471, 8),
(471, 9),
(471, 40),
(471, 35),
(473, 12),
(473, 30),
(473, 2),
(473, 15),
(475, 1),
(475, 2),
(475, 3),
(475, 5),
(475, 7),
(475, 9),
(475, 39),
(475, 47),
(480, 3),
(480, 15),
(480, 5),
(480, 6),
(480, 7),
(480, 9),
(480, 10),
(480, 23),
(481, 2),
(481, 14),
(481, 4),
(481, 15),
(481, 5),
(481, 6),
(481, 7),
(481, 17),
(481, 20),
(481, 9),
(481, 39),
(481, 130),
(481, 53),
(482, 30),
(482, 2),
(482, 14),
(482, 15),
(482, 7),
(482, 16),
(482, 8),
(482, 65),
(482, 9),
(482, 24),
(482, 26),
(482, 63),
(482, 121),
(482, 72),
(483, 12),
(483, 14),
(483, 38),
(483, 15),
(483, 7),
(483, 17),
(483, 9),
(483, 75),
(484, 14),
(484, 15),
(484, 7),
(484, 9),
(484, 10),
(484, 49),
(485, 14),
(485, 7),
(485, 8),
(485, 9),
(485, 22),
(488, 12),
(488, 2),
(488, 3),
(488, 15),
(488, 5),
(488, 6),
(488, 7),
(488, 17),
(488, 8),
(488, 9),
(488, 40),
(488, 22),
(488, 47),
(488, 48),
(488, 23),
(490, 2),
(490, 3),
(491, 12),
(491, 1),
(491, 13),
(491, 14),
(491, 4),
(491, 15),
(491, 5),
(491, 6),
(491, 7),
(491, 17),
(491, 16),
(491, 8),
(491, 20),
(491, 9),
(491, 21),
(491, 23),
(492, 1),
(492, 14),
(492, 4),
(492, 7),
(492, 17),
(492, 9),
(493, 12),
(493, 2),
(493, 14),
(493, 4),
(493, 7),
(493, 8),
(493, 9),
(493, 23),
(496, 30),
(496, 15),
(496, 6),
(496, 7),
(496, 9),
(496, 26),
(496, 63);             
CREATE CACHED TABLE PUBLIC.GAME_SYSTEM(
    GAME_ID INTEGER NOT NULL,
    SYSTEM_ID INTEGER NOT NULL
);        
-- 1247 +/- SELECT COUNT(*) FROM PUBLIC.GAME_SYSTEM;           
INSERT INTO PUBLIC.GAME_SYSTEM(GAME_ID, SYSTEM_ID) VALUES
(1, 1),
(1, 1),
(1, 2),
(1, 2),
(1, 3),
(1, 3),
(2, 4),
(2, 4),
(2, 5),
(2, 5),
(2, 6),
(2, 6),
(2, 7),
(2, 7),
(2, 8),
(2, 8),
(2, 9),
(2, 9),
(2, 1),
(2, 10),
(2, 10),
(2, 11),
(2, 11),
(3, 12),
(3, 12),
(3, 13),
(3, 13),
(3, 5),
(4, 14),
(4, 14),
(4, 7),
(4, 11),
(4, 15),
(4, 15),
(4, 16),
(4, 16),
(6, 17),
(6, 17),
(7, 17),
(8, 5),
(8, 12),
(8, 18),
(8, 18),
(8, 13),
(8, 19),
(8, 19),
(12, 20),
(12, 20),
(12, 4),
(12, 6),
(12, 2),
(12, 10),
(12, 9),
(12, 5),
(12, 1),
(12, 8),
(13, 1),
(15, 2),
(15, 17),
(16, 20),
(16, 5),
(16, 10),
(16, 8),
(16, 16),
(16, 11),
(16, 21),
(16, 21),
(17, 10),
(17, 5),
(17, 8),
(17, 13),
(17, 19),
(19, 5),
(19, 10),
(19, 13),
(19, 12),
(19, 8),
(19, 22),
(19, 22),
(19, 16),
(21, 5),
(21, 13),
(21, 19),
(21, 12),
(21, 18),
(21, 8),
(21, 11),
(23, 12),
(23, 18),
(24, 2),
(24, 20),
(24, 5),
(24, 17),
(24, 23),
(24, 23),
(24, 11),
(24, 12),
(24, 13),
(24, 16),
(24, 18),
(24, 19),
(25, 5),
(25, 12),
(25, 13),
(25, 8),
(25, 22),
(27, 12),
(27, 13),
(27, 5),
(27, 24),
(27, 24),
(27, 8),
(27, 18),
(27, 19),
(28, 14),
(28, 4),
(28, 20),
(29, 5),
(29, 13),
(29, 12),
(30, 17),
(30, 2),
(31, 25),
(31, 25),
(31, 12),
(31, 13),
(31, 18),
(31, 19),
(34, 2),
(37, 20),
(39, 5),
(39, 8),
(39, 22),
(40, 20),
(40, 5),
(40, 10),
(40, 13),
(40, 8),
(40, 12),
(40, 11),
(40, 16),
(40, 26),
(40, 26),
(40, 21),
(41, 20),
(41, 5),
(41, 10),
(41, 8),
(41, 11),
(41, 16),
(41, 21),
(44, 12),
(44, 13),
(45, 20),
(46, 10),
(46, 5),
(46, 19),
(47, 27),
(47, 27),
(47, 9),
(48, 1),
(48, 2),
(49, 12),
(51, 9),
(51, 5),
(51, 2),
(51, 4),
(51, 20),
(51, 10),
(53, 18),
(54, 5),
(54, 8),
(54, 22),
(54, 12),
(54, 13),
(57, 5),
(57, 12),
(57, 18),
(57, 13),
(57, 19),
(59, 17),
(59, 5),
(59, 8),
(59, 22),
(59, 11),
(59, 16),
(59, 28),
(59, 28),
(60, 5),
(60, 12),
(60, 13),
(60, 8),
(60, 22),
(60, 18),
(60, 19),
(61, 4),
(61, 11),
(61, 16),
(61, 5),
(62, 5),
(62, 12),
(62, 13),
(62, 8),
(63, 2),
(63, 10),
(63, 4),
(63, 20),
(63, 9),
(63, 29),
(63, 29),
(63, 8),
(63, 5),
(65, 5),
(65, 12),
(65, 13),
(65, 8),
(65, 17),
(65, 18),
(65, 19),
(65, 5),
(65, 18),
(65, 19),
(66, 4),
(66, 20),
(66, 5),
(66, 6),
(66, 1),
(66, 10),
(66, 30),
(66, 30),
(66, 9),
(70, 31),
(70, 31),
(71, 4),
(75, 9),
(75, 2),
(75, 5),
(75, 4),
(75, 20),
(75, 10),
(77, 5),
(77, 12),
(77, 13),
(78, 8),
(78, 4),
(78, 5),
(82, 13),
(82, 19),
(83, 10),
(85, 14),
(85, 12),
(85, 13),
(85, 5),
(85, 31),
(85, 11),
(85, 16),
(85, 18),
(86, 9),
(87, 7),
(87, 32),
(87, 32),
(87, 9),
(87, 5),
(87, 15),
(87, 33),
(87, 33),
(87, 11),
(87, 16),
(88, 4),
(88, 5),
(89, 5),
(89, 8),
(89, 22),
(89, 18),
(89, 33),
(89, 16),
(89, 11),
(90, 34),
(90, 34),
(90, 5),
(90, 20),
(90, 10),
(90, 2),
(90, 35),
(90, 35),
(90, 31),
(90, 12),
(91, 20),
(91, 10),
(93, 20),
(95, 12),
(96, 10),
(96, 20),
(96, 2),
(96, 34),
(98, 10),
(98, 5),
(98, 8),
(98, 36),
(98, 36),
(98, 37),
(98, 37),
(98, 38),
(98, 38),
(98, 16),
(99, 5),
(99, 8),
(101, 14),
(101, 20),
(102, 1),
(102, 3),
(103, 5),
(103, 18),
(103, 19),
(105, 17),
(106, 5),
(106, 8),
(107, 4),
(108, 10),
(108, 5),
(108, 9),
(108, 20),
(108, 2),
(108, 12),
(109, 35),
(109, 39),
(109, 39),
(109, 11),
(109, 16),
(109, 21),
(110, 15),
(110, 26),
(110, 40),
(110, 40),
(110, 41),
(110, 41),
(110, 42),
(110, 42),
(110, 11),
(110, 16),
(111, 14),
(111, 7),
(111, 9),
(111, 4),
(111, 43),
(111, 43),
(111, 20),
(111, 39),
(111, 44),
(111, 44),
(113, 5),
(113, 8),
(113, 22),
(116, 20),
(116, 12),
(116, 33),
(117, 24),
(118, 5),
(118, 8),
(119, 20),
(121, 5),
(121, 8),
(121, 22),
(121, 16),
(121, 11),
(121, 26),
(121, 13),
(121, 19),
(121, 12),
(121, 18),
(121, 33),
(121, 45),
(121, 45),
(121, 46),
(121, 46),
(121, 24),
(122, 20),
(122, 33),
(123, 2),
(123, 20),
(123, 10),
(123, 9),
(123, 47),
(123, 47),
(126, 5),
(126, 22),
(126, 8),
(126, 7),
(126, 20),
(126, 13),
(126, 11),
(127, 5),
(127, 8),
(128, 20),
(128, 12),
(128, 17),
(130, 5),
(130, 12),
(130, 13),
(130, 19),
(131, 13),
(132, 14),
(132, 2),
(132, 20),
(132, 10),
(132, 12),
(132, 13),
(135, 5),
(135, 12),
(135, 13),
(135, 24),
(137, 7),
(137, 2);      
INSERT INTO PUBLIC.GAME_SYSTEM(GAME_ID, SYSTEM_ID) VALUES
(138, 17),
(139, 9),
(140, 13),
(140, 12),
(140, 17),
(140, 35),
(141, 2),
(141, 20),
(142, 4),
(142, 5),
(142, 6),
(142, 7),
(142, 20),
(143, 7),
(144, 4),
(146, 14),
(146, 20),
(149, 1),
(149, 3),
(150, 4),
(150, 5),
(150, 44),
(150, 48),
(150, 48),
(150, 8),
(152, 18),
(153, 5),
(153, 8),
(155, 49),
(155, 49),
(156, 20),
(156, 5),
(157, 7),
(157, 20),
(157, 10),
(157, 2),
(161, 20),
(161, 10),
(161, 2),
(161, 9),
(161, 5),
(161, 12),
(163, 12),
(163, 18),
(165, 20),
(165, 2),
(165, 10),
(165, 9),
(166, 9),
(166, 10),
(166, 20),
(166, 25),
(167, 20),
(167, 13),
(169, 12),
(169, 18),
(172, 18),
(173, 2),
(173, 5),
(173, 24),
(174, 5),
(174, 8),
(174, 8),
(177, 1),
(177, 13),
(178, 5),
(179, 13),
(179, 12),
(179, 20),
(179, 17),
(180, 10),
(182, 12),
(182, 13),
(184, 9),
(185, 4),
(186, 5),
(186, 13),
(186, 12),
(186, 8),
(186, 22),
(187, 5),
(187, 8),
(187, 22),
(188, 34),
(188, 5),
(188, 20),
(188, 10),
(188, 2),
(188, 35),
(188, 31),
(188, 12),
(189, 20),
(189, 18),
(192, 27),
(192, 9),
(193, 20),
(193, 10),
(194, 2),
(195, 5),
(195, 8),
(195, 22),
(197, 5),
(197, 8),
(197, 11),
(198, 13),
(199, 12),
(199, 13),
(199, 5),
(199, 8),
(199, 18),
(199, 19),
(200, 2),
(203, 4),
(203, 1),
(203, 6),
(203, 7),
(203, 34),
(203, 10),
(204, 5),
(205, 31),
(206, 5),
(206, 8),
(206, 20),
(207, 20),
(210, 5),
(210, 8),
(210, 22),
(210, 20),
(210, 7),
(211, 5),
(211, 8),
(211, 22),
(212, 1),
(212, 3),
(213, 5),
(214, 31),
(214, 24),
(216, 4),
(216, 5),
(216, 11),
(216, 18),
(216, 16),
(218, 27),
(218, 4),
(218, 35),
(218, 50),
(218, 50),
(218, 11),
(218, 16),
(220, 17),
(220, 51),
(220, 51),
(221, 1),
(223, 4),
(223, 39),
(223, 18),
(225, 12),
(226, 12),
(226, 17),
(226, 13),
(226, 33),
(226, 5),
(226, 31),
(226, 8),
(227, 2),
(227, 17),
(228, 5),
(228, 18),
(228, 19),
(230, 9),
(231, 27),
(232, 5),
(232, 12),
(232, 18),
(232, 33),
(232, 24),
(232, 13),
(232, 19),
(233, 10),
(233, 20),
(233, 2),
(233, 5),
(233, 8),
(234, 30),
(234, 20),
(234, 4),
(234, 10),
(234, 35),
(234, 5),
(234, 9),
(234, 29),
(238, 12),
(238, 13),
(238, 5),
(238, 18),
(238, 19),
(239, 5),
(239, 12),
(239, 18),
(239, 13),
(239, 19),
(241, 5),
(241, 8),
(241, 22),
(242, 5),
(242, 8),
(243, 12),
(243, 12),
(245, 5),
(245, 8),
(247, 17),
(248, 5),
(248, 8),
(248, 4),
(248, 20),
(248, 10),
(248, 2),
(248, 9),
(248, 10),
(248, 20),
(248, 2),
(250, 4),
(250, 20),
(250, 1),
(250, 6),
(250, 5),
(251, 5),
(251, 8),
(251, 22),
(252, 24),
(256, 20),
(258, 1),
(258, 6),
(258, 52),
(258, 52),
(259, 5),
(262, 20),
(262, 12),
(262, 33),
(264, 5),
(264, 20),
(264, 12),
(264, 39),
(264, 17),
(264, 13),
(264, 35),
(264, 11),
(264, 16),
(264, 32),
(265, 5),
(265, 19),
(266, 12),
(266, 18),
(266, 13),
(266, 19),
(266, 5),
(266, 8),
(267, 20),
(268, 20),
(268, 18),
(269, 4),
(272, 2),
(272, 20),
(272, 5),
(272, 17),
(272, 23),
(272, 11),
(272, 12),
(272, 13),
(272, 16),
(272, 18),
(272, 19),
(273, 20),
(274, 5),
(274, 8),
(274, 26),
(274, 32),
(274, 53),
(274, 53),
(274, 35),
(274, 13),
(274, 15),
(274, 12),
(274, 11),
(274, 23),
(274, 16),
(276, 5),
(276, 8),
(276, 22),
(276, 12),
(276, 33),
(276, 13),
(276, 18),
(276, 19),
(276, 54),
(276, 54),
(279, 27),
(279, 55),
(279, 55),
(279, 56),
(279, 56),
(279, 55),
(279, 55),
(279, 27),
(279, 55),
(279, 4),
(279, 5),
(279, 4),
(279, 5),
(279, 4),
(279, 4),
(279, 20),
(279, 20),
(279, 10),
(279, 2),
(279, 20),
(279, 10),
(279, 2),
(279, 20),
(279, 10),
(279, 2),
(279, 20),
(279, 10),
(279, 20),
(279, 10),
(279, 13),
(279, 39),
(279, 20),
(279, 12),
(279, 10),
(279, 13),
(279, 20),
(279, 12),
(279, 39),
(279, 13),
(279, 17),
(279, 20),
(279, 12),
(279, 39),
(279, 13),
(279, 20),
(279, 12),
(279, 13),
(279, 11),
(279, 12),
(279, 13),
(279, 12),
(279, 13),
(279, 12),
(279, 13),
(282, 39),
(282, 12),
(283, 14),
(283, 7),
(283, 20),
(284, 5),
(284, 8),
(285, 20),
(285, 12),
(285, 39),
(286, 27),
(286, 9),
(288, 2),
(288, 20),
(288, 10),
(288, 5),
(288, 35),
(288, 39),
(288, 8),
(291, 5),
(291, 11),
(293, 5),
(295, 13),
(296, 5),
(298, 5),
(298, 20),
(298, 8),
(299, 13),
(301, 5),
(302, 12);          
INSERT INTO PUBLIC.GAME_SYSTEM(GAME_ID, SYSTEM_ID) VALUES
(302, 33),
(302, 12),
(302, 12),
(309, 5),
(309, 22),
(309, 8),
(310, 13),
(311, 12),
(312, 5),
(312, 8),
(312, 22),
(314, 9),
(315, 5),
(315, 8),
(317, 4),
(317, 5),
(317, 7),
(318, 5),
(318, 8),
(318, 12),
(318, 13),
(319, 9),
(319, 52),
(321, 13),
(321, 5),
(321, 22),
(321, 8),
(322, 5),
(322, 20),
(322, 10),
(323, 31),
(325, 9),
(325, 57),
(325, 57),
(326, 5),
(326, 12),
(326, 13),
(329, 35),
(329, 52),
(329, 24),
(333, 4),
(335, 10),
(336, 13),
(336, 12),
(336, 20),
(336, 39),
(336, 17),
(336, 5),
(336, 11),
(337, 5),
(337, 8),
(337, 9),
(337, 2),
(337, 35),
(337, 20),
(337, 10),
(337, 39),
(338, 5),
(338, 8),
(341, 7),
(341, 6),
(341, 11),
(341, 5),
(341, 1),
(341, 35),
(341, 31),
(341, 4),
(341, 20),
(342, 12),
(342, 13),
(342, 24),
(343, 5),
(343, 8),
(343, 12),
(343, 13),
(343, 18),
(343, 19),
(347, 13),
(347, 10),
(347, 20),
(347, 5),
(348, 5),
(348, 20),
(348, 12),
(348, 39),
(348, 33),
(348, 13),
(348, 17),
(348, 31),
(348, 11),
(348, 16),
(348, 32),
(348, 8),
(348, 58),
(348, 58),
(350, 9),
(351, 5),
(351, 31),
(351, 24),
(351, 8),
(351, 22),
(351, 12),
(351, 18),
(351, 33),
(351, 19),
(351, 59),
(351, 59),
(352, 20),
(352, 2),
(352, 10),
(352, 9),
(352, 5),
(353, 14),
(353, 7),
(353, 11),
(353, 20),
(353, 12),
(353, 10),
(353, 13),
(355, 4),
(355, 16),
(356, 35),
(357, 13),
(357, 15),
(357, 5),
(358, 5),
(358, 12),
(358, 13),
(360, 5),
(360, 13),
(360, 12),
(360, 18),
(360, 33),
(360, 60),
(360, 60),
(362, 20),
(362, 12),
(362, 33),
(363, 20),
(363, 2),
(363, 10),
(364, 14),
(364, 7),
(364, 20),
(367, 24),
(370, 35),
(374, 4),
(374, 20),
(374, 5),
(375, 35),
(377, 20),
(377, 12),
(377, 39),
(378, 20),
(379, 2),
(380, 5),
(380, 8),
(380, 22),
(381, 5),
(381, 8),
(381, 22),
(381, 18),
(381, 33),
(381, 19),
(382, 20),
(382, 10),
(382, 13),
(385, 27),
(385, 55),
(385, 56),
(385, 55),
(385, 55),
(385, 27),
(385, 55),
(385, 4),
(385, 5),
(385, 4),
(385, 5),
(385, 4),
(385, 4),
(385, 20),
(385, 20),
(385, 10),
(385, 2),
(385, 20),
(385, 10),
(385, 2),
(385, 20),
(385, 10),
(385, 2),
(385, 20),
(385, 10),
(385, 20),
(385, 10),
(385, 13),
(385, 39),
(385, 20),
(385, 12),
(385, 10),
(385, 13),
(385, 20),
(385, 12),
(385, 39),
(385, 13),
(385, 17),
(385, 20),
(385, 12),
(385, 39),
(385, 13),
(385, 20),
(385, 12),
(385, 13),
(385, 11),
(385, 12),
(385, 13),
(385, 12),
(385, 13),
(385, 12),
(385, 13),
(386, 5),
(386, 8),
(386, 22),
(386, 20),
(386, 7),
(388, 1),
(389, 10),
(390, 5),
(390, 12),
(390, 13),
(390, 8),
(390, 22),
(390, 16),
(391, 5),
(391, 12),
(391, 13),
(391, 8),
(391, 22),
(395, 20),
(395, 33),
(396, 20),
(396, 12),
(396, 39),
(397, 1),
(401, 18),
(401, 33),
(401, 5),
(401, 8),
(401, 22),
(401, 19),
(401, 24),
(402, 5),
(402, 13),
(402, 8),
(404, 5),
(404, 13),
(404, 8),
(404, 22),
(405, 5),
(405, 18),
(405, 19),
(407, 10),
(407, 5),
(407, 13),
(407, 8),
(407, 11),
(407, 16),
(409, 2),
(409, 20),
(409, 10),
(410, 2),
(410, 20),
(410, 10),
(411, 5),
(411, 8),
(412, 7),
(412, 5),
(412, 30),
(412, 10),
(413, 4),
(413, 5),
(413, 1),
(413, 7),
(413, 2),
(414, 14),
(414, 4),
(414, 20),
(414, 23),
(416, 2),
(418, 12),
(418, 13),
(418, 5),
(419, 20),
(419, 2),
(419, 10),
(420, 2),
(420, 20),
(420, 10),
(420, 5),
(421, 5),
(421, 12),
(421, 13),
(422, 9),
(422, 31),
(423, 20),
(423, 10),
(423, 2),
(425, 25),
(425, 8),
(427, 5),
(429, 5),
(429, 17),
(429, 49),
(429, 31),
(429, 8),
(429, 22),
(430, 12),
(430, 13),
(430, 5),
(430, 18),
(430, 19),
(434, 5),
(434, 20),
(434, 39),
(434, 10),
(435, 20),
(435, 12),
(435, 17),
(435, 13),
(436, 20),
(441, 20),
(441, 2),
(441, 10),
(441, 9),
(441, 34),
(441, 5),
(444, 5),
(444, 18),
(444, 19),
(445, 5),
(447, 5),
(447, 20),
(447, 12),
(447, 11),
(447, 16),
(447, 35),
(447, 17),
(447, 39),
(447, 13),
(447, 61),
(447, 61),
(447, 32),
(448, 5),
(448, 8),
(448, 12),
(448, 24),
(448, 13),
(449, 35),
(451, 7),
(451, 2),
(452, 5),
(453, 62),
(453, 62),
(454, 12),
(454, 13),
(454, 5),
(460, 5),
(460, 12),
(460, 13),
(460, 8),
(460, 11),
(460, 16),
(460, 22),
(460, 33),
(462, 5),
(462, 8),
(463, 20),
(463, 39),
(464, 20),
(464, 2);           
INSERT INTO PUBLIC.GAME_SYSTEM(GAME_ID, SYSTEM_ID) VALUES
(464, 10),
(465, 20),
(465, 10),
(466, 5),
(466, 8),
(467, 5),
(467, 8),
(467, 22),
(469, 5),
(470, 12),
(470, 13),
(470, 5),
(471, 12),
(471, 13),
(471, 33),
(472, 5),
(472, 12),
(472, 13),
(473, 5),
(473, 12),
(473, 13),
(474, 5),
(474, 8),
(475, 4),
(477, 10),
(477, 5),
(480, 1),
(481, 20),
(481, 20),
(481, 20),
(482, 5),
(482, 12),
(482, 18),
(482, 13),
(482, 19),
(483, 12),
(483, 17),
(483, 13),
(484, 9),
(484, 57),
(485, 35),
(485, 12),
(485, 39),
(485, 17),
(485, 13),
(485, 5),
(485, 8),
(485, 63),
(485, 63),
(486, 39),
(486, 5),
(486, 20),
(486, 15),
(486, 11),
(488, 12),
(490, 2),
(490, 5),
(490, 20),
(490, 12),
(490, 10),
(490, 13),
(490, 17),
(491, 35),
(492, 20),
(492, 10),
(492, 5),
(493, 39),
(493, 12),
(493, 13),
(494, 14),
(494, 12),
(494, 13),
(496, 5),
(496, 8),
(500, 31);    
CREATE CACHED TABLE PUBLIC.GENRE(
    ID INTEGER DEFAULT (NEXT VALUE FOR PUBLIC.SYSTEM_SEQUENCE_2EA83E38_D72D_40DE_A893_B1DF106A6B75) NOT NULL NULL_TO_DEFAULT SEQUENCE PUBLIC.SYSTEM_SEQUENCE_2EA83E38_D72D_40DE_A893_B1DF106A6B75,
    GENRE VARCHAR(255) NOT NULL
);        
ALTER TABLE PUBLIC.GENRE ADD CONSTRAINT PUBLIC.CONSTRAINT_4 PRIMARY KEY(ID);   
-- 66 +/- SELECT COUNT(*) FROM PUBLIC.GENRE;   
INSERT INTO PUBLIC.GENRE(ID, GENRE) VALUES
(1, 'ACTION ADVENTURE'),
(2, 'EXTREME SPORTS'),
(3, 'THIRD PERSON SHOOTER'),
(5, 'PLATFORMING'),
(6, 'SPORTS'),
(7, 'FIRST PERSON SHOOTER'),
(8, 'STEALTH'),
(9, 'FIRST PERSON'),
(10, 'PLATFORMER'),
(11, 'SURVIVAL HORROR'),
(12, 'PUZZLE'),
(13, 'COMPILATION'),
(14, 'ACTION ROLE PLAYING'),
(15, 'ROLE PLAYING'),
(17, 'RACING'),
(19, 'HACK AND SLASH'),
(20, 'AMERICAN FOOTBALL'),
(21, 'TURN BASED STRATEGY'),
(22, 'ACTION'),
(23, 'GRAPHIC ADVENTURE'),
(24, 'REAL TIME STRATEGY'),
(25, 'MAZE'),
(26, 'ARCADE'),
(27, 'SNOWBOARDING'),
(28, 'SANDBOX'),
(29, 'SURVIVAL'),
(30, 'SOCIAL SIMULATION'),
(31, 'MUSIC'),
(32, 'BEAT ''EM UP'),
(34, 'MASSIVELY MULTIPLAYER ONLINE ROLE PLAYING'),
(35, 'PUZZLE PLATFORMER'),
(36, 'SPORTS   ICE HOCKEY SIM'),
(37, 'RHYTHM'),
(38, 'HORROR'),
(39, 'PSYCHOLOGICAL HORROR'),
(40, 'LIFE SIMULATION'),
(41, 'REAL TIME TACTICS'),
(42, 'TURN BASED TACTICS'),
(43, 'FOOTBALL (AMERICAN) SIMULATION'),
(44, 'TACTICAL ROLE PLAYING'),
(45, 'MMORPG'),
(46, 'SIM RACING'),
(47, 'HACK ''N'' SLASH'),
(48, 'SPACE COMBAT SIMULATOR'),
(49, 'VEHICLE COMBAT'),
(50, 'PROFESSIONAL BASEBALL'),
(51, 'POINT AND CLICK ADVENTURE'),
(52, 'TACTICAL SHOOTER'),
(53, 'PARTY'),
(54, 'EXERCISE'),
(55, 'SHOOTER'),
(56, 'SHOOT ''EM UP'),
(57, 'ADVENTURE'),
(58, 'RAIL SHOOTER'),
(59, 'METROIDVANIA'),
(60, 'ACTION RPG'),
(61, 'TRADITIONAL FOOTBALL'),
(62, 'SIMULATION'),
(63, 'WARGAME'),
(64, 'SPACE SIMULATION'),
(65, 'STRATEGY'),
(66, 'COMBAT FLIGHT SIMULATOR'),
(67, 'MULTI DIRECTIONAL SHOOTER'),
(68, 'SCROLLING SHOOTER'),
(69, 'RACING SIMULATION'),
(70, 'RASTER GRAPHICS EDITOR');     
CREATE CACHED TABLE PUBLIC.PUBLISHER(
    ID INTEGER DEFAULT (NEXT VALUE FOR PUBLIC.SYSTEM_SEQUENCE_F1F66E5C_90E5_4EA0_B8C6_1C7BE605D7B1) NOT NULL NULL_TO_DEFAULT SEQUENCE PUBLIC.SYSTEM_SEQUENCE_F1F66E5C_90E5_4EA0_B8C6_1C7BE605D7B1,
    NAME VARCHAR(255),
    CONTENT_RATING VARCHAR(255),
    COUNTRY_CODE VARCHAR(255)
);              
ALTER TABLE PUBLIC.PUBLISHER ADD CONSTRAINT PUBLIC.CONSTRAINT_F PRIMARY KEY(ID);               
-- 500 +/- SELECT COUNT(*) FROM PUBLIC.PUBLISHER;              
INSERT INTO PUBLIC.PUBLISHER(ID, NAME, CONTENT_RATING, COUNTRY_CODE) VALUES
(1, '1C Company', 'N/A', NULL),
(2, '2K Games', 'M', NULL),
(3, '3D Realms', 'N/A', NULL),
(4, 'The 3DO Company', 'N/A', NULL),
(5, '505 Games', 'N/A', NULL),
(6, 'Accolade', 'N/A', NULL),
(7, 'Acclaim Entertainment', 'M', NULL),
(8, 'Active Gaming Media AGM', 'N/A', NULL),
(9, 'Activision', 'M', NULL),
(10, 'Activision Blizzard', 'N/A', NULL),
(11, 'Agetec', 'N/A', NULL),
(12, 'Akella', 'N/A', NULL),
(13, 'Alten8', 'N/A', NULL),
(14, 'Anuman', 'N/A', NULL),
(15, 'Apogee Software', 'N/A', NULL),
(16, 'Arc System Works', 'N/A', NULL),
(17, 'Asmik Corporation of America', 'N/A', NULL),
(18, 'Aspyr Media', 'M', NULL),
(19, 'Atari, Inc', 'N/A', NULL),
(20, 'Atari, SA', 'N/A', NULL),
(21, 'AQ Interactive', 'N/A', NULL),
(22, 'Atlus', 'N/A', NULL),
(23, 'Autumn Games', 'N/A', NULL),
(24, 'Aventurine SA', 'N/A', NULL),
(25, 'Bandai Games', 'N/A', NULL),
(26, 'Bandai Namco', 'N/A', NULL),
(27, 'Banpresto', 'N/A', NULL),
(28, 'Bethesda Softworks', 'M', NULL),
(29, 'Big Fish Games', 'N/A', NULL),
(30, 'Bigben Interactive', 'N/A', NULL),
(31, 'Blue Byte Software', 'N/A', NULL),
(32, 'Bullet-Proof Software', 'N/A', NULL),
(33, STRINGDECODE('Br\u00f8derbund'), 'N/A', NULL),
(34, 'Black Shell Games', 'N/A', NULL),
(35, 'Blizzard Entertainment', 'M', NULL),
(36, 'Bohemia Interactive', 'N/A', NULL),
(37, 'Bug-Byte', 'N/A', NULL),
(38, 'Buka Entertainment', 'N/A', NULL),
(39, 'Bungie', 'N/A', NULL),
(40, 'Camerica', 'N/A', NULL),
(41, 'Capcom', 'M', NULL),
(42, 'CD Projekt RED', 'N/A', NULL),
(43, 'cdv Software Entertainment', 'N/A', NULL),
(44, 'CI Games', 'N/A', NULL),
(45, 'Codemasters', 'M', NULL),
(46, 'Coleco', 'N/A', NULL),
(47, 'Color Dreams', 'N/A', NULL),
(48, 'Conspiracy Entertainment', 'N/A', NULL),
(49, 'Crave Entertainment', 'N/A', NULL),
(50, 'Culture Brain', 'N/A', NULL),
(51, 'Crystal Dynamics', 'N/A', NULL),
(52, 'Cyberdreams', 'N/A', NULL),
(53, 'D3 Publisher', 'N/A', NULL),
(54, 'Daybreak Game Company', 'N/A', NULL),
(55, 'Data East', 'N/A', NULL),
(56, 'Deep Silver', 'N/A', NULL),
(57, 'Destineer', 'N/A', NULL),
(58, 'Disney Interactive Studios', 'N/A', NULL),
(59, 'DreamCatcher Games', 'N/A', NULL),
(60, 'Dtp entertainment', 'N/A', NULL),
(61, 'Eidos Interactive', 'M', NULL),
(62, 'Electronic Arts', 'M', NULL),
(63, 'Enix', 'N/A', NULL),
(64, 'Epyx', 'N/A', NULL),
(65, 'FASA', 'N/A', NULL),
(66, 'First Star Software', 'N/A', NULL),
(67, 'Feral Interactive', 'N/A', NULL),
(68, 'Fox Interactive', 'M', NULL),
(69, 'Fresh Games', 'N/A', NULL),
(70, 'Fujisankei Communications International', 'N/A', NULL),
(71, 'Funcom', 'N/A', NULL),
(72, 'Gamecock', 'N/A', NULL),
(73, STRINGDECODE('GAM\u00c9RICA'), 'N/A', NULL),
(74, 'Ghostlight', 'N/A', NULL),
(75, 'Global Star Software', 'N/A', NULL),
(76, 'GOD Games', 'N/A', NULL),
(77, 'GOG Ltd', 'N/A', NULL),
(78, 'Gogii Games', 'N/A', NULL),
(79, 'Got Game Entertainment', 'N/A', NULL),
(80, 'Gravity', 'N/A', NULL),
(81, 'Gremlin Interactive', 'N/A', NULL),
(82, 'GSC World Publishing', 'N/A', NULL),
(83, 'GT Interactive', 'M', NULL),
(84, 'Gust Corporation', 'N/A', NULL),
(85, 'Hasbro Interactive', 'N/A', NULL),
(86, 'Her Interactive', 'N/A', NULL),
(87, 'Hi Tech Expressions', 'N/A', NULL),
(88, 'Hudson Soft', 'N/A', NULL),
(89, 'Iceberg Interactive', 'N/A', NULL),
(90, 'Ignition Entertainment', 'N/A', NULL),
(91, 'Imagic', 'N/A', NULL),
(92, 'indiePub Entertainment', 'N/A', NULL),
(93, 'Infocom', 'N/A', NULL),
(94, 'Infogrames', 'M', NULL),
(95, 'Inscape', 'N/A', NULL),
(96, 'Interceptor Micros', 'N/A', NULL),
(97, 'Interplay Entertainment', 'M', NULL),
(98, 'inXile Entertainment', 'N/A', NULL),
(99, 'Irem', 'N/A', NULL),
(100, 'Jaleco', 'N/A', NULL),
(101, 'JoWooD Productions', 'N/A', NULL),
(102, 'K2 Network (Gamersfirst)', 'N/A', NULL),
(103, 'Kaneko', 'N/A', NULL),
(104, 'Kemco', 'N/A', NULL),
(105, 'Koch Media', 'N/A', NULL),
(106, 'Koei', 'N/A', NULL),
(107, 'Koei Tecmo', 'N/A', NULL),
(108, 'Konami', 'M', NULL),
(109, 'Legacy Interactive', 'N/A', NULL),
(110, 'Linux Game Publishing', 'N/A', NULL),
(111, 'LJN', 'N/A', NULL);      
INSERT INTO PUBLIC.PUBLISHER(ID, NAME, CONTENT_RATING, COUNTRY_CODE) VALUES
(112, 'Loki Software', 'N/A', NULL),
(113, 'LucasArts', 'M', NULL),
(114, 'Marvelous AQL', 'N/A', NULL),
(115, 'Mastiff', 'N/A', NULL),
(116, 'Matrix Games', 'N/A', NULL),
(117, 'Mattel Interactive', 'N/A', NULL),
(118, 'Maximum Games', 'N/A', NULL),
(119, 'Maxis', 'N/A', NULL),
(120, 'Meldac', 'N/A', NULL),
(121, STRINGDECODE('Micro\u00efds'), 'N/A', NULL),
(122, 'MicroProse', 'M', NULL),
(123, 'Microsoft Game Studios', 'M', NULL),
(124, 'Midway Games', 'N/A', NULL),
(125, 'Mindscape', 'N/A', NULL),
(126, 'MTV Games', 'M', NULL),
(127, 'Muse Software', 'N/A', NULL),
(128, 'Namco', 'M', NULL),
(129, 'NCsoft', 'N/A', NULL),
(130, 'Netdragon', 'N/A', NULL),
(131, 'Netease', 'N/A', NULL),
(132, 'New World Computing', 'N/A', NULL),
(133, 'Nexon', 'N/A', NULL),
(134, 'Nintendo', 'M', NULL),
(135, 'Nippon Ichi Software', 'N/A', NULL),
(136, 'Nihon Bussan', 'N/A', NULL),
(137, 'Nokia', 'N/A', NULL),
(138, 'Nordic Games GmbH', 'N/A', NULL),
(139, 'Nova Games', 'N/A', NULL),
(140, 'O3 Entertainment', 'N/A', NULL),
(141, 'Ocean Software', 'N/A', NULL),
(142, 'Origin Systems', 'N/A', NULL),
(143, 'Oxygen Games', 'N/A', NULL),
(144, 'Panesian Taiwan', 'N/A', NULL),
(145, 'Paradox Interactive', 'N/A', NULL),
(146, 'Penguin Software', 'N/A', NULL),
(147, 'Perfect World', 'N/A', NULL),
(148, 'Petroglyph Games', 'N/A', NULL),
(149, 'PlayFirst', 'N/A', NULL),
(150, 'Playlogic Entertainment, Inc.', 'N/A', NULL),
(151, 'Playmates Toys', 'N/A', NULL),
(152, 'PopCap Games', 'N/A', NULL),
(153, 'Programma International', 'N/A', NULL),
(154, 'Psygnosis', 'M', NULL),
(155, 'R2Games', 'N/A', NULL),
(156, 'Red Barrels', 'N/A', NULL),
(157, 'Red Storm Entertainment', 'N/A', NULL),
(158, 'Renovation Products', 'N/A', NULL),
(159, 'Riot Games', 'N/A', NULL),
(160, 'Rising Star Games', 'N/A', NULL),
(161, 'Rockstar Games', 'M', NULL),
(162, 'Rovio Entertainment', 'N/A', NULL),
(163, 'Sammy Studios', 'N/A', NULL),
(164, 'SCi Entertainment', 'N/A', NULL),
(165, 'Sega', 'M', NULL),
(166, 'SETA Corporation', 'N/A', NULL),
(167, 'Shanda', 'N/A', NULL),
(168, 'Shrapnel Games', 'N/A', NULL),
(169, 'Sierra Entertainment', 'M', NULL),
(170, 'Slitherine', 'N/A', NULL),
(171, 'Mattel Interactive', 'N/A', NULL),
(172, 'SNK Playmore', 'N/A', NULL),
(173, 'Sony Computer Entertainment', 'M', NULL),
(174, 'Sony Pictures Digital', 'N/A', NULL),
(175, 'SouthPeak Games', 'N/A', NULL),
(176, 'Spectrum HoloByte', 'N/A', NULL),
(177, 'Spil Games', 'N/A', NULL),
(178, 'Square', 'M', NULL),
(179, 'Square Electronic Arts', 'N/A', NULL),
(180, 'Square Enix', 'M', NULL),
(181, 'Stardock', 'M', NULL),
(182, 'Strategic Simulations (SSI)', 'N/A', NULL),
(183, 'Strategy First', 'N/A', NULL),
(184, 'Success', 'N/A', NULL),
(185, 'Sunsoft', 'N/A', NULL),
(186, 'Taito', 'N/A', NULL),
(187, 'Takara', 'N/A', NULL),
(188, 'Takara Tomy', 'N/A', NULL),
(189, 'Take-Two Interactive', 'N/A', NULL),
(190, 'TalonSoft', 'N/A', NULL),
(191, 'Taxan', 'N/A', NULL),
(192, 'Technos Japan', 'N/A', NULL),
(193, 'TecMagik', 'N/A', NULL),
(194, 'Tecmo', 'M', NULL),
(195, 'Telltale Games', 'N/A', NULL),
(196, 'Tencent', 'N/A', NULL),
(197, 'The9', 'N/A', NULL),
(198, 'The Learning Company', 'N/A', NULL),
(199, 'THQ', 'M', NULL),
(200, 'Titus Interactive', 'N/A', NULL),
(201, 'Tomy', 'N/A', NULL),
(202, 'TopWare Interactive', 'N/A', NULL),
(203, 'Tradewest', 'N/A', NULL),
(204, 'Triffix Entertainment', 'N/A', NULL),
(205, 'TT Games', 'N/A', NULL),
(206, 'Ubisoft', 'M', NULL),
(207, 'Ultra Games', 'N/A', NULL),
(208, 'U.S. Gold', 'N/A', NULL),
(209, 'Valve Corporation', 'M', NULL),
(210, 'Vic Tokai', 'N/A', NULL),
(211, 'Vivendi Games', 'N/A', NULL),
(212, 'VoxelStorm', 'N/A', NULL),
(213, 'Wales Interactive', 'N/A', NULL),
(214, 'Wargaming.net', 'N/A', NULL),
(215, 'Warner Bros. Interactive', 'N/A', NULL),
(216, 'Webzen', 'N/A', NULL),
(217, 'Wisdom Tree', 'N/A', NULL),
(218, 'Working Designs', 'N/A', NULL),
(219, 'Xicat Interactive', 'N/A', NULL),
(220, 'XSEED Games', 'N/A', NULL),
(221, 'XS Games', 'N/A', NULL),
(222, 'Yuisy', 'N/A', NULL);   
INSERT INTO PUBLIC.PUBLISHER(ID, NAME, CONTENT_RATING, COUNTRY_CODE) VALUES
(223, 'ZeniMax Media', 'N/A', NULL),
(224, 'Zuxxez Entertainment', 'N/A', NULL),
(225, 'Zushi Games', 'N/A', NULL),
(226, 'Zynga', 'N/A', NULL),
(227, 'Activision O2', 'M', NULL),
(228, 'N/A', 'N/A', NULL),
(229, 'Warner Bros. Interactive Entertainment', 'M', NULL),
(230, 'EU', 'M', NULL),
(231, 'Black Isle Studios', 'M', NULL),
(232, 'EA Sports', 'M', NULL),
(233, 'Konami Digital Entertainment', 'M', NULL),
(234, 'NA', 'M', NULL),
(235, 'Microsoft Studios', 'M', NULL),
(236, STRINGDECODE('LucasArts\nDouble Fine Productions (Remastered)'), 'M', NULL),
(237, 'Konami Corporation', 'M', NULL),
(238, 'CD Projekt', 'M', NULL),
(239, 'Namco Bandai Games', 'M', NULL),
(240, 'Atari', 'M', NULL),
(241, 'JP', 'M', NULL),
(242, 'Mojang', 'M', NULL),
(243, 'EA Sports Big', 'M', NULL),
(244, '[show]', 'M', NULL),
(245, 'Sierra Studios', 'M', NULL),
(246, '[1]', 'M', NULL),
(247, 'SEGA', 'M', NULL),
(248, 'Microsoft', 'M', NULL),
(249, STRINGDECODE('Square (SNES & PS1)\nSquare Enix (NDS & Mobiles)'), 'M', NULL),
(250, 'EA', 'M', NULL),
(251, 'Bandai Namco Games', 'M', NULL),
(252, 'EA Games', 'M', NULL),
(253, 'Sony Computer Entertainment Europe', 'M', NULL),
(254, 'RedOctane', 'M', NULL),
(255, 'Empire Interactive', 'M', NULL),
(256, '2K Sports', 'M', NULL),
(257, 'Ubi Soft', 'M', NULL),
(258, 'Yacht Club Games', 'M', NULL),
(259, 'Virgin Interactive', 'M', NULL),
(260, '989 Studios', 'M', NULL),
(261, 'Mossmouth', 'M', NULL),
(262, 'EA Sports BIG', 'M', NULL),
(263, 'Increpare Games', 'M', NULL),
(264, 'Thomas Happ Games', 'M', NULL),
(265, 'Bandai Namco Entertainment', 'M', NULL),
(266, 'Sega Sports', 'M', NULL),
(267, 'Cdv Software Entertainment', 'M', NULL),
(268, 'NIS America', 'M', NULL),
(269, 'NCSOFT', 'M', NULL),
(270, 'Sierra', 'M', NULL),
(271, 'GT Interactive Software', 'M', NULL),
(272, 'Interplay Productions', 'M', NULL),
(273, STRINGDECODE('\u2039See Tfd\u203a'), 'M', NULL),
(274, 'Vivendi Universal Games', 'M', NULL),
(275, '1C Company', 'N/A', 'RU'),
(276, '2K Games', 'N/A', 'US'),
(277, '3D Realms', 'N/A', 'US'),
(278, 'The 3DO Company', 'N/A', 'US'),
(279, '505 Games', 'N/A', 'IT'),
(280, 'Accolade', 'N/A', 'US'),
(281, 'Acclaim Entertainment', 'N/A', 'US'),
(282, 'Active Gaming Media AGM', 'N/A', 'JP'),
(283, 'Activision', 'N/A', 'US'),
(284, 'Activision Blizzard', 'N/A', 'US'),
(285, 'Agetec', 'N/A', 'US'),
(286, 'Akella', 'N/A', 'RU'),
(287, 'Alten8', 'N/A', 'GB'),
(288, 'Anuman', 'N/A', 'FR'),
(289, 'Apogee Software', 'N/A', 'US'),
(290, 'Arc System Works', 'N/A', 'JP'),
(291, 'Asmik Corporation of America', 'N/A', 'JP'),
(292, 'Aspyr Media', 'N/A', 'US'),
(293, 'Atari, Inc', 'N/A', 'US'),
(294, 'Atari, SA', 'N/A', 'FR'),
(295, 'AQ Interactive', 'N/A', 'JP'),
(296, 'Atlus', 'N/A', 'JP'),
(297, 'Autumn Games', 'N/A', 'US'),
(298, 'Aventurine SA', 'N/A', 'GR'),
(299, 'Bandai Games', 'N/A', 'JP'),
(300, 'Bandai Namco', 'N/A', 'JP'),
(301, 'Banpresto', 'N/A', 'JP'),
(302, 'Bethesda Softworks', 'N/A', 'US'),
(303, 'Big Fish Games', 'N/A', 'US'),
(304, 'Bigben Interactive', 'N/A', 'FR'),
(305, 'Blue Byte Software', 'N/A', 'DE'),
(306, 'Bullet-Proof Software', 'N/A', 'JP'),
(307, STRINGDECODE('Br\u00f8derbund'), 'N/A', 'US'),
(308, 'Black Shell Games', 'N/A', 'US'),
(309, 'Blizzard Entertainment', 'N/A', 'US'),
(310, 'Bohemia Interactive', 'N/A', 'CZ'),
(311, 'Bug-Byte', 'N/A', 'GB'),
(312, 'Buka Entertainment', 'N/A', 'RU'),
(313, 'Bungie', 'N/A', 'US'),
(314, 'Camerica', 'N/A', 'US'),
(315, 'Capcom', 'N/A', 'JP'),
(316, 'CD Projekt RED', 'N/A', 'PL'),
(317, 'cdv Software Entertainment', 'N/A', 'DE'),
(318, 'CI Games', 'N/A', 'PL'),
(319, 'Codemasters', 'N/A', 'GB'),
(320, 'Coleco', 'N/A', 'US'),
(321, 'Color Dreams', 'N/A', 'US'),
(322, 'Conspiracy Entertainment', 'N/A', 'US'),
(323, 'Crave Entertainment', 'N/A', 'US'),
(324, 'Culture Brain', 'N/A', 'JP'),
(325, 'Crystal Dynamics', 'N/A', 'US'),
(326, 'Cyberdreams', 'N/A', 'GB'),
(327, 'D3 Publisher', 'N/A', 'JP'),
(328, 'Daybreak Game Company', 'N/A', 'US'),
(329, 'Data East', 'N/A', 'JP'),
(330, 'Deep Silver', 'N/A', 'DE');            
INSERT INTO PUBLIC.PUBLISHER(ID, NAME, CONTENT_RATING, COUNTRY_CODE) VALUES
(331, 'Destineer', 'N/A', 'US'),
(332, 'Disney Interactive Studios', 'N/A', 'US'),
(333, 'DreamCatcher Games', 'N/A', 'CA'),
(334, 'Dtp entertainment', 'N/A', 'DE'),
(335, 'Eidos Interactive', 'N/A', 'GB'),
(336, 'Electronic Arts', 'N/A', 'US'),
(337, 'Enix', 'N/A', 'JP'),
(338, 'Epyx', 'N/A', 'US'),
(339, 'FASA', 'N/A', 'US'),
(340, 'First Star Software', 'N/A', 'US'),
(341, 'Feral Interactive', 'N/A', 'GB'),
(342, 'Fox Interactive', 'N/A', 'US'),
(343, 'Fresh Games', 'N/A', 'GB'),
(344, 'Fujisankei Communications International', 'N/A', 'US'),
(345, 'Funcom', 'N/A', 'NO'),
(346, 'Gamecock', 'N/A', 'US'),
(347, STRINGDECODE('GAM\u00c9RICA'), 'N/A', 'BR'),
(348, 'Ghostlight', 'N/A', 'GB'),
(349, 'Global Star Software', 'N/A', 'CA'),
(350, 'GOD Games', 'N/A', 'US'),
(351, 'GOG Ltd', 'N/A', 'PL'),
(352, 'Gogii Games', 'N/A', 'CA'),
(353, 'Got Game Entertainment', 'N/A', 'US'),
(354, 'Gravity', 'N/A', 'KR'),
(355, 'Gremlin Interactive', 'N/A', 'GB'),
(356, 'GSC World Publishing', 'N/A', 'UA'),
(357, 'GT Interactive', 'N/A', 'US'),
(358, 'Gust Corporation', 'N/A', 'JP'),
(359, 'Hasbro Interactive', 'N/A', 'US'),
(360, 'Her Interactive', 'N/A', 'US'),
(361, 'Hi Tech Expressions', 'N/A', 'US'),
(362, 'Hudson Soft', 'N/A', 'JP'),
(363, 'Iceberg Interactive', 'N/A', 'NL'),
(364, 'Ignition Entertainment', 'N/A', 'GB'),
(365, 'Imagic', 'N/A', 'US'),
(366, 'indiePub Entertainment', 'N/A', 'US'),
(367, 'Infocom', 'N/A', 'US'),
(368, 'Infogrames', 'N/A', 'FR'),
(369, 'Inscape', 'N/A', 'US'),
(370, 'Interceptor Micros', 'N/A', 'GB'),
(371, 'Interplay Entertainment', 'N/A', 'US'),
(372, 'inXile Entertainment', 'N/A', 'US'),
(373, 'Irem', 'N/A', 'JP'),
(374, 'Jaleco', 'N/A', 'JP'),
(375, 'JoWooD Productions', 'N/A', 'AT'),
(376, 'K2 Network (Gamersfirst)', 'N/A', 'US'),
(377, 'Kaneko', 'N/A', 'JP'),
(378, 'Kemco', 'N/A', 'JP'),
(379, 'Koch Media', 'N/A', 'DE'),
(380, 'Koei', 'N/A', 'JP'),
(381, 'Koei Tecmo', 'N/A', 'JP'),
(382, 'Konami', 'N/A', 'JP'),
(383, 'Legacy Interactive', 'N/A', 'US'),
(384, 'Linux Game Publishing', 'N/A', 'GB'),
(385, 'LJN', 'N/A', 'US'),
(386, 'Loki Software', 'N/A', 'US'),
(387, 'LucasArts', 'N/A', 'US'),
(388, 'Marvelous AQL', 'N/A', 'JP'),
(389, 'Mastiff', 'N/A', 'JP'),
(390, 'Matrix Games', 'N/A', 'US'),
(391, 'Mattel Interactive', 'N/A', 'US'),
(392, 'Maximum Games', 'N/A', 'US'),
(393, 'Maxis', 'N/A', 'US'),
(394, 'Meldac', 'N/A', 'JP'),
(395, STRINGDECODE('Micro\u00efds'), 'N/A', 'FR'),
(396, 'MicroProse', 'N/A', 'US'),
(397, 'Microsoft Game Studios', 'N/A', 'US'),
(398, 'Midway Games', 'N/A', 'US'),
(399, 'Mindscape', 'N/A', 'US'),
(400, 'MTV Games', 'N/A', 'US'),
(401, 'Muse Software', 'N/A', 'US'),
(402, 'Namco', 'N/A', 'JP'),
(403, 'NCsoft', 'N/A', 'KR'),
(404, 'Netdragon', 'N/A', 'CN'),
(405, 'Netease', 'N/A', 'CN'),
(406, 'New World Computing', 'N/A', 'US'),
(407, 'Nexon', 'N/A', 'KR'),
(408, 'Nintendo', 'N/A', 'JP'),
(409, 'Nippon Ichi Software', 'N/A', 'JP'),
(410, 'Nihon Bussan', 'N/A', 'JP'),
(411, 'Nokia', 'N/A', 'FI'),
(412, 'Nordic Games GmbH', 'N/A', 'AT'),
(413, 'Nova Games', 'N/A', 'RU'),
(414, 'O3 Entertainment', 'N/A', 'US'),
(415, 'Ocean Software', 'N/A', 'GB'),
(416, 'Origin Systems', 'N/A', 'US'),
(417, 'Oxygen Games', 'N/A', 'GB'),
(418, 'Panesian Taiwan', 'N/A', 'TW'),
(419, 'Paradox Interactive', 'N/A', 'SE'),
(420, 'Penguin Software', 'N/A', 'US'),
(421, 'Perfect World', 'N/A', 'CN'),
(422, 'Petroglyph Games', 'N/A', 'US'),
(423, 'PlayFirst', 'N/A', 'US'),
(424, 'Playlogic Entertainment, Inc.', 'N/A', 'NL'),
(425, 'Playmates Toys', 'N/A', 'US'),
(426, 'PopCap Games', 'N/A', 'US'),
(427, 'Programma International', 'N/A', 'US'),
(428, 'Psygnosis', 'N/A', 'GB'),
(429, 'R2Games', 'N/A', 'CN'),
(430, 'Red Barrels', 'N/A', 'CA'),
(431, 'Red Storm Entertainment', 'N/A', 'US'),
(432, 'Renovation Products', 'N/A', 'US'),
(433, 'Riot Games', 'N/A', 'US'),
(434, 'Rising Star Games', 'N/A', 'GB'),
(435, 'Rockstar Games', 'N/A', 'US'),
(436, 'Rovio Entertainment', 'N/A', 'FI'),
(437, 'Sammy Studios', 'N/A', 'JP'),
(438, 'SCi Entertainment', 'N/A', 'GB');           
INSERT INTO PUBLIC.PUBLISHER(ID, NAME, CONTENT_RATING, COUNTRY_CODE) VALUES
(439, 'Sega', 'N/A', 'JP'),
(440, 'SETA Corporation', 'N/A', 'JP'),
(441, 'Shanda', 'N/A', 'CN'),
(442, 'Shrapnel Games', 'N/A', 'US'),
(443, 'Sierra Entertainment', 'N/A', 'US'),
(444, 'Slitherine', 'N/A', 'GB'),
(445, 'Mattel Interactive', 'N/A', 'US'),
(446, 'SNK Playmore', 'N/A', 'JP'),
(447, 'Sony Computer Entertainment', 'N/A', 'JP'),
(448, 'Sony Pictures Digital', 'N/A', 'US'),
(449, 'SouthPeak Games', 'N/A', 'US'),
(450, 'Spectrum HoloByte', 'N/A', 'US'),
(451, 'Spil Games', 'N/A', 'NL'),
(452, 'Square', 'N/A', 'JP'),
(453, 'Square Electronic Arts', 'N/A', 'US'),
(454, 'Square Enix', 'N/A', 'JP'),
(455, 'Stardock', 'N/A', 'US'),
(456, 'Strategic Simulations (SSI)', 'N/A', 'US'),
(457, 'Strategy First', 'N/A', 'CA'),
(458, 'Success', 'N/A', 'JP'),
(459, 'Sunsoft', 'N/A', 'JP'),
(460, 'Taito', 'N/A', 'JP'),
(461, 'Takara', 'N/A', 'JP'),
(462, 'Takara Tomy', 'N/A', 'JP'),
(463, 'Take-Two Interactive', 'N/A', 'US'),
(464, 'TalonSoft', 'N/A', 'US'),
(465, 'Taxan', 'N/A', 'JP'),
(466, 'Technos Japan', 'N/A', 'JP'),
(467, 'TecMagik', 'N/A', 'US'),
(468, 'Tecmo', 'N/A', 'JP'),
(469, 'Telltale Games', 'N/A', 'US'),
(470, 'Tencent', 'N/A', 'CN'),
(471, 'The9', 'N/A', 'CN'),
(472, 'The Learning Company', 'N/A', 'US'),
(473, 'THQ', 'N/A', 'US'),
(474, 'Titus Interactive', 'N/A', 'FR'),
(475, 'Tomy', 'N/A', 'JP'),
(476, 'TopWare Interactive', 'N/A', 'DE'),
(477, 'Tradewest', 'N/A', 'US'),
(478, 'Triffix Entertainment', 'N/A', 'CA'),
(479, 'TT Games', 'N/A', 'GB'),
(480, 'Ubisoft', 'N/A', 'FR'),
(481, 'Ultra Games', 'N/A', 'US'),
(482, 'U.S. Gold', 'N/A', 'GB'),
(483, 'Valve Corporation', 'N/A', 'US'),
(484, 'Vic Tokai', 'N/A', 'JP'),
(485, 'Vivendi Games', 'N/A', 'FR'),
(486, 'VoxelStorm', 'N/A', 'GB'),
(487, 'Wales Interactive', 'N/A', 'GB'),
(488, 'Wargaming.net', 'N/A', 'CY'),
(489, 'Warner Bros. Interactive', 'N/A', 'US'),
(490, 'Webzen', 'N/A', 'KR'),
(491, 'Wisdom Tree', 'N/A', 'US'),
(492, 'Working Designs', 'N/A', 'US'),
(493, 'Xicat Interactive', 'N/A', 'DE'),
(494, 'XSEED Games', 'N/A', 'US'),
(495, 'XS Games', 'N/A', 'US'),
(496, 'Yuisy', 'N/A', 'AR'),
(497, 'ZeniMax Media', 'N/A', 'US'),
(498, 'Zuxxez Entertainment', 'N/A', 'DE'),
(499, 'Zushi Games', 'N/A', 'GB'),
(500, 'Zynga', 'N/A', 'US');    
CREATE CACHED TABLE PUBLIC.PURCHASE_WEBSITE(
    ID INTEGER DEFAULT (NEXT VALUE FOR PUBLIC.SYSTEM_SEQUENCE_E625FFC8_7A08_4E31_B52F_1FC44AC6999D) NOT NULL NULL_TO_DEFAULT SEQUENCE PUBLIC.SYSTEM_SEQUENCE_E625FFC8_7A08_4E31_B52F_1FC44AC6999D,
    NAME VARCHAR(255),
    URL VARCHAR(4000),
    PRICE VARCHAR(255) NOT NULL
);               
ALTER TABLE PUBLIC.PURCHASE_WEBSITE ADD CONSTRAINT PUBLIC.CONSTRAINT_3 PRIMARY KEY(ID);        
-- 54 +/- SELECT COUNT(*) FROM PUBLIC.PURCHASE_WEBSITE;        
INSERT INTO PUBLIC.PURCHASE_WEBSITE(ID, NAME, URL, PRICE) VALUES
(1, 'Best Buy', 'https://0.r.bat.bing.com/?ld=d3r0tsSQFcDB6tadkJDan3vjVUCUzY31viu8nmlIMJzDGKSJfOKkjLqv-PpQfBoAPNOpgf904EH9lq61JecC9PkjjRHL0apYrbFy49Qw6bfxPIJJCJjgYFNtkef1aO1UUyqmtcwuA-Z_KycCFyep_OqOQkC7r2QkkSEBDem2MiLHjabjxI&u=http%3a%2f%2f1207.xg4ken.com%2ftrk%2fv1%3fprof%3d15%26camp%3d9072%26affcode%3dpg193960%26kct%3dmsn%26kchid%3d37041%26cid%3d12480084191%26kdv%3dc%26kpid%3d4901083%26criteriaid%3dkwd-4577816662523024%26queryStr%3dThe%2520Legend%2520of%2520Zelda%253A%2520Ocarina%2520of%2520Time%26adgroupid%3d4968782430%26campaignid%3d53942171%26url%3dhttp%3a%2f%2fwww.bestbuy.com%2fsite%2fnintendo-selects-the-legend-of-zelda-ocarina-of-time-3d-nintendo-3ds%2f4901083.p%3fskuId%3d4901083%26ref%3d06%26loc%3d01%26ksid%3d_kenshoo_clickid_%26ksprof_id%3d15%26ksaffcode%3dpg193960%26ksdevice%3dc', '$19.99'),
(2, 'Target', 'https://65002562.r.bat.bing.com/?ld=d3lMO34GD2rhPJceaukxmBUzVUCUzhz2UA86cKQSIk_OYSuZnvzUfWnHRvm2rO1tWCoydiKcZ7r70BqEpBqdCZz_U16Ai9LA8V-X9VA7u81ggFm_1hArj7CokS1PYCunNJLAxbmwDr0JmkMvQEq0cuyRMBO3lZu7bGcHGjBNM7No6kOM5y&u=http%3a%2f%2fclickserve.dartsearch.net%2flink%2fclick%3flid%3d92700008905096006%26ds_s_kwgid%3d58700000853378974%26ds_e_adid%3d2585928852%26ds_s_inventory_feed_id%3d97700000001734779%26ds_e_product_group_id%3d1103400012476%26ds_e_product_id%3d50662793%26ds_e_product_country%3dUS%26ds_e_product_language%3den%26ds_e_product_channel%3donline%26ds_url_v%3d2%26ds_dest_url%3dhttp%3a%2f%2fwww.target.com%2fp%2fnintendo-selects-the-legend-of-zelda-ocarina-time-3d-3ds%2f-%2fA-50662793%26ref%3dtgt_adv_XS000000%26AFID%3dbing_pla_df%26CPNG%3d%5b*Campaign*%5d%26adgroup%3d%5b*Adgroup*%5d%26LID%3d%5b*EngineAccountID*%5dpbs%26gclid%3d%5b*GCLID*%5d%26network%3ds%26device%3dc%26querystring%3dThe%2520Legend%2520of%2520Zelda%253A%2520Ocarina%2520of%2520Time', '$15.99'),
(3, STRINGDECODE('Toys & Babi\u2026'), 'https://2628382.r.bat.bing.com/?ld=d3rqc76qQ7PGq5WJDWzdz4ajVUCUx2KO7HwuhVmgsajfkE5Usijy2w0lJ9tu9rDFTruK2w41sMJFF-v8qKHsDwa8a9swZPNYzJP7Evnghv3sw4vKBxQdTmcYsygCnStax47tao5gKPssNNkybVZ1py3qR1ZoGRmvkRtOgLT5WBgBFvFIqk&u=http%3a%2f%2fdms.netmng.com%2fsi%2fcm%2ftracking%2fclickredirect.aspx%3fsiclientId%3d11090%26IOGtrID%3d17.402432%26seid%3d82%26sicreative%3d12226682536%26sidevice%3dc%26siproduct_id%3d23726842%26siproduct_partition_id%3d1100405181119%26siquerystring%3dThe%2520Legend%2520of%2520Zelda%253A%2520Ocarina%2520of%2520Time%26ioc%3d61867923%26iog%3d4849354137%26iotid%3dkwd-1100405181119%26sinetwork%3do%26redirecturl%3dhttp%253A%252F%252Fwww.toysrus.com%252Fentry.point%253Fentry%253D89073046%2526source%253DCASHOP_DF%253A89073046%253ATRUS%2526cagpspn%253Dbingplat_23726842%2526camp%253DPLAPPCY-_-PID23726842%253ATRUS', '$19.99'),
(4, 'Walmart', 'https://61000007.r.bat.bing.com/?ld=d3M_QDFy_PfM3-E98tj3ds_TVUCUw4vEq0987_UrNHSQNomL8-MRWWxW00bNyUBfyXlc8eX4HzNW69a3gqn0S_XiboGMe3ae3eKWFHNfP_wZlnj66SyPAb8PLp7mADAXeM7aFwT0BwNhb94Ec34NPpx8owudraYhvZx57x8yPMJUZe8qKJ&u=http%3a%2f%2fwww.walmart.com%2fip%2f9853799%3fwmlspartner%3dwmtlabs%26adid%3d22222222222001205987%26wmlspartner%3dwmtlabs%26wl0%3de%26wl1%3do%26wl2%3dc%26wl3%3d10352705012%26wl4%3dkwd-1103058068225%26wl12%3d9853799_0%26wl14%3dThe%2520Legend%2520of%2520Zelda%253A%2520Ocarina%2520of%2520Time%26veh%3dsem', '$8.80'),
(5, 'Lukie Games', 'https://593999.r.bat.bing.com/?ld=d3-jI7SNafLi00xmsUIFvJ6TVUCUzTP3vrZKTEIcgI_0skyAN1XSKp3slCtdeUzeOVu1KP-XF3rAs8xSLe7iWs7LXvflVTqr01MzVP_YT_RUH1eNGfTQeAbhaXqfJLyUZ950SMQYyLSyYcgKmZLDhipP5tmID82n5-s521h7J-Z-Co-ZKg&u=http%3a%2f%2fwww.lukiegames.com%2fLegend-of-Zelda-Ocarina-of-Time-Collectors-Edition-Nintendo-64-N64-Game.html%3futm_source%3dbing%26utm_medium%3dcpc%26utm_campaign%3dShopping%25201%26utm_term%3d1100308668365%26utm_content%3dAd%2520group%2520%25231', '$49.97'),
(6, 'AwardWiki', 'https://1453991.r.bat.bing.com/?ld=d3ePG6D7OPofxIyZdQRjMtJTVUCUz9NJAGQlnUZq47B3wCBgX6WyNepLSboA9LYKKf2ypV8YranRwC58hch7I0RUi5t3NNBtGcEIgz6FR6mnkC_oRc7gRYzSYCApQVyvt_08KTYawD7lVVspNgP9Da0qpAdDUOjl3S2hhYPLCUqx8zEB6R&u=http%3a%2f%2fwww2.awardwiki.net%2fThe-Legend-Of-Zelda-Ocarina-Of-Time-Video-Games%3fchannel%3dbing_ads-20%23B00000DMB3', '$299.99');            
INSERT INTO PUBLIC.PURCHASE_WEBSITE(ID, NAME, URL, PRICE) VALUES
(7, 'eBay', 'https://3184402.r.bat.bing.com/?ld=d36t0Rl6rfx0rKK7hogYauGzVUCUyrap3xlTnP55UiZZP8WV7iBM1ktKmRhXvpNmxQL21yWACohNvJuWD4EHzmFcJ63PuIltrVl7sPP7lXvXNbYayD_SVFaYSi60CJpa5ePlVAe4qyR8jW1Uab2AXzdoc9CS_uEtoVn91jNJZpKkzrw5c3&u=http%3a%2f%2frover.ebay.com%2frover%2f1%2f711-213727-13078-0%2f2%3fkwid%3d1%26itemid%3d351848240739%26mpre%3dhttp%253A%252F%252Fwww.ebay.com%252Fitm%252Flike%252F351848240739%26device%3dc%26cmpgn_id%3d222000019%26ad_grp%3d1335010026', '$39.99'),
(8, 'Microsoft Store', 'https://3197549.r.bat.bing.com/?ld=d3g1gO1rzr08FMnbRNMvk4YDVUCUxxul9G2tC7UKdWmZhgdKpBJWcBSd2ZAAQxjKBi2kErF5yUEQKA5N9-uUKkQrXpwsXI3RLagNP8OpOsTpg3fi0YoiE-AsY8G58IQN8QhYfqWIYuawnDuzMQdYlEBbhPKwi24qJst3lqVMt42BLlHdFI&u=http%3a%2f%2fpixel.everesttech.net%2f4249%2fcq%3fev_sid%3d10%26ev_ltx%3dpla%3atest%26ev_crx%3d13665223750%26ev_mt%3de%26ev_dvc%3dc%26ev_plx%3d318419800%26ev_ptid%3d1104001388178%26url%3dhttps%3a%2f%2fwww.microsoftstore.com%2fstore%2fmsusa%2fen_US%2fpdp%2fproductID.318419800%26%3d%3fVID%3d335715100%2526WT.mc_id%3dus_datafeed_pla_bing%2526WT.mc_id%3dpointitsem%2526WT.mc_id%3dGaming', '$19.99'),
(9, STRINGDECODE('Newegg.c\u2026'), 'https://578790.r.bat.bing.com/?ld=d3p2-ev20gf3GiVmbqa12IUTVUCUzmCD-6_AK9p9VeutP_lOdUrZ_Hr3due0vtnGYm66mbvspaMCY6ZC_CNzDApL07ejF_SD4UyLTCrz5UxeP4kh3dVirInA_gj7ez_K-B3ITemcMTXQSMhM0Ze5brzbciu1tLzx51kTaj_VpqPUGwULM2&u=http%3a%2f%2fclickserve.dartsearch.net%2flink%2fclick%3flid%3d92700008712804790%26ds_s_kwgid%3d58700000778902348%26ds_e_adid%3d2725138493%26ds_s_inventory_feed_id%3d97700000000000031%26ds_e_product_group_id%3d1104800000226%26ds_e_product_id%3dN82E16832137014%26ds_e_product_country%3dUS%26ds_e_product_language%3den%26ds_e_product_channel%3donline%26ds_url_v%3d2%26ds_dest_url%3dhttp%3a%2f%2fwww.newegg.com%2fProduct%2fProduct.aspx%3fItem%3dN82E16832137014%26nm_mc%3dKNC-MSNSearch-PC%26cm_mmc%3dKNC-MSNSearch-PC-_-pla-_-Downloadable%2bSoftware%2b-%2bGames-_-Rockstar%2bGames-_-32137014', '$19.99'),
(10, 'Jet.com', 'https://40062625.r.bat.bing.com/?ld=d3I3YK9zz3DoK_0-xP2qSEHTVUCUxJvSXipjdqZWUQ_gVHBy0CtiXhOveimXymBpOS_OR0lcTAcyxZYI3veTwhzIezMrNb_CzrVjxZOflrQzVcpEo8tZKLqntB2-Pl_8h0QKt2Kx46qI1WpqIMr0JXJGfv-gQTvKqUbWq5segzveVzNDGi&u=http%3a%2f%2f6005.xg4ken.com%2ftrk%2fv1%3fprof%3d419%26camp%3d423036%26affcode%3dpg6705709%26kct%3dmsn%26kchid%3d40062625%26cid%3d75797586739632%26kdv%3dc%26kpid%3df5397fdd1bae4b7d935fae3c3d8258a2%26criteriaid%3dkwd-4579397210239672%26queryStr%3dSuper%2520Mario%2520Galaxy%25202%26adgroupid%3d1212761341732213%26campaignid%3d276117195%26url%3dhttps%3a%2f%2fjet.com%2fproduct%2fdetail%2ff5397fdd1bae4b7d935fae3c3d8258a2%3fjcmp%3dpla%3abng%3anj_video_games_consoles%3avideo_games_consoles_video_games%3ana%3aPLA_276117195_1212761341732213_kwd-4579397210239672%3ana%3ana%3ana%3a2%26code%3dPLA15', '$19.88'),
(11, STRINGDECODE('Thriftbooks.c\u2026'), 'https://41023672.r.bat.bing.com/?ld=d3krPCVvN_xTK-e5U0ECF9XzVUCUyeshluOn56pw5lezBQsPsht0VvCFNvYPBvVoBW3FjSo5k5QyTvE1FyfkkmPvUYNthuoge3iDDeeL4eA6kCnhZBbt00FGkhIlF7o8OtMDdi_Ut4VgscxtPLIsu-LUjNC-6OZ99MKDWR704znjr_Rf5e&u=http%3a%2f%2ftracker.marinsm.com%2frd%3fcid%3dsnl9t30fh0%26lp%3dhttp%3a%2f%2fwww.thriftbooks.com%2fw%2ftony-hawks-pro-skater-3%2f8553138%2f%26utm_source%3dbing%26utm_medium%3dcpc%26utm_campaign%3dBing%2520Shopping%2520%257C%2520Everything%2520Else%26utm_term%3d1101002858882%26utm_content%3dEverything%2520Else%23isbn%3dB00005NN5G%2526mkwid%253DHQtBD9yx%257Cdc%2526pcrid%253D11558792766', '$4.34'),
(12, '2DayDeliver', 'https://3023374.r.bat.bing.com/?ld=d3ccg53NF0iQaPILmXmWTcjDVUCUwMJQsBydhUKipl2njKHA53UH0Xi5sWZtvoC8Fi2Sru4HG2k84r0GONiPq7EvAnOgv72c6M3D6lZr5LEEa6MlxCvWoKjk-w9ljWODL8jBM3VnQTjXdTp2le5V-mshGFvHD3Ek6KEbdPblSLzOcyGEUb&u=http%3a%2f%2fwww.2daydeliver.com%2fproduct_detail.php%3fid%3dSKUB00005NOFM%26last_node%3dGame%2bBoy%2bAdvance%2bGames', '$59.15'),
(13, 'GameStop', 'https://998200.r.bat.bing.com/?ld=d3IcRb1YgktlRv1Lo_f11KfjVUCUybrti0ilNZq2qUFjV-UM50QdL1lEZDoLNa2bT9PBZwnW_IHXXEj9sEA-ph1Obqdu0nP0vQAs0XHtEsq2ahB1lanZRbI0o_JuKmvAv01btLep_LaG6hkcMawGyKHdj2mctXuOx28Ey_Cqw-PFHiyiur&u=http%3a%2f%2fclickserve.dartsearch.net%2flink%2fclick%3f%26%26ds_e_adid%3d9143283114%26ds_e_product_group_id%3d1100400361967%26ds_e_product_id%3d525180%26ds_e_product_country%3dUS%26ds_e_product_language%3dEN%26ds_e_product_channel%3donline%26ds_url_v%3d2%26ds_dest_url%3dhttp%3a%2f%2fwww.gamestop.com%2fpc%2fgames%2fgrand-theft-auto-iii%2f19750%3fcid%3dfds_10000777%26CAWELAID%3d120192760000018748', '$9.99');       
INSERT INTO PUBLIC.PURCHASE_WEBSITE(ID, NAME, URL, PRICE) VALUES
(14, STRINGDECODE('Rakuten.co\u2026'), 'https://33000006.r.bat.bing.com/?ld=d3voZxjB8S-fWo4MTD1qgafDVUCUwQhTeJywWolvNFbArTPu3Euxpf-FqDWqn_z28gjSNIEp3UQoJ_8zqloNVqRDEQom0f8HhqVY-rdVt4wop1CnYF-9thYbXKb_tEjOORt-T4G3j-hIjH31NCanAD_HNlvIND6LGixDNHyefhF-N9BPaE&u=http%3a%2f%2ftracking.deepsearch.adlucent.com%2fadlucent%2fRedirector%3fretailer%3drakuten%26adl_channel%3dbingproductads%26adl_sku%3d409385164%26adl_adType%3dPLA%26adl_adid%3d14194750853%26adl_device%3dc%26adl_plaid%3d1100203642116%26url%3dhttp%3a%2f%2fwww.rakuten.com%2fprod%2fgrand-theft-auto-iii%2f50011090.html%3flistingId%3d409385164%26sclid%3dpla_bing_stores123%26adid%3d27314%26utm_source%3dbing%26utm_medium%3dcpc%26utm_campaign%3dShopping%2520-%2520Product%2520Type%26utm_term%3d1100203642116%26utm_content%3dTech', '$10.55'),
(15, 'Value Find', 'https://2990030.r.bat.bing.com/?ld=d3HGbMisbaH9yr0GLiIezEijVUCUw9Xd42QTaufmPzRV-IORim1gEzAgahmEl-dlZTHHLYLSNWHacohM9M2o427Ps8lIwetWcv8h1cqtKHHvOVb4By08W9_JIKG3nH8NkwWPw_fec-9Y8sXfVF6CQLnNOM7EVGC3wdeGjL1Ls3SeCEZuDI&u=http%3a%2f%2fwww.valuefind.us%2fp%2fbg%2fThe-Legend-Of-Zelda-The-Wind-Waker-Hd-Limited-Edition-Nintendo-Wii-U-1137857.html', '$148.99'),
(16, 'Bonanza', 'https://1129638.r.bat.bing.com/?ld=d3WfCbLj-EzSwq34q6v2Z1xDVUCUy46TocyUBaSj89iPsLs8wclVXgcN2fEYI8bupdssgAjM8D5LN64oYGDHJZMxADuJziXvVZ6Vmhv8vHGTVQ6Eo99gO8cZS2tzSiKl8I9a_fn50_X_GvO5ohKo9lcmJIjU2fZswt6bmZMkrEyJR22CQt&u=http%3a%2f%2fwww.bonanza.com%2flistings%2fGrand-Theft-Auto-Double-Pack-Great-Condition-Complete-Fast-Shipping%2f262956844%3futm_source%3dbing-ads%26utm_medium%3dcpc%26utm_campaign%3dproduct_feed', '$39.93'),
(17, STRINGDECODE('Books-A-Mill\u2026'), 'https://0.r.bat.bing.com/?ld=d3LSifIdd9lbj5LryHOo_9SjVUCUzb1tVVmfBHAqfVnVcNEOrYaTSu7EG68dUF2jRc_VMO_zM2Kuj9YezccRl45yw8Xcs_knVRlpmUiUHwhGDCTmJHgMtvN7RxG0AsfH2UQ7mXyWmRhpOkEf5jQxBb1KRc_vajcnpIvjQX99-EjXPgeS41&u=http%3a%2f%2fwww.booksamillion.com%2fp%2fBaldurs-Gate-II%2fJesse-Russell%2f9785510776720%3fad%3dPFBING', '$19.95'),
(18, 'Pricefalls', 'https://44040949.r.bat.bing.com/?ld=d3N4j55Vcee00kAz4eO1J-rDVUCUzaUu0KWZZXQNHmvaS7GwzgbF1k92uxV5YBarpOWwlqXkut7Go0kJkSxV8zrtiKV9degP3ClZG6qVJrZW_Fb-pbQ7ZnfFblcxJSEJCdLakRWgbB9mUZF4t3V_x3h_Z1OvXHTuBVk3UA8ZP6_TibyjAV&u=http%3a%2f%2fwww.rkdms.com%2fredirect%3fc%3d3163388063%26amp%3ben%3d59%26amp%3bcl%3d900%26amp%3bu%3dhttps%253A%252F%252Fwww.pricefalls.com%252Fproduct%252Fgrand-theft-auto-vice-city-playstation-2%252F88730314%253Futm_source%253DBingShopping%2526utm_medium%253Dcpc%2526utm_term%253DPLA%2526utm_content%253D%25257BProductId%25257D%2526utm_campaign%253DVideoGameAdvantage%252B%25257C%252B2868%2526creative%253D75797588678237%2526device%253Dc%26utm_source%3dbing%26utm_medium%3dcpc%26utm_campaign%3dVideoGameAdvantage%2520%257C%25202868%26utm_term%3d4579397210327501%26utm_content%3dAll%2520Products', '$9.84'),
(19, 'DKOldies', 'https://315306.r.bat.bing.com/?ld=d3q0hzVcdb7QLbEiPArxGtJzVUCUyqXp3ydaYkOta8Gy8uLoBmgOIRQuTm6qCaR5u4VoEJerrVKIKnZfmHLo13EIrLN7HQ_Jk9qVD5h9xncKdfWleBXomci6JUEPMn_SVDtYp1dOKYJkyGYFsbmBtBJ-7bmDC5IsQNIjMUDAfLBdpo5lOz&u=http%3a%2f%2fdkoldies.com%2flegend-of-zelda-collectors-edition-gamecube-game%2f%3fgdffi%3d8c1ab7a0e08a4ae0932a3e7717ae7d4c%26gdfms%3dAA08264477194EAE92ADDFA24D6AC2E7', '$80.00'),
(20, STRINGDECODE('Barnes & No\u2026'), 'https://0.r.bat.bing.com/?ld=d3G2N-LSrHzX48lUP2Sej3LTVUCUwdUUYZZLZb9JsvqGkbprt1is4ZBEERxXW0YnWZMYzBc-ky2Feli6yLxC6U_JGwgJhswIS04urMK5qslE_H7TS1IQn8k-IhTwjlzcgq2tTfKE2dAQO7xX_BM1IWO8RZDoQhewt9RohT6Qc0oJNxqgCZ&u=http%3a%2f%2f5022.xg4ken.com%2ftrk%2fv1%3fprof%3d3%26camp%3d1051426%26affcode%3dpg67440%26kct%3dmsn%26kchid%3d1055003%26cid%3d76759660048679%26kdv%3dc%26kpid%3d9781421523293%26criteriaid%3dkwd-4580359282972271%26queryStr%3dThe%2520Legend%2520of%2520Zelda%253A%2520Majora%27s%2520Mask%26adgroupid%3d1228154494052867%26campaignid%3d279032753%26url%3dhttp%3a%2f%2fwww.barnesandnoble.com%2fw%2fMajoras-Mask-Akira-Himekawa%2f1101057775%3fean%3d9781421523293%26st%3dPLA%26sid%3dBNB_DRS_BN%2bBing%2bBooks_00000000%262sid%3dBing_e%26sourceId%3dPLBiP67440', '$9.99');    
INSERT INTO PUBLIC.PURCHASE_WEBSITE(ID, NAME, URL, PRICE) VALUES
(21, 'HSN', 'https://2658669.r.bat.bing.com/?ld=d3Jr4bQ5yD2wTa24fNFEC2zDVUCUy8mDw-LDQFdk3ICGzu6If2DkR9GSLadrFo5m_CITu8Cf--HQTeBGssUMk8-96Z79U9ucjNfi_oAOS-tQUp-ZIDyUVGZophLoZUZ-Chv8o7bxAXYQxaiSDu885jLY2FrdIAQ4md8gr3wRKawqmTE0JK&u=http%3a%2f%2flink.mercent.com%2fredirect.ashx%3fmr%3amerchantID%3dHSN%26mr%3atrackingCode%3d599BDF41-1161-E511-80F3-005056944E17%26mr%3atargetUrl%3dhttps%3a%2f%2fwww.hsn.com%2fproducts%2fseo%2f7859078%253fsz%253d6%2526sf%253dEC0222%2526ac%253d%2526cm_mmc%253dShopping%2520Engine-_-Bing%2520PA-_-Electronics-_-7859078%2526utm_source%253dbing%2526utm_medium%253dshopping%252520engine%2526utm_content%253d7859078%2526utm_campaign%253d2BSC%2520-%2520Electronics%2520-%2520Video%2520Games%2520%2526%2520Entertainment%2520-%2520Video%2520Games%2520-%2520Xbox%2520360%2520Video%2520Games%2520%2526%2520Systems%26mr%3adevice%3dc%26mr%3aadType%3dpa%26mr%3aad%3d11645657267%26mr%3afilter%3d1100005496721', '$24.95'),
(22, 'GoPeachy.com', 'https://1082311.r.bat.bing.com/?ld=d38IgncuYeFaG_UKCk2CxuFTVUCUwwhpfKwLZcpaK4PCHz401KvDOlhSznAP07wN3VSNxgI3LIWOm9QFERn9pSvfbGaqv24x8WFMd4h-WFYdXEJhCmp2PVdgnoFt7zsUHjcUzDdb9uA9556SKeOuiRd4KEseqznic-mHSHwdFiwAiYdEet&u=http%3a%2f%2fwww.gopeachy.com%2fCall-of-Duty-Infinite-Warfare-Xbox-One-Legacy-Edition--Xbox-One-Xbox-One-Condition-VERY-GOOD_p_382245.html%3fgdffi%3dcffdbea371064b13ad898dcffc75082a%26gdfms%3dDE82F610713B48BCA184BF588DE970EB%26utm_source%3dbing%26utm_medium%3dcpc%26utm_campaign%3dProduct%2520Ad%2520Campaign(BSC)%26utm_term%3d1100202121550%26utm_content%3dAd%2520group%2520%25231', '$60.58'),
(23, 'Kingun.net', 'https://145000366.r.bat.bing.com/?ld=d3Swam0xJ3ez1sCPRCfENSAzVUCUwiH8v1AwLvu-VnUqrgE3k02WOGO-lxa7--z-HZ-i6W9HMVaZ4ajVnxqfx61oPE06s8vX2whYxxnuM_cAzob8bVamiHzY2PwexNMsDbNmUDm6MOzS8XHn8vmFZBoPnfd0MQca5g3GsaLLeMZUIFHQvy&u=http%3a%2f%2fwww.kinguin.net%2fcategory%2f5216%2fcall-of-duty-4-modern-warfare-steam-gift%2f%3fnosalesbooster%3d1%26country_store%3d14%26currency%3dUSD%26utm_source%3dbing%26utm_medium%3dcpc%26utm_campaign%3dKinguin.net%2520-%2520BingShopping%2520-%2520cpc%2520US%252FCA%26utm_term%3d4580015685669177%26utm_content%3dAd%2520group%2520%25231', '$9.96'),
(24, STRINGDECODE('J4 Womens \u2026'), 'https://1850411.r.bat.bing.com/?ld=d32LbEHxUW0_NkPTYU0xxmVTVUCUyeZuSaEWtYF8NtHh3PDxBwl0fpbuWLX5F6gtIJh9vxVCj6beiWpb0u1BfUt9yKcnCMfsJ2CIQfUetmU3zM4Pu5qRn7pn-hgkSipKst_B-h4aZdfHNvzGjY6SOmHGMiRRUmj5feNj3PDixVEjzyFQRe&u=http%3a%2f%2fwww.justforwomensfashion.com%2fNintendo-Selects-The-Legend-of-Zelda-Ocarina-of-Time-3D-3D_i2192402', '$24.99'),
(25, 'J4 Warehouse', 'https://0.r.bat.bing.com/?ld=d3uvtDL1CBOx6Jll0TILFGkDVUCUzxpGyJOX35TAh9EIXEJfwu3NOsYC8lQZETeIbphnklpSIpJynxhhGASe0nMkgn6kuFFBt9Cbh6K4PI8T_JmgrmVnvdV6NZCyJj1TUYPq7ZxdQNWlF_6Oq6vhqefZUwvUvlHSaaj-6a8MaI8jmqlCrO&u=http%3a%2f%2fwww.j4warehouse.com%2fNintendo-Selects-The-Legend-of-Zelda-Ocarina-of-Time-3D-3D_i11525501', '$24.99'),
(26, STRINGDECODE('Green Man \u2026'), 'https://143000284.r.bat.bing.com/?ld=d3_iK9cr7vIJ7BXko-f3XGsDVUCUz6_oNDzW-9nxGlNs-rkURthE1pJMEi-nSnC0lqs8BJiBVWyS7kksIyEnj9X-u_QsEY254nh4pq6XWE2E3BijZ6jyb5BYmGMQva3SCPW7DDVkNUTfATF6kN5sfzSQr6SWkf1C5LF5IgsyUSirUpv74i&u=https%3a%2f%2fwww.greenmangaming.com%2fgames%2ftom-clancys-splinter-cell-chaos-theory%2fusd%2fus%2f%3fesvadt%3d999999-0-63674-1%26esvq%3d%26esvrq%3dTom%2520Clancy%27s%2520Splinter%2520Cell%2520Chaos%2520Theory%26esvcrea%3d74354482739996%26esvd%3dc%26esvt%3d2254-MSUSE335080%26esvo%3dTom%2520Clancys%2520Splinter%2520Cell%2520Chaos%2520Theory%2520(1)%2520-%2520PC%26esvaid%3d50157', '$9.99'),
(27, 'QVC', 'https://2513817.r.bat.bing.com/?ld=d3-vRAQjhKKG-j19qWCr_BhDVUCUyZBpy_eWS6yxHdQB_2yYGqTkHKFLMFTXnEWx94bQvryIuWQjJv0kivQIiUNmHx1H4GiYEm7lveQOATLlwbddDSuknOqzH4iABiNR95yFbULoEdErVS50w_qBrlSqKYlmMxPIscK51Q5Eau-qTjwXcY&u=http%3a%2f%2fwww.qvc.com%2fqvc.product.E148455.html%3fref%3dJF1%26cm_MMC%3dJELLYFISHFEED-_-Electronics%2b-_-%2bSoftware%2b-_-Sid%2bMeier%2527s%2bCivilization%2bIV%2b-%2bWindows%26E148455-000-000%26cvosrc%3dpla.bing.%26mkwid%3ds%257Cdc_pcrid_%7bcreative%7d_pkw__pmt_e%26CAWELAID%3d120240770001629935%26catargetid%3d600006460006143031%26cadevice%3dc', '$29.96');              
INSERT INTO PUBLIC.PURCHASE_WEBSITE(ID, NAME, URL, PRICE) VALUES
(28, 'Sears', 'https://3149318.r.bat.bing.com/?ld=d3qvcAYVtQ_NxUaEox-xlOMDVUCUxdbWGMyAs1xGCwkrIdeKZSR61PNCjQfHMqc9IDF_RYppQq1F0qAXyu6JSBrLQUhp3W9LcsBx9zPzexgXuz9qGl2ZGGtfW8b5dL1rXOhq_XmYbF9vlt8B7Eb9JOD0cfXfGGGKsfqjLnA-y47JnBw4bZ&u=http%3a%2f%2fclickserve.dartsearch.net%2flink%2fclick%3flid%3d92700015901430213%26ds_s_kwgid%3d58700001154341608%26ds_e_adid%3d11075485533%26ds_s_inventory_feed_id%3d97700000001734266%26ds_e_product_group_id%3d1100506279022%26ds_e_product_id%3d05844423000%26ds_e_product_country%3dUS%26ds_e_product_language%3den%26ds_e_product_channel%3donline%26ds_url_v%3d2%26ds_dest_url%3dhttp%3a%2f%2fwww.sears.com%2fnintendo-super-mario-3d-world-for-nintendo-wii%2fp-05844423000P%3fsid%3dIDx20141028xBingPLA%26kpid%3d05844423000%26kispla%3d05844423000P', '$59.99'),
(29, STRINGDECODE('MyComic\u2026'), 'https://34931.r.bat.bing.com/?ld=d3vn8-iUmKm0RvcAaUcRvPIjVUCUzc9o37J0DawJ5EVT_LUL_tla0f9JZq_-QR0Uuca79pcemSfb17fucnaWtFFc0pgeWHSZyZKJMC8lvACisKXpDnJyCfZXTVkGGPrfhD65R-2JFQ6yfQeuim3xq1dc5PVF9Q64WdViQt6vD451D_K1F6&u=http%3a%2f%2f5212.xg4ken.com%2ftrk%2fv1%3fprof%3d2144%26camp%3d121249%26affcode%3dpg258425%26kct%3dmsn%26kchid%3d34931%26cid%3d74079597261542%26kdv%3dc%26kpid%3d33704213%26criteriaid%3dkwd-4577679223295512%26queryStr%3dhttp%253A%252F%252Fwww.mycomicshop.com%26adgroupid%3d1185273540366492%26campaignid%3d53974377%26url%3dhttp%3a%2f%2fwww.mycomicshop.com%2fsearch%3fItemID%3d33704213', '$1.70'),
(30, 'AmazingShop', 'https://2992624.r.bat.bing.com/?ld=d3QSrfKzrCpgZqFOdWUfT8PDVUCUwU-eyTrejcqBpOYfuik-NoXrXEkjpGCd-mvEpVijxEV4ZZfZHJ8JUsX6N_fqTjAxTPTy214yPtBkIbeWKMkVOBri5gED60oirNbCkqG_vo_tQNwf5LGzZjUvdV6SilqNe9uhzwcIuow8TvvQ3SaAAY&u=http%3a%2f%2fwww.amazingshop.us%2fp%2fbg%2fViewtiful-Joe-V02-Dvd-Nla-17556716.html', '$26.99'),
(31, STRINGDECODE('Practicon De\u2026'), 'https://886724.r.bat.bing.com/?ld=d3bTHDVbcr7coFnuCmGjchgTVUCUzI2oD7m0lCWcI_35WTB-MjEPDOYYlExKalIhjzS7OtE4WbzRCFFO1KHGD3sumPSFCsG5FTXf8eTmm7AQTtO3L5MgtklVHQX_Tvf491o2aLmCtq-NJBcknDf0Qrrkn--kdRsyb9_jXB8yEDS7G-t8AX&u=http%3a%2f%2fwww.practicon.com%2fitem%2fbiosonic-wipeout-wipes-xl%2f70550121%3fsrc%3d1000069%26utm_source%3dbing%26utm_medium%3dcpc%26utm_campaign%3dshopping-bing-new%26utm_term%3d1100203571609%26utm_content%3dcoltene-whaldent-inc', '$18.99'),
(32, 'Zazzle', 'https://2514355.r.bat.bing.com/?ld=d3gHI0Pj-zwbzRMotAopVyFzVUCUyYGafoowsG0EQ1JkuC2dsWtjZfb8pq7u0HljLcMAELz81JzUaVco0dsNenofHGiUWr9EkVVladamP9_hNdFIaFCwVltfXzWCo1x0cxY9cdyI49WG29flRev4NwmCz2RDsrQibeYILkXExRz3Qs9EvM&u=http%3a%2f%2fclickserve.dartsearch.net%2flink%2fclick%3flid%3d92700015204901591%26ds_s_kwgid%3d58700001885865241%26ds_e_adid%3d2726443078%26ds_s_inventory_feed_id%3d97700000001996342%26ds_e_product_group_id%3d1104800004439%26ds_e_product_id%3dz168329579426576933%26ds_e_product_country%3dUS%26ds_e_product_language%3den%26ds_e_product_channel%3donline%26ds_url_v%3d2%26ds_dest_url%3dhttp%3a%2f%2fwww.zazzle.com%2frock_band_2_taza-168329579426576933%3frf%3d238772772155923633%26tc%3d%5b*GCLID*%5d%26gsrc%3d%5b*GCLSRC*%5d', '$14.95'),
(33, 'Valore Books', 'https://1782762.r.bat.bing.com/?ld=d3f-Mtx8QeqFFp-rYfP8-c7zVUCUw1hPiK7UVmJ1Lgcvs1bqtfZPb_qFs3H5BN-lo_v4R-1dByyt5cxfRmLdcMUE0LGBSpOecKJAVnBXJilHuwp4Z4rWhXd_IGstWOIAmA-2tI-_beyuwR02FcqIMDGUe2gP_QgT5vtYEVcJ05v6cKtllV&u=http%3a%2f%2fwww.valorebooks.com%2ftextbooks%2fofficial-nintendo-super-smash-bros-melee-players-guide%2f9781930206199%3futm_source%3dBing%26utm_medium%3dcpc%26utm_campaign%3dBingFTP%26date%3d12%2f12%2f16', '$63.80'),
(34, 'Racing Shop', 'https://47082804.r.bat.bing.com/?ld=d3ynNPFUCemnOcNHHvj5I3_zVUCUwKpr2eiXZIzrPZ7zgcY-xlDqpIOLyxNl1XaG6Q5aXBTkLmoqFnKeHv-a0h5t5ItHL5GMe7iHrxgmM0TxzzAwxV-5RV8-yvtfNF9n-4h7oHFvTRV4NZhYxd7u48LbXPWJaXpRxENsICZ6DeFfoIIQcW&u=http%3a%2f%2fwww.racing-shopper.com%2fstore%2f5a-11846801-B002BSA2LQ-Forza_Motorsport_3_Xbox_360.html', '$9.98'),
(35, 'JCPenney', 'https://2703313.r.bat.bing.com/?ld=d3j26XBbZTkpWPx7Hdj9WD6zVUCUw-sQFpMu_11UUn8GR85_K1oDMmTrhK1Yb7fesPO3-n99sSTU1JJFrRF7qNW-WcDJ3nBmC4E7qjgA28UEWsOTDKjdhefr_CBKmMTt10SAv-v83PNlDGDA-6OcqQOsGHC8Kvc-Z3o66S9jyGOi-DGvzL&u=http%3a%2f%2ftracking.deepsearch.adlucent.com%2fadlucent%2fRedirector%3fretailer%3djcpenney%26adl_channel%3dbingproductads%26adl_sku%3d65566010018_0BMC%26adl_adType%3dPLA%26adl_adid%3d9341368650%26adl_device%3dc%26adl_plaid%3d1100100961203%26url%3dhttp%3a%2f%2fwww.jcpenney.com%2fxbox-360-batman-arkham-asylum%2fprod.jump%3fppId%3d1e70739%26country%3dUS%26currency%3dUSD%26selectedSKUId%3d65566010018%26selectedLotId%3d6556601%26fromBag%3dtrue%26cm_mmc%3dShoppingFeed-_-BingShopping+-_-Video%2520Games-_-65566010018%26utm_medium%3dcse%26utm_source%3dbingshopping%26utm_campaign%3dvideo%2520games%26utm_content%3d65566010018%26cid%3dcse%7cbing%7c003%2520%252d%2520childrens%7cvideo%2520games_65566010018', '$20.00');           
INSERT INTO PUBLIC.PURCHASE_WEBSITE(ID, NAME, URL, PRICE) VALUES
(36, 'Groupon', 'https://0.r.msn.com/?ld=d34E9PrOJGXgob-Yi9m5t1gTVUCUznBYN-2mVLiwsFmsAaUkwVEAe3dU4IKbX_5mpymtxyaaanvz2ej-q757hD5x6aB6QRis8iRD7wThNpB061XjLsUTlvuTTowAghyi_5lpqm7ZPyux-qJElJK8k7lomFp-aWUMUdTqq90ctxgTu7tWh7&u=http%3a%2f%2flink.mercent.com%2fredirect.ashx%3fmr%3amerchantID%3dGroupon%26mr%3atrackingCode%3dAB710814-07A9-E611-80F2-0050569428E8%26mr%3atargetUrl%3dhttps%3a%2f%2fwww.groupon.com%2fdispatch%2fus%2fdeal%2fgg-mario-tennis-open-for-3ds-3%253fdeal_option%253ddc8a5826-9542-11e6-a3df-00259060b5da%2526utm_source%253dBing%2526utm_medium%253dcpc%2526utm_campaign%253dUS_DT_SEA_BNG_TIM_TTT_PADS_CBP_CHP_NBR_campaignid*53777841_adgroupid*4739261951_productpartitionid*1100310994974_productid*52814359%2526utm_OrderItemId%253d1100310994974%2526utm_TargetId%253dkwd-1100310994974%2526utm_Device%253dc%2526utm_MatchType%253de%2526utm_Campaign%253dAll%2520Products(BSC)%2526utm_AdGroup%253dAll%2520Products%2526utm_AdID%253d12320083571%2526utm_BidMatchType%253dbe%2526utm_QueryString%253d%26mr%3adevice%3dc%26mr%3aadType%3dpa%26mr%3aad%3d12320083571%26mr%3afilter%3d1100310994974', '$19.99'),
(37, 'Bonus Store', 'https://2987305.r.bat.bing.com/?ld=d3n3PcBM5BynnskUUMPnqdojVUCUzSDTilrz2ssU0FjeTkYRWNQ1NTpxO89dHdLZxPz0vWmUellkBSpEwjFm18sS-N6avD4a7JwVXNgclkPa-Ef0xwAJPh2UBVmJf-fecZloF0zFnK2o3_rkRW8l6RA01dl59Cl89BuuLajiCncdegeOmW&u=http%3a%2f%2fwww.bonusstore.us%2fp%2fbg%2fForza-Motorsport-4-Xbox-360-67990536.html', '$33.99'),
(38, 'AHAlife', 'https://2614813.r.bat.bing.com/?ld=d3N9z9nfSnqgvaIxIoJCpbQjVUCUylIzXg9EIsruPN-aFzEnOldbhU0dGCFjLfe8_QDxKeHV9Zku5BmeiWAUrQzl7GCIYiPELpB3LNkeUYqe8lnav95k7rTY_Qw1puIhlWrIgmadC1RuQFUgrBL_O_i_aWQA6V-NcrF3AmAyXXk0yGPFQo&u=http%3a%2f%2fwww.ahalife.com%2fshop%2fproduct%2f149000013502%3futm_source%3dgoogle%26utm_medium%3dcpc%26utm_campaign%3dProductListingAds%26utm_term%3d149000013502%26rw%3d0%26sku_id%3d176000192268', '$240.00'),
(39, 'Houzz Inc', 'https://2974298.r.bat.bing.com/?ld=d3VBT9-CckvE9qis6cPE4sUTVUCUzD5d-FHnoN7JilducXwWUsqBZMnzRLAXcH3bExv2Uvs2-SmHj5ZKz3Ev8QOdXVDG-4OuWwo3qnWylPlOd14YtfjZSP0p2WXkQUrxBg-x7VHjrLRPLXhNHBq47SpIsCwjuo90jMQd_m5qJLxhJXCcre&u=http%3a%2f%2fwww.houzz.com%2fphotos%2f53697762%3fm_refid%3dBing_PLA_53697762', '$71.99'),
(40, STRINGDECODE('MATCHESFA\u2026'), 'https://46120389.r.bat.bing.com/?ld=d3N8N9RiZM_Q1zyDg-i8n0BjVUCUwOrVLxNQbnbqaFO2njBny8NWdXErxF74MMrUZCv5Uv3T0we7x6BAkYuEa4eayIqNknBYv5PtJzCRhO3LxepLcg8llf99vsJW9yVCBddA7E0-ZI9M33eBvjolvSwBeEYzdZP10sCSAYzryzaCHHUjfj&u=http%3a%2f%2fwww.matchesfashion.com%2fus%2fproducts%2f1070069%3fqxjkl%3dtsid%3a87352', '$875.00'),
(41, STRINGDECODE('Village Hat S\u2026'), 'https://18958.r.bat.bing.com/?ld=d3sJoFB2Z6JFHOZgOK-T3pajVUCUyKgzaiubvV0ApfVB7LuHaKKHfFIW5a94BfWFYwh5yDSm8PWUjHxzbNhwOyoeV6gUYkmoTISN4v7bDCwUipK62jLN923QJREHbxOZ5VTY1hgIhf9HXtXjbESUrpxfeuWJ4VSH6BeiApelxmAorBnZ-L&u=http%3a%2f%2fwww.villagehatshop.com%2fproduct%2ffez%2f451139-6130%2fvillage-hat-shop-maroon-fez-w-black-tassel.html%3futm_source%3dbing%26utm_medium%3dcse%26scid%3dscbplp0%26sc_intid%3d451139-74071%26utm_source%3dbing%26utm_medium%3dcpc%26utm_campaign%3dShopping%2520Campaign%26utm_term%3d1100400354481%26utm_content%3dAll%2520Products', '$21.95'),
(42, 'Trend Times', 'https://753093.r.bat.bing.com/?ld=d3Q-DrA-__z-9rzDFGpFnQGjVUCUwhhKoflOBQZjF8M8aTDVaDVfdmYRrXqSuCabnMfM2aoXYzyX8VbezoTHW2-BVb032exvDY4Cf5kl3V20IMeSFXnvBr2potHznWzhUPTcUZo-bBk6LVaQNK8IfVXPYXglloJwMvo-m-u2d0N2XJtihT&u=http%3a%2f%2fwww.trendtimes.com%2ffez-maroon-medium.html%3futm_source%3dbing%26utm_medium%3dppc', '$32.85'),
(43, 'ProFlowers', 'https://1097515.r.bat.bing.com/?ld=d3WIj_XxLIiSJrbjqn-kxRUzVUCUyb-FXL_BCWBSvYibJxyMNCld9y7ezdM9ly7dM4ZqH-x6hNFrryqg2Bjsc8gsQ8jWlxrVGfahsWuFPiNW_mXxmCzjW6nKF3lU0E3oya50gd6wH4OGxjVx-waVLUW_Xf5lEqExDPkkKGhpfOc9EA7bux&u=http%3a%2f%2fclickserve.dartsearch.net%2flink%2fclick%3flid%3d92700015318320556%26ds_s_kwgid%3d58700001899639777%26ds_e_adid%3d76622218535201%26ds_s_inventory_feed_id%3d97700000001003851%26ds_e_product_group_id%3d4580221843959404%26ds_e_product_id%3d30213158%26ds_e_product_country%3dUS%26ds_e_product_language%3dEN%26ds_e_product_channel%3donline%26ds_url_v%3d2%26ds_dest_url%3dhttp%3a%2f%2fwww.proflowers.com%2fproduct%2f-30213158%3fcobrand%3dPFC%26REF%3dPFCFeedBingPLA%26cvosrc%3dShopping.BingPLA.30213158%26CAWELAID%3d130004200000029133%26catargetid%3d130004200000035856%26CADEVICE%3dc', '$19.99');               
INSERT INTO PUBLIC.PURCHASE_WEBSITE(ID, NAME, URL, PRICE) VALUES
(44, 'Florists.com', 'https://0.r.bat.bing.com/?ld=d3TSg8Gvgtfc_F4zTXj0F6dDVUCUxO1aEij5NF36znKuO6Ctd87TogsLEHSps7agcu562TEZtUFmkUbvV8wqXupBAslwkf0zeRHsVhlqO1Z7FL9XgxcKbnhdFUqM0juAvm6x5weN31_OjUpwbVN3piS_MxGKTF8M_K6yKd8DWdXSlx-6gt&u=http%3a%2f%2fwww.florists.com%2fproducts%2fbliss-centerpiece%3futm_source%3dbing%26utm_medium%3dcpc%26utm_campaign%3dPLA%253A%2520Bloomnet%26utm_term%3d1100505828933%26utm_content%3dBloomnet%2520-%2520All%2520Products', '$31.99'),
(45, 'Newegg.com', 'https://1815884.r.bat.bing.com/?ld=d30fXXDzD8s0gG7C1JMqd34jVUCUw2J7oZECWDwn1qwltutcaj-TBljSORH3yPDFfkAYEZk73jaZk5-NNzU5qp6hHFrmLw30gOSlApmTocjDcGgMuMMjbs79GmL4uu3OZhgY8nguI_9WKf6ZcIv5_BUrffCCX1OTBq2JFjOMQNfoD8W6yI&u=http%3a%2f%2frd.become.com%2frd2%3ft%3dhttp%253A%252F%252Fnewegg.com%252FProduct%252FProduct.aspx%253FItem%253DN82E16878190381%2526nm_mc%253DOTC-pr1c3grabb3r%2526cm_mmc%253DOTC-pr1c3grabb3r-_-Software-_-Nintendo-_-N82E16878190381%2526scpid%253D7%2526scid%253Dscsho6101913%26mid%3d28697%26catId%3d15010100%26prodId%3d6526630940%26pos%3d0%26lg%3d0%26bAmt%3d48cd9202db195e9b%26ppr%3ddb1299cf573094eb%26oid%3d6526630940%26atom%3d10614%26bidType%3d10%26bId%3d17%26cobrand%3d1%26mpid%3dN82E16878190381%26countryCode%3dUS%26rf_code%3dbab%26adgroupID%3d14', '$49.99'),
(46, 'Reindeer Toys', 'https://140032953.r.bat.bing.com/?ld=d3ljZdJ6-driZR253eLa950TVUCUxrmLgl9vgb9p-C8FbpOdYYXPYv9ciywTom6kDsZUrgx8NWmYbeIsYWCtH5ylnUuVCi0YWTrwDY5ZZdE5c1UT7r3sHv0XdQejbaZTweONIj2OqGeAKZaudWXsbCYlOg_HljZ3dqKRuTPkUucbMLZY_f&u=http%3a%2f%2fwww.reindeertoys.com%2fstore%2f24a-11846801-B00FRESQYG-World_of_Warcraft_PC_Mac.html', '$9.88'),
(47, STRINGDECODE('Chickadee S\u2026'), 'https://40022065.r.bat.bing.com/?ld=d3vXOrcekBPLCv03jIlLnaQDVUCUwAwxWwCuj0zOMHnkmppgeBAiw78aQ71BA4YDwL_Y68DDDga4xv5J7oW6x0YtiqSk7lToe9IkaqDqpSq_09n46Q1i0utiIfeUQ_NN5ezgpNip9A_ksHdfkjelJjGDxePythxwcKhxtcSegNHgvG-Fb-&u=https%3a%2f%2fapi.shoppingcartapps.com%2fbing-shopping%2ft%2fc.php%3fvid%3d20854006341', '$28.95'),
(48, STRINGDECODE('Game Downl\u2026'), 'https://65002308.r.bat.bing.com/?ld=d313Un_SYIxJUuvtb3JScG9DVUCUxAsrkiv7Yte_79AnN_nIE5zfx8BWqEP-hhldJbcH0g_wu7Kl8e9IvS97wtHQXLWvhlUN3Dtiurtvi41kGWVwO1XjluWjL1m9G-9nnEV4No4AeOn0qjms4RUEwjvL47fRNkHZSgBbAg5bn8XCkrWcC4&u=https%3a%2f%2fwww.gamedownloadkeys.com%2fxcom-enemy-unknown-pc-download', '$9.71'),
(49, 'MeoEstore', 'https://0.r.bat.bing.com/?ld=d3IgIToExVov34A6emlAmszTVUCUyNSPrOLXOLzWQ7UMC7jyTbX7PRx-hYmuJf2EX4YpMiT16MM5aCvajg_m7F0JToIlNa-9Fkl695q_76n333ejKI43Dipeap_ylSUT-1VXk_RK3g3-j-cykn1-GUrJoQPSmZEDCCJy4hmC1N-zfRA5w_&u=http%3a%2f%2fwww.meoestore.com%2fproduct_info.php%2fubi-soft-rise-nations-gold-edition-p-67778', '$1.52'),
(50, 'Sam''s Club', 'https://61000027.r.bat.bing.com/?ld=d3HidN3AeT57BzrPl3bp_rHDVUCUwYCW6hgYkuOzHoND_V_D53tSH50L6G53aywcmR25wRuRU4_pBEoKmpTGeZCCyYjxxxeocETWJfPtunxbC6akP9N8djuuit4e6Ga7mo23j2DsOmVngje5HJydYJuMJyH6B703NDuLd1iMBXP8SV9P32&u=http%3a%2f%2fwww.samsclub.com%2fsams%2fguitar-gero-live-xb1-street-date-10-20-15%2fprod19020602.ip%3fpid%3d_CSE_BING_PLA_123581%26source%3difpla%26CAWELAID%3d730010300000907735%26pid%3dps_230012788%26adid%3d22222222622000068528%26wl0%3de%26wl1%3do%26wl2%3dc%26wl3%3d10352251648%26wl4%3dkwd-1105708107537%26wl12%3d123581%26wl14%3d%26wl15%3d5841941610%26wl16%3d%26veh%3dsem', '$29.98'),
(51, 'Toynk.com', 'https://1691177.r.bat.bing.com/?ld=d3bHMeO0Y8i5e996gjQWzrAzVUCUxESd-WGGbyKf7WMsg9HvFfAp7gAxebL6p6TMFZFBkrvmy68LjR82G8ps7LWd-A99EDFG4IJ6DjxTypBBmAZIeyR5PiVMkIXzlP_LOo-iTLHlMGAuO7_UV9r5wqnyYwJ8ZJ-DSiY_3j4JdL7FnWqPHy&u=http%3a%2f%2ftoynk.com%2fproducts%2flegend-of-zelda-a-link-between-worlds-link-4-5-figma-action-figure-deluxe-version', '$62.99'),
(52, 'Basket Code', 'https://2989964.r.bat.bing.com/?ld=d3oJht0s0nppAqaxgZ0oockDVUCUzjTn5oKTCLXS0l1E6ygVOsxM6ohAf7jhIlXrIqablr4znQ4Ls6WrDNnb0WRhyEVC4enk844umaNChcmMfN33rzO_ay4K2ui2WHQ7CwiGTetHC3H25vlwP3zndDMp4-g06zzS4kLYl3FgQVaUbNacp9&u=http%3a%2f%2fwww.basketcode.com%2fp%2fbg%2fLegend-Of-Zelda-A-Link-Between-Worlds-Zipper-Pouch-Furyu-Blue-Pouch-1637348.html', '$26.99'),
(53, 'GiftTree', 'https://11266.r.bat.bing.com/?ld=d3nKBgNe3C0LL5E0Sm4pOERzVUCUzPnl8yeSgPeSFjNjm6l4ULUlAszND4fpDDNp4qrFWeexDoxZKN6ypj6aK4TLJ0eG_tDQCCVlFGoVwMFfvpyp63gOc8G76aVKFXnipT7k_vDvbsqIZUk6JyyH_bAsiIniPVXF78SYD1lnEJPcPLyqCR&u=https%3a%2f%2fwww.gifttree.com%2fp3%2f13141%2fpolka-dots-and-posies-1%3frefer%3dmsnpla%26utm_source%3dbing%26utm_medium%3dcpc%26utm_term%3d%26utm_content%3d12170559931%26utm_campaign%3dMSN%252BPLA%26kwtype%3de%26kwq%3d', '$39.95');      
INSERT INTO PUBLIC.PURCHASE_WEBSITE(ID, NAME, URL, PRICE) VALUES
(54, STRINGDECODE('DelightsVille.\u2026'), 'https://2776071.r.bat.bing.com/?ld=d3TPtKBkdsPoR1ygj-ivHKwjVUCUwtLp2B4gBMBj-rs1mLCA68rhgIzpplezCN6UrSCrs1VYiTeU4e6LNYef9ptZeG9pkD2HPTq-GQBcS8xvpNgx_qwzPFJGJGWrYBOXCu4oNNNfSOO7PVJ6rZdvOYp0C-to9VvDcKLqmtEaeNGgMXWB8C&u=http%3a%2f%2fwww.delightsville.net%2fproducts%2fxcom-enemy-unknown-ce.html%3futm_source%3dbing%26utm_medium%3dppc', '$64.95');            
CREATE CACHED TABLE PUBLIC.SCORE_WEBSITE(
    ID INTEGER DEFAULT (NEXT VALUE FOR PUBLIC.SYSTEM_SEQUENCE_A9D8BAEE_E188_4EBD_AEB3_CBB5E2B15D6C) NOT NULL NULL_TO_DEFAULT SEQUENCE PUBLIC.SYSTEM_SEQUENCE_A9D8BAEE_E188_4EBD_AEB3_CBB5E2B15D6C SELECTIVITY 100,
    NAME VARCHAR(255) SELECTIVITY 100,
    URL VARCHAR(4000) SELECTIVITY 80,
    SCORE_ID INTEGER SELECTIVITY 100
);              
ALTER TABLE PUBLIC.SCORE_WEBSITE ADD CONSTRAINT PUBLIC.CONSTRAINT_8 PRIMARY KEY(ID);           
-- 130 +/- SELECT COUNT(*) FROM PUBLIC.SCORE_WEBSITE;          
INSERT INTO PUBLIC.SCORE_WEBSITE(ID, NAME, URL, SCORE_ID) VALUES
(1, 'AllGame ', ' https://web.archive.org/web/20141114094542/http://www.allgame.com/game.php?id=11686 ', 2179),
(2, 'Edge ', ' N/A ', 2180),
(3, 'EGM ', ' http://www.1up.com/do/blogEntry?bId=7906056&publicUserId=5739595 ', 2181),
(4, 'Famitsu ', ' http://www.ign.com/articles/1998/11/14/zelda-receives-highest-ever-famitsu-score ', 2182),
(5, 'GamePro ', ' https://web.archive.org/web/20080705035405/http://www.gamepro.com/nintendo/n64/games/reviews/121.shtml ', 2183),
(6, 'Game Revolution ', ' N/A ', 2184),
(7, 'GameSpot ', ' http://www.gamespot.com/reviews/legend-of-zelda-ocarina-of-time-the-review/1900-2543677/ ', 2185),
(8, 'GameTrailers ', ' N/A ', 2186),
(9, 'IGN ', ' http://www.ign.com/articles/1998/11/26/the-legend-of-zelda-ocarina-of-time-review ', 2174),
(10, 'Nintendo Power ', ' N/A ', 2116),
(11, 'RPGamer ', ' http://www.rpgamer.com/games/zelda/urazelda/reviews/z5mqstrev1.html ', 1548),
(12, '1UP.com ', ' http://archive.is/hv5CI ', 2169),
(13, 'CVG ', ' http://www.computerandvideogames.com/187732/reviews/grand-theft-auto-iv-review/ ', 2150),
(14, 'Eurogamer ', ' http://www.eurogamer.net/articles/grand-theft-auto-iv-review ', 2170),
(15, 'Game Informer ', ' https://web.archive.org/web/20080429143518/http://www.gameinformer.com/Games/Review/200806/R08.0425.1548.19614.htm ', 2175),
(16, 'GamesRadar ', ' http://www.gamesradar.com/grand-theft-auto-iv-review/ ', 2153),
(17, 'GameSpy ', ' http://pc.gamespy.com/pc/grand-theft-auto-iv/935454p1.html ', 2163),
(18, 'VideoGamer.com ', ' http://www.videogamer.com/pc/gta_4/review.html ', 2020),
(19, 'GameFan ', ' N/A ', 1877),
(20, 'GameZone ', ' https://web.archive.org/web/20071113153226/http://wii.gamezone.com/gzreviews/r29665.htm ', 2155),
(21, 'ONM ', ' N/A ', 2156),
(22, 'Play ', ' https://web.archive.org/web/20090618170629/http://www.playmagazine.com/?fuseaction=SiteMain.Content&contentid=661 ', 2135),
(23, 'X-Play ', ' N/A ', 2171),
(24, 'Joystiq ', ' http://www.joystiq.com/2013/09/16/grand-theft-auto-5-review/ ', 2099),
(25, 'The Escapist ', ' http://www.escapistmagazine.com/articles/view/editorials/reviews/10598-Grand-Theft-Auto-5-Review-People-Suck ', 1926),
(26, 'PC Gamer (US) ', ' http://www.pcgamer.com/gta-5-review/ ', 2176),
(27, 'N64 Magazine ', ' https://en.wikipedia.org/wiki/Future_Publishing ', 1136),
(28, 'The Electric Playground ', ' https://web.archive.org/web/20030516173556/http://www.elecplay.com/review.html?article=2548&full=1 ', 1755),
(29, 'GameCritics.com ', ' https://web.archive.org/web/20110716114553/http://www.gamecritics.com/review/perfectdark/main.php ', 202),
(30, 'Destructoid ', ' https://en.wikipedia.org/wiki/Jim_Sterling ', 2177),
(31, 'Pocket Gamer ', ' http://www.pocketgamer.co.uk/r/Multiformat/Grand+Theft+Auto+3%3A+10th+Anniversary+Edition/review.asp?c=36169 ', 436),
(32, 'Maximum PC ', ' http://dl.maximumpc.com/Archives/MPC0105-web.pdf ', 2035),
(33, 'The Cincinnati Enquirer ', ' https://web.archive.org/web/20060316101825/http://www.cincinnati.com/freetime/games/reviews/120204_half-life2.html ', 1731),
(34, 'The New York Times ', ' http://www.nytimes.com/2004/11/25/technology/circuits/a-big-sequel-thats-worthy-of-its-lineage.html ', 134),
(35, 'OXM (US) ', ' http://www.oxm.co.uk/article.php?id=1182 ', 2057),
(36, 'PC Gamer (UK) ', ' https://web.archive.org/web/20070910141247/http://www.computerandvideogames.com/article.php?id=169983 ', 1974),
(37, 'PC Zone ', ' http://www.computerandvideogames.com/article.php?id=169992 ', 2043),
(38, 'G4 ', ' http://g4tv.com/games/ps3/57025/Uncharted-2-Among-Thieves/review/ ', 2112),
(39, 'OPM (US) ', ' http://blog.us.playstation.com/2009/09/first-uncharted-2-among-thieves-review-playstation-the-official-magazine/ ', 2089),
(40, 'OPM (UK) ', ' http://www.n4g.com/ps3/News-399880.aspx ', 2137),
(41, 'OPM (AU) ', ' http://www.metacritic.com/games/platforms/ps3/uncharted2amongthieves?tag=topslot;title;1 ', 1928),
(42, 'PSM3 (France) ', ' http://www.n4g.com/News-394102.aspx ', 163),
(43, 'Gamereactor ', ' http://www.gamereactor.no/anmeldelser/118529/Uncharted+2%3A+Among+Thieves/ ', 433);    
INSERT INTO PUBLIC.SCORE_WEBSITE(ID, NAME, URL, SCORE_ID) VALUES
(44, 'Konzolista ', ' https://web.archive.org/web/20091016024856/http://www.konzolista.cz/recenze/uncharted-2-among-thieves_226.html ', 165),
(45, 'GamesMaster ', ' N/A ', 2007),
(46, 'Entertainment Weekly ', ' http://www.ew.com/article/1998/06/19/x-files-gametekken-3gran-turismomulan-animated-storybook ', 189),
(47, 'PSM ', ' http://www.gamerankings.com/ps2/913941-metal-gear-solid-2-sons-of-liberty/index.html ', 2138),
(48, 'PSM3 ', ' http://www.gamerankings.com/ps2/913941-metal-gear-solid-2-sons-of-liberty/index.html ', 2139),
(49, 'GameNOW ', ' http://www.gamerankings.com/ps2/913941-metal-gear-solid-2-sons-of-liberty/index.html ', 2119),
(50, 'Gamer.tv ', ' http://www.gamerankings.com/ps2/913941-metal-gear-solid-2-sons-of-liberty/index.html ', 233),
(51, 'Gaming Target ', ' http://www.gamerankings.com/ps2/913941-metal-gear-solid-2-sons-of-liberty/index.html ', 1551),
(52, 'Just Adventure ', ' http://www.gamerankings.com/ps2/913941-metal-gear-solid-2-sons-of-liberty/index.html ', 235),
(53, 'Maxim ', ' http://www.metacritic.com/game/playstation-2/metal-gear-solid-2-sons-of-liberty ', 2090),
(54, 'Next Generation ', ' http://www.gamerankings.com/ps2/913941-metal-gear-solid-2-sons-of-liberty/index.html ', 1453),
(55, 'CGW ', ' https://web.archive.org/web/20010210175439/www.zdnet.com/cgw/stories/main/0,11529,2656173,00.html ', 2044),
(56, 'FiringSquad ', ' http://www.firingsquad.com/games/bg2/default.asp ', 1490),
(57, 'Gameplanet ', ' https://web.archive.org/web/20081022093014/http://old.gameplanet.co.nz/mag.dyn/Reviews/2233.html ', 1491),
(58, 'Digital Spy ', ' http://www.digitalspy.com/gaming/review/a444386/mobile-review-round-up-gta-vice-city-knightscape-more/ ', 1930),
(59, 'NowGamer ', ' http://www.nowgamer.com/gta-vice-city-ipad-review/ ', 262),
(60, 'The Telegraph ', ' http://www.telegraph.co.uk/technology/mobile-app-reviews/9750548/Grand-Theft-Auto-Vice-City-10th-Anniversary-Edition-review.html ', 263),
(61, 'Touch Arcade ', ' http://toucharcade.com/2012/12/31/grand-theft-auto-vice-city-review-a-totally-rad-port/ ', 264),
(62, 'GMR ', ' http://www.gamerankings.com/n64/197770-the-legend-of-zelda-majoras-mask/articles.html ', 447),
(63, 'Polygon ', ' http://www.polygon.com/2013/6/5/4396286/the-last-of-us-review ', 2178),
(64, 'GamesTM ', ' http://www.gamestm.co.uk/reviews/metal-gear-solid-5-the-phantom-pain-review/ ', 2022),
(65, 'Giant Bomb ', ' http://www.giantbomb.com/reviews/metal-gear-solid-v-the-phantom-pain-review/1900-713/ ', 2103),
(66, 'OXM (UK) ', ' N/A ', 1975),
(67, 'Metro ', ' http://metro.co.uk/2015/09/01/metal-gear-solid-v-the-phantom-pain-review-the-ultimate-sneaking-mission-5370735/ ', 355),
(68, 'PlayStation LifeStyle ', ' http://www.playstationlifestyle.net/2015/08/31/mgsv-the-phantom-pain-review-uncharted-infiltration-ps4 ', 356),
(69, 'The Guardian ', ' http://www.theguardian.com/technology/2015/sep/03/metal-gear-solid-v-the-phantom-pain-review-greatest-stealth-game-ever ', 2010),
(70, 'The Independent ', ' http://www.independent.co.uk/life-style/gadgets-and-tech/gaming/metal-gear-solid-v-review-perhaps-the-finest-actionstealth-game-ever-made-10491473.html ', 358),
(71, 'The Daily Telegraph ', ' http://www.telegraph.co.uk/gaming/what-to-play/metal-gear-solid-v-review/ ', 2049),
(72, 'Time ', ' http://time.com/4008685/metal-gear-solid-phantom-pain-review/ ', 2104),
(73, 'TeamXbox ', ' http://reviews.teamxbox.com/xbox-360/1803/Call-of-Duty-Modern-Warfare-2/p1/ ', 1857),
(74, 'Nintendo World Report ', ' http://www.gamerankings.com/3ds/997842-the-legend-of-zelda-ocarina-of-time-3d/index.html ', 1704),
(75, 'PALGN ', ' http://www.gamerankings.com/3ds/997842-the-legend-of-zelda-ocarina-of-time-3d/index.html ', 2113),
(76, 'Metro (UK) ', ' http://www.metacritic.com/game/3ds/the-legend-of-zelda-ocarina-of-time-3d ', 1278),
(77, 'NGamer ', ' http://www.computerandvideogames.com/game.php?id=1377 ', 1256),
(78, 'Adventure Gamers ', ' http://www.adventuregamers.com/articles/view/17517 ', 2045),
(79, 'AusGamers ', ' http://www.ausgamers.com/games/the-witcher-3-wild-hunt/review/ ', 561);  
INSERT INTO PUBLIC.SCORE_WEBSITE(ID, NAME, URL, SCORE_ID) VALUES
(80, 'New York Daily News ', ' N/A ', 879),
(81, 'Digital Trends ', ' N/A ', 564),
(82, 'GamingSoul ', ' http://www.gamingsoul.com/nintendo/wiiu/review-super-mario-3d-world/ ', 639),
(83, 'NZGamer.com ', ' http://nzgamer.com/pc/reviews/1134/starcraft-ii-wings-of-liberty.html ', 653),
(84, 'Softpedia ', ' http://www.softpedia.com/reviews/games/pc/Starcraft-2-Wings-of-Liberty-Review-149930.shtml ', 654),
(85, 'USA Today ', ' http://pqasb.pqarchiver.com/USAToday/doc/408837885.html?FMT=ABS&FMTS=ABS&date=Oct+27%2C+2000&author=Kent%2C+Steven&pub=USA+TODAY&edition=&startpage=&desc=Game+stars+light+up+PlayStation+2+rollout+Of+the+26+launch+titles%2C+chosen+few+impress+with+style%2C+graphics%2C+humor ', 669),
(86, 'Wired ', ' http://www.wired.com/gamelife/2008/12/review-persona/ ', 1803),
(87, 'Game Chronicles ', ' http://www.gamechronicles.com/reviews/archives/dc/quake3/quake3.htm ', 692),
(88, 'Gaming Age ', ' http://www.gaming-age.com/cgi-bin/reviews/review.pl?sys=dreamcast&game=q3a ', 693),
(89, 'Computer Games Magazine ', ' http://web.archive.org/web/20050307061736/http://www.cdmag.com/articles/023/109/homeworld_review.html ', 2036),
(90, 'PC Advisor ', ' http://www.pcadvisor.co.uk/reviews/software/106505/gears-of-war-2-review/ ', 1469),
(91, 'Official Dreamcast Magazine (UK) ', ' https://en.wikipedia.org/wiki/International_Standard_Serial_Number ', 749),
(92, 'Nintendo Life ', ' N/A ', 1774),
(93, 'GamingUnion.net ', ' http://www.gamingunion.net/reviews/super-street-fighter-iv--225.html ', 925),
(94, 'PSX Extreme ', ' N/A ', 940),
(95, 'GameDaily ', ' https://web.archive.org/web/20071013093554/http://gamedaily.com/games/team-fortress-2/pc/game-reviews/review/6055/1798/ ', 948),
(96, 'USgamer ', ' http://www.usgamer.net/articles/undertale-pc-review-the-art-of-surprise ', 987),
(97, 'Computer Games Strategy Plus ', ' https://web.archive.org/web/20020827125444/www.cdmag.com/articles/016/017/thief_review.html ', 1036),
(98, 'Gamezilla ', ' http://web.archive.org/web/20010303102857/www.gamezilla.com/reviews/u/unrealtournps2.asp ', 1761),
(99, 'Happy Puppy ', ' http://web.archive.org/web/20000818044510/http://www.happypuppy.com/mac/reviews/unrealtour-mac-1.html ', 1762),
(100, 'Inside Mac Games ', ' http://www.insidemacgames.com/reviews/view.php?ID=33 ', 1763),
(101, 'Dreamcast Magazine (UK) ', ' https://ia601705.us.archive.org/28/items/Dreamcast_Magazine_No_34_2002-06_Paragon_Publishing_GB/Dreamcast_Magazine_No_34_2002-06_Paragon_Publishing_GB.pdf#page=50 ', 1764),
(102, 'CNET ', ' https://web.archive.org/web/20000815094600/http://www.gamecenter.com/Reviews/Item/0,6,0-3478,00.html ', 1765),
(103, 'The Adrenaline Vault ', ' http://www.avault.com/reviews/pc/sid-meiers-alpha-centauri-pc-review/ ', 1093),
(104, 'RPGFan ', ' http://www.rpgfan.com/reviews/Xenoblade/index.html ', 1501),
(105, 'Metro GameCentral ', ' http://metro.co.uk/2014/03/11/dark-souls-ii-review-prepare-to-obsess-4527929/ ', 1933),
(106, 'News.com.au ', ' http://www.news.com.au/technology/dishonored-leaves-us-spoiled-for-choice/story-e6frfro0-1226493147466 ', 1217),
(107, 'The Verge ', ' http://www.theverge.com/gaming/2012/10/8/3470486/dishonored-review ', 1218),
(108, 'PlayStation Universe ', ' http://www.psu.com/LittleBigPlanet-2-Video-Review--a010434-p1.php0/ ', 1235),
(109, 'Paste ', ' http://www.pastemagazine.com/articles/2011/01/littlebigplanet-2-review-ps3.html?p=2/ ', 1236),
(110, 'Playboy ', ' https://web.archive.org/web/20020306052954/http://www.playboy.com/sports/games/twisted/index.html ', 1733),
(111, 'Modojo ', ' http://www.webcitation.org/6CIyXveha ', 1386),
(112, 'Cheat Code Central ', ' http://www.webcitation.org/6CIyYoCMk ', 1387),
(113, 'incite PC Gaming ', ' N/A ', 1454),
(114, 'Thunderbolt ', ' http://www.thunderboltgames.com/reviews/article/golden-sun-review-for-gba.html ', 1522),
(115, 'Advance ', ' https://web.archive.org/web/20030130183329/gamesradar.msn.co.uk/reviews/default.asp?subsectionid=170&articleid=63489&pagetype=2 ', 1523),
(116, 'Nintendophiles ', ' http://www.n-philes.com/reviews/165/mario-kart-ds/ ', 1579);    
INSERT INTO PUBLIC.SCORE_WEBSITE(ID, NAME, URL, SCORE_ID) VALUES
(117, 'CheatCodes.com ', ' http://cheatcodes.com/mario-kart-ds-nintendo-ds/ ', 1580),
(118, 'ActionTrip ', ' http://www.actiontrip.com/reviews/rayman2thegreatescape.phtml ', 1610),
(119, 'GamingTrend ', ' http://www.gamingtrend.com/game_reviews/ocean-breathes-salty-legend-zelda-wind-waker-hd-review/ ', 1692),
(120, 'The A.V. Club ', ' http://www.avclub.com/articles/the-legend-of-zelda-phantom-hourglass,7485/ ', 1705),
(121, 'Hardcore Gamer ', ' http://www.hardcoregamer.com/2016/04/20/review-stephens-sausage-roll/203075/ ', 2105),
(122, 'Jeuxvideo.com ', ' http://www.jeuxvideo.com/articles/0000/00000430_test.htm ', 1775),
(123, 'New York Times ', ' http://www.nytimes.com/2007/10/25/technology/circuits/25game.html ', 1793),
(124, 'Mean Machines ', ' N/A ', 1879),
(125, 'PC PowerPlay ', ' N/A ', 1961),
(126, 'Games for Windows ', ' N/A ', 1962),
(127, 'IGN UK ', ' http://au.ps3.ign.com/articles/112/1123409p2.html ', 1967),
(128, 'Electric Playground ', ' https://web.archive.org/web/20010917160512/http://www.elecplay.com/review.html?article=500&full=1 ', 2037),
(129, 'PC Gamer ', ' https://web.archive.org/web/20020806004419/http://www.pcgamer.com/reviews/archives/review_2000-08-17ab.html ', 2038),
(130, 'Detroit Free Press ', ' http://pqasb.pqarchiver.com/freep/doc/436554792.html?FMT=ABS&FMTS=ABS:FT&type=current&date=Mar+6%2C+2005&author=Schaefer%2C+Jim&pub=Detroit+Free+Press&edition=&startpage=&desc=ZOOM%21 ', 2091); 
CREATE CACHED TABLE PUBLIC.SYSTEM(
    ID INTEGER DEFAULT (NEXT VALUE FOR PUBLIC.SYSTEM_SEQUENCE_4479C3B4_CAC8_40EA_B128_BE39BC3C4A71) NOT NULL NULL_TO_DEFAULT SEQUENCE PUBLIC.SYSTEM_SEQUENCE_4479C3B4_CAC8_40EA_B128_BE39BC3C4A71,
    NAME VARCHAR(255)
); 
ALTER TABLE PUBLIC.SYSTEM ADD CONSTRAINT PUBLIC.CONSTRAINT_9 PRIMARY KEY(ID);  
-- 63 +/- SELECT COUNT(*) FROM PUBLIC.SYSTEM;  
INSERT INTO PUBLIC.SYSTEM(ID, NAME) VALUES
(1, 'Nintendo 64'),
(2, 'GameCube'),
(3, 'iQue Player'),
(4, 'PlayStation'),
(5, 'Windows'),
(6, 'Game Boy Color'),
(7, 'Dreamcast'),
(8, 'Mac OS X'),
(9, 'Game Boy Advance'),
(10, 'Xbox'),
(11, 'iOS'),
(12, 'PlayStation 3'),
(13, 'Xbox 360'),
(14, 'Arcade'),
(15, 'Xbox Live Arcade'),
(16, 'Android'),
(17, 'Wii'),
(18, 'PlayStation 4'),
(19, 'Xbox One'),
(20, 'PlayStation 2'),
(21, 'Fire OS'),
(22, 'Linux'),
(23, 'Zeebo'),
(24, 'Wii U'),
(25, 'PC'),
(26, 'Windows Phone'),
(27, 'Super NES'),
(28, 'BlackBerry OS'),
(29, 'Tapwave Zodiac'),
(30, 'Nintendo GameCube'),
(31, 'Nintendo 3DS'),
(32, 'Java ME'),
(33, 'PlayStation Vita'),
(34, 'N-Gage'),
(35, 'Nintendo DS'),
(36, 'iPad'),
(37, 'iPhone'),
(38, 'iPod Touch'),
(39, 'PlayStation Portable'),
(40, 'Windows 8'),
(41, 'Windows RT'),
(42, 'Steam'),
(43, 'PocketStation'),
(44, 'Sega Saturn'),
(45, 'Raspberry Pi'),
(46, 'Universal Windows Platform'),
(47, 'Gizmondo'),
(48, 'WarpOS'),
(49, 'Nintendo DSi'),
(50, 'i-mode'),
(51, 'New Nintendo 3DS'),
(52, 'Virtual Console'),
(53, 'BREW'),
(54, 'Nvidia Shield'),
(55, 'Sega Genesis'),
(56, 'Sega CD'),
(57, 'Wii U Virtual Console'),
(58, 'Xperia Play'),
(59, 'Amazon Fire TV'),
(60, 'Chrome OS'),
(61, 'Blackberry App World'),
(62, 'MS-DOS'),
(63, 'OnLive');     
CREATE CACHED TABLE PUBLIC.WEBSITE_SCORE(
    WEBSITE_ID INTEGER NOT NULL,
    SCORE_ID INTEGER NOT NULL
);    
-- 0 +/- SELECT COUNT(*) FROM PUBLIC.WEBSITE_SCORE;            
CREATE CACHED TABLE PUBLIC.COMMENT(
    ID INTEGER DEFAULT (NEXT VALUE FOR PUBLIC.SYSTEM_SEQUENCE_E227C440_D0A0_4271_9FF1_95734E7DB06E) NOT NULL NULL_TO_DEFAULT SEQUENCE PUBLIC.SYSTEM_SEQUENCE_E227C440_D0A0_4271_9FF1_95734E7DB06E,
    DATE TIMESTAMP,
    TEXT VARCHAR(255)
);            
ALTER TABLE PUBLIC.COMMENT ADD CONSTRAINT PUBLIC.CONSTRAINT_637 PRIMARY KEY(ID);               
-- 3 +/- SELECT COUNT(*) FROM PUBLIC.COMMENT;  
INSERT INTO PUBLIC.COMMENT(ID, DATE, TEXT) VALUES
(1, TIMESTAMP '2016-12-13 08:29:48.518', 'Good game'),
(4, TIMESTAMP '2016-12-13 13:37:20.158', 'This is a great game!'),
(5, TIMESTAMP '2016-12-13 19:12:47.247', 'Wow what a great game!');
CREATE CACHED TABLE PUBLIC.SCORE(
    ID INTEGER DEFAULT (NEXT VALUE FOR PUBLIC.SYSTEM_SEQUENCE_7B968A2E_5E08_41FF_A78F_270DC13C2150) NOT NULL NULL_TO_DEFAULT SEQUENCE PUBLIC.SYSTEM_SEQUENCE_7B968A2E_5E08_41FF_A78F_270DC13C2150 SELECTIVITY 100,
    SCORE VARCHAR(255) SELECTIVITY 18,
    GAME_ID INTEGER SELECTIVITY 9,
    SCORE_WEBSITE_ID INTEGER
); 
ALTER TABLE PUBLIC.SCORE ADD CONSTRAINT PUBLIC.CONSTRAINT_4B PRIMARY KEY(ID);  
-- 2186 +/- SELECT COUNT(*) FROM PUBLIC.SCORE; 
INSERT INTO PUBLIC.SCORE(ID, SCORE, GAME_ID, SCORE_WEBSITE_ID) VALUES
(1, ' 5/5 ', 1, NULL),
(2, ' 10/10', 1, NULL),
(3, ' 10/10', 1, NULL),
(4, ' 40/40', 1, NULL),
(5, ' 5/5 ', 1, NULL),
(6, '', 1, NULL),
(7, ' 10/10', 1, NULL),
(8, ' 10/10', 1, NULL),
(9, ' 10/10', 1, NULL),
(10, ' 9.5/10', 1, NULL),
(11, ' 5/5', 1, NULL),
(12, ' A+', 3, NULL),
(13, ' 10/10', 3, NULL),
(14, ' 9.5/10', 3, NULL),
(15, ' 10/10', 3, NULL),
(16, ' 10/10', 3, NULL),
(17, ' 10/10', 3, NULL),
(18, ' 9/10', 3, NULL),
(19, ' 10/10', 3, NULL),
(20, ' B', 3, NULL),
(21, ' 9.4/10', 3, NULL),
(22, ' 9/10', 3, NULL),
(23, ' 5/5 ', 3, NULL),
(24, ' 9.2/10', 3, NULL),
(25, ' 5/5 ', 3, NULL),
(26, ' 10/10', 3, NULL),
(27, ' 5/5 ', 4, NULL),
(28, ' 10/10 ', 4, NULL),
(29, ' 40/40 ', 4, NULL),
(30, ' B- ', 4, NULL),
(31, ' 8/10 ', 4, NULL),
(32, ' 5/5 ', 4, NULL),
(33, ' 10/10 ', 4, NULL),
(34, ' 10/10 ', 4, NULL),
(35, ' 9.25/10 ', 4, NULL),
(36, ' 98/100 ', 4, NULL),
(37, ' 10/10', 6, NULL),
(38, ' 38/40', 6, NULL),
(39, ' 5/5 ', 6, NULL),
(40, ' A', 6, NULL),
(41, ' 9.5/10', 6, NULL),
(42, ' A', 6, NULL),
(43, ' 9.5/10', 6, NULL),
(44, ' 10/10', 6, NULL),
(45, ' 9.75/10', 6, NULL),
(46, ' 5/5 ', 6, NULL),
(47, ' 5/5 ', 6, NULL),
(48, ' 9.7/10', 6, NULL),
(49, ' 9.8/10', 6, NULL),
(50, ' 97%', 6, NULL),
(51, ' 10/10', 6, NULL),
(52, ' 10 out of 10', 7, NULL),
(53, ' 37 out of 40', 7, NULL),
(54, ' 4.5/5 ', 7, NULL),
(55, ' 10.0 out of 10', 7, NULL),
(56, ' 9.7 out of 10', 7, NULL),
(57, ' 10.0 out of 10', 7, NULL),
(58, ' A', 7, NULL),
(59, ' 9.25 out of 10', 7, NULL),
(60, ' 10 out of 10', 7, NULL),
(61, ' 4.5/5 ', 7, NULL),
(62, ' 97%', 7, NULL),
(63, '', 7, NULL),
(64, ' 10/10', 8, NULL),
(65, ' 9/10', 8, NULL),
(66, ' 10/10', 8, NULL),
(67, ' 9/10', 8, NULL),
(68, ' 9.75/10', 8, NULL),
(69, ' 5/5 ', 8, NULL),
(70, ' 97/100', 8, NULL),
(71, ' 4.5/5 ', 8, NULL),
(72, ' 9/10', 8, NULL),
(73, ' 10/10', 8, NULL),
(74, ' 9.75/10', 8, NULL),
(75, ' 3.5/5 ', 8, NULL),
(76, ' 10/10', 8, NULL),
(77, ' 92%', 8, NULL),
(78, ' 9/10', 13, NULL),
(79, ' 5/5 ', 13, NULL),
(80, ' A-', 13, NULL),
(81, ' 9.9/10', 13, NULL),
(82, ' 9.8/10', 13, NULL),
(83, ' 9.6/10', 13, NULL),
(84, ' 96%', 13, NULL),
(85, ' 10/10', 13, NULL),
(86, ' 9.0/10', 13, NULL),
(87, ' 9/10', 15, NULL),
(88, ' 10/10', 15, NULL),
(89, '', 15, NULL),
(90, ' 9.7/10', 15, NULL),
(91, ' 9.8/10', 15, NULL),
(92, ' 5/5 ', 15, NULL),
(93, ' 9.5/10', 15, NULL),
(94, ' 96/100', 15, NULL),
(95, ' 5/5 ', 16, NULL),
(96, ' 8/10', 16, NULL),
(97, ' 5/5', 16, NULL),
(98, ' A', 16, NULL),
(99, ' 9.3/10', 16, NULL),
(100, ' 9.4/10', 16, NULL),
(101, ' A+', 16, NULL),
(102, ' 10/10', 16, NULL),
(103, ' 9.5/10', 16, NULL),
(104, ' 94/100', 16, NULL),
(105, ' 4/5', 16, NULL),
(106, ' 92%', 16, NULL),
(107, ' 7/10', 16, NULL),
(108, ' 7.5/10', 16, NULL),
(109, ' 5/10', 16, NULL),
(110, ' 7/10', 16, NULL),
(111, ' 9/10', 16, NULL),
(112, ' 9.5/10', 16, NULL),
(113, ' 9.6/10', 16, NULL),
(114, ' 94/100', 16, NULL),
(115, ' 9.6/10', 16, NULL),
(116, ' 10/10', 17, NULL),
(117, ' 9.7/10', 17, NULL),
(118, ' 9.7/10', 17, NULL),
(119, ' 8/10', 17, NULL),
(120, ' 9.5/10', 17, NULL),
(121, ' 80/100', 17, NULL),
(122, ' 5/5 ', 19, NULL),
(123, ' 10/10 ', 19, NULL),
(124, ' 5/5 ', 19, NULL),
(125, ' 9.2/10 ', 19, NULL),
(126, ' 9.7/10 ', 19, NULL),
(127, ' 10/10 ', 19, NULL),
(128, ' 4.5/5 ', 19, NULL),
(129, ' 5/5 ', 19, NULL),
(130, ' 10/10', 19, NULL),
(131, ' 98%', 19, NULL),
(132, ' 11/10', 19, NULL),
(133, ' 4/4 ', 19, NULL),
(134, ' Positive', 19, NULL),
(135, ' 5/5 ', 21, NULL),
(136, ' 8/10', 21, NULL),
(137, ' 10/10', 21, NULL),
(138, ' 9/10', 21, NULL),
(139, ' 9.5/10', 21, NULL),
(140, ' 9.7/10', 21, NULL),
(141, ' A+', 21, NULL),
(142, ' 10/10', 21, NULL),
(143, ' 10/10', 21, NULL),
(144, ' 10/10', 21, NULL),
(145, ' 95%', 21, NULL),
(146, ' 96%', 21, NULL),
(147, ' 9/10', 23, NULL),
(148, ' 92', 23, NULL),
(149, ' A+', 23, NULL),
(150, ' 10/10', 23, NULL),
(151, ' 10/10', 23, NULL),
(152, ' 5/5 ', 23, NULL),
(153, ' 9.5/10', 23, NULL),
(154, ' 9.3/10', 23, NULL),
(155, ' 9.5/10', 23, NULL),
(156, ' 10)', 23, NULL);            
INSERT INTO PUBLIC.SCORE(ID, SCORE, GAME_ID, SCORE_WEBSITE_ID) VALUES
(157, ' 10/10', 23, NULL),
(158, ' 4.5/5 ', 23, NULL),
(159, ' 5/5', 23, NULL),
(160, ' 5/5', 23, NULL),
(161, ' 10/10', 23, NULL),
(162, ' 10/10', 23, NULL),
(163, ' 21/20', 23, NULL),
(164, ' 9/10', 23, NULL),
(165, ' 10/10', 23, NULL),
(166, ' 10/10', 27, NULL),
(167, ' 5/5 ', 27, NULL),
(168, ' 9/10', 27, NULL),
(169, ' 9.5/10', 27, NULL),
(170, ' A', 27, NULL),
(171, ' 9/10', 27, NULL),
(172, ' 10/10', 27, NULL),
(173, ' 5/5 ', 27, NULL),
(174, ' 4.5/5 ', 27, NULL),
(175, ' 10/10', 27, NULL),
(176, ' 10/10', 27, NULL),
(177, ' 4.5/5 ', 28, NULL),
(178, ' 9 / 10', 28, NULL),
(179, ' 39 / 40', 28, NULL),
(180, ' 39 / 40', 28, NULL),
(181, ' 5 / 5', 28, NULL),
(182, ' A-', 28, NULL),
(183, ' 5/5 ', 28, NULL),
(184, ' 9.5 / 10', 28, NULL),
(185, ' 9.9 / 10', 28, NULL),
(186, ' 9.3 / 10', 28, NULL),
(187, ' 5/5 ', 28, NULL),
(188, ' 95%', 28, NULL),
(189, ' A', 28, NULL),
(190, ' 9/10', 29, NULL),
(191, ' 35/40 ', 29, NULL),
(192, ' 4.5/5 ', 29, NULL),
(193, ' A-', 29, NULL),
(194, ' 8.5/10 ', 29, NULL),
(195, ' 9.7/10', 29, NULL),
(196, ' 9.5/10 ', 29, NULL),
(197, ' 4.5/5', 29, NULL),
(198, ' A-', 29, NULL),
(199, ' 10/10', 29, NULL),
(200, ' 9.5/10 ', 29, NULL),
(201, ' 5/5 ', 29, NULL),
(202, ' 7.5/10', 29, NULL),
(203, ' 4.5/5 ', 31, NULL),
(204, ' 40/40', 31, NULL),
(205, ' 9/10', 31, NULL),
(206, ' 9.3/10', 31, NULL),
(207, ' 9.5/10', 31, NULL),
(208, ' 4.5/5 ', 34, NULL),
(209, ' 40 of 40', 34, NULL),
(210, ' 9.3 of 10', 34, NULL),
(211, ' 9.6 of 10', 34, NULL),
(212, ' 5/5 ', 34, NULL),
(213, ' 10 of 10', 34, NULL),
(214, ' 5/5 ', 37, NULL),
(215, ' 8/10', 37, NULL),
(216, '', 37, NULL),
(217, ' 38/40', 37, NULL),
(218, ' 5/5 ', 37, NULL),
(219, ' A', 37, NULL),
(220, ' 9.6/10', 37, NULL),
(221, ' 9.7/10', 37, NULL),
(222, '', 37, NULL),
(223, ' 10/10', 37, NULL),
(224, ' 96/100', 37, NULL),
(225, ' 5/5 ', 37, NULL),
(226, ' 9.8/10', 37, NULL),
(227, ' 5/5 ', 37, NULL),
(228, ' 10/10', 37, NULL),
(229, ' 96%', 37, NULL),
(230, ' 10/10', 37, NULL),
(231, ' 96%', 37, NULL),
(232, ' A+', 37, NULL),
(233, ' 9.6/10', 37, NULL),
(234, ' 9.9/10', 37, NULL),
(235, ' A', 37, NULL),
(236, ' 5/5 ', 37, NULL),
(237, ' 9.7/10', 37, NULL),
(238, ' 5/5 ', 37, NULL),
(239, ' 4/5 ', 39, NULL),
(240, ' 5/5 ', 39, NULL),
(241, ' 9.2/10', 39, NULL),
(242, ' 9.4/10', 39, NULL),
(243, ' 9/10', 39, NULL),
(244, ' 92/100', 39, NULL),
(245, ' 9.5/10', 39, NULL),
(246, ' 8.5/10', 39, NULL),
(247, ' 5/5 ', 39, NULL),
(248, ' 93%', 39, NULL),
(249, ' 9/10', 39, NULL),
(250, ' 5/5', 39, NULL),
(251, ' 5/5 ', 41, NULL),
(252, ' 8/10', 41, NULL),
(253, ' A', 41, NULL),
(254, ' 9.6/10', 41, NULL),
(255, ' 7.7/10', 41, NULL),
(256, ' 9/10', 41, NULL),
(257, ' 10/10', 41, NULL),
(258, ' 93/100', 41, NULL),
(259, ' 7.5/10', 41, NULL),
(260, ' 3/5 ', 41, NULL),
(261, ' 8/10', 41, NULL),
(262, ' 7/10', 41, NULL),
(263, ' 4/5 ', 41, NULL),
(264, ' 4.5/5 ', 41, NULL),
(265, ' 10/10', 41, NULL),
(266, ' 9.6/10', 41, NULL),
(267, ' 95/100', 41, NULL),
(268, ' 9.7/10', 41, NULL),
(269, ' 9.3/10', 41, NULL),
(270, ' 10/10', 44, NULL),
(271, ' 5/5 ', 44, NULL),
(272, ' 9.5/10', 44, NULL),
(273, ' 9.5/10', 44, NULL),
(274, ' 9.7/10', 44, NULL),
(275, ' A', 44, NULL),
(276, ' 8/10', 44, NULL),
(277, ' 9.75/10', 44, NULL),
(278, ' 5/5 ', 44, NULL),
(279, ' 4.5/5 ', 45, NULL),
(280, ' 8/10', 45, NULL),
(281, ' 10/10', 45, NULL),
(282, ' 39/40', 45, NULL),
(283, ' 5/5 ', 45, NULL),
(284, ' B+', 45, NULL),
(285, ' 9.4/10', 45, NULL),
(286, ' 9.8/10', 45, NULL),
(287, ' 10/10', 45, NULL),
(288, ' 9/10', 45, NULL),
(289, ' 4.5/5 ', 45, NULL),
(290, ' 9.8/10', 45, NULL),
(291, ' 5/5 ', 45, NULL),
(292, ' 5/5 ', 45, NULL),
(293, ' 10/10', 45, NULL),
(294, ' 9/10', 46, NULL),
(295, '', 46, NULL),
(296, ' 9.4/10', 46, NULL),
(297, ' 9.8/10', 46, NULL),
(298, ' 10/10', 46, NULL),
(299, ' 5/5', 46, NULL),
(300, ' 5/5 ', 47, NULL),
(301, ' 8.75/10 ', 47, NULL),
(302, ' 39/40 ', 47, NULL),
(303, ' 5/5 ', 47, NULL),
(304, ' 9.2/10 ', 47, NULL),
(305, ' 9.7/10 ', 47, NULL),
(306, ' 4.675/5 ', 47, NULL),
(307, ' 9 / 10', 48, NULL);    
INSERT INTO PUBLIC.SCORE(ID, SCORE, GAME_ID, SCORE_WEBSITE_ID) VALUES
(308, ' 10 / 10', 48, NULL),
(309, ' 37 / 40', 48, NULL),
(310, ' 8.3 / 10', 48, NULL),
(311, ' 9.9 / 10', 48, NULL),
(312, ' 9.4 / 10', 48, NULL),
(313, ' 9.75 / 10', 48, NULL),
(314, ' 9.9 / 10', 48, NULL),
(315, ' 96 / 100', 48, NULL),
(316, ' 96%', 48, NULL),
(317, ' 10 / 10', 48, NULL),
(318, ' 10/10', 49, NULL),
(319, ' 8/10', 49, NULL),
(320, ' 10/10', 49, NULL),
(321, ' 10/10', 49, NULL),
(322, ' 10/10', 49, NULL),
(323, ' 9.5/10', 49, NULL),
(324, ' 5/5 ', 49, NULL),
(325, ' 10/10', 49, NULL),
(326, ' 7.5/10', 49, NULL),
(327, ' 8/10', 53, NULL),
(328, ' 10/10', 53, NULL),
(329, ' 10/10', 53, NULL),
(330, ' 10/10', 53, NULL),
(331, ' 8/10', 53, NULL),
(332, ' 9/10', 54, NULL),
(333, ' 37 ', 54, NULL),
(334, ' 9.0/10', 54, NULL),
(335, ' 9.5/10', 54, NULL),
(336, ' A+', 54, NULL),
(337, ' 10/10', 54, NULL),
(338, ' 9.5/10', 54, NULL),
(339, ' 94/100', 54, NULL),
(340, ' 5/5', 54, NULL),
(341, ' 9.5/10', 57, NULL),
(342, ' 40/40', 57, NULL),
(343, ' 4.5/5 ', 57, NULL),
(344, ' 10/10', 57, NULL),
(345, ' 9/10', 57, NULL),
(346, ' 9.25/10', 57, NULL),
(347, ' 9/10', 57, NULL),
(348, ' 10/10', 57, NULL),
(349, ' 10/10', 57, NULL),
(350, ' 5/5 ', 57, NULL),
(351, ' 93/100', 57, NULL),
(352, ' 5/5 ', 57, NULL),
(353, ' 9/10', 57, NULL),
(354, ' 10/10', 57, NULL),
(355, ' 9/10', 57, NULL),
(356, ' 10/10', 57, NULL),
(357, ' 5/5 ', 57, NULL),
(358, ' 5/5 ', 57, NULL),
(359, ' 5/5 ', 57, NULL),
(360, ' 5/5 ', 57, NULL),
(361, ' 9/10', 60, NULL),
(362, ' 10/10', 60, NULL),
(363, ' 9/10', 60, NULL),
(364, ' 9.5/10', 60, NULL),
(365, ' 10/10', 60, NULL),
(366, ' 10/10', 60, NULL),
(367, ' 5/5 ', 60, NULL),
(368, ' 8/10', 60, NULL),
(369, ' 5/5 ', 60, NULL),
(370, ' 9.5/10', 60, NULL),
(371, ' 91%', 60, NULL),
(372, ' 10/10', 60, NULL),
(373, ' 38 out of 40', 61, NULL),
(374, ' 5/5 ', 61, NULL),
(375, ' 8.5 out of 10', 61, NULL),
(376, ' 9.2 out of 10', 61, NULL),
(377, ' 9.75 out of 10', 61, NULL),
(378, ' 4/5 ', 62, NULL),
(379, ' 39/40', 62, NULL),
(380, ' 5/5 ', 62, NULL),
(381, ' 9.0/10', 62, NULL),
(382, ' 9.5/10', 62, NULL),
(383, ' 9.5/10', 62, NULL),
(384, ' A', 62, NULL),
(385, ' 9.4/10', 62, NULL),
(386, ' 9.75/10', 62, NULL),
(387, ' 10/10', 62, NULL),
(388, ' 5/5 ', 62, NULL),
(389, ' 4/5 ', 62, NULL),
(390, ' 80%', 62, NULL),
(391, ' 9.5/10', 62, NULL),
(392, ' 9.5/10', 62, NULL),
(393, ' 80%', 62, NULL),
(394, ' 5/5 ', 62, NULL),
(395, ' 10/10', 62, NULL),
(396, ' 5/5 ', 62, NULL),
(397, ' 4/5 ', 62, NULL),
(398, ' 5/5 ', 62, NULL),
(399, ' 10/10', 62, NULL),
(400, ' 9.7/10', 62, NULL),
(401, ' 9.5/10 ', 63, NULL),
(402, ' 9.3/10 ', 63, NULL),
(403, ' A ', 63, NULL),
(404, ' 8/10 ', 63, NULL),
(405, ' 5/5 ', 65, NULL),
(406, ' 9/10', 65, NULL),
(407, ' 9.4/10', 65, NULL),
(408, ' 9.4/10', 65, NULL),
(409, ' 9/10', 65, NULL),
(410, ' 10/10', 65, NULL),
(411, ' 5/5 ', 65, NULL),
(412, ' 5/5 ', 65, NULL),
(413, ' 10/10', 65, NULL),
(414, ' 4.5/5 ', 70, NULL),
(415, ' 9.5/10', 70, NULL),
(416, ' 37/40', 70, NULL),
(417, ' 8.5/10', 70, NULL),
(418, ' 9.2/10', 70, NULL),
(419, ' 9.5/10', 70, NULL),
(420, ' 9.5/10', 70, NULL),
(421, ' B+', 70, NULL),
(422, ' 9.4/10', 70, NULL),
(423, ' 10/10 ', 70, NULL),
(424, ' 9.25/10', 70, NULL),
(425, ' 9/10', 70, NULL),
(426, ' 4.5/5 ', 70, NULL),
(427, ' 5/5 ', 70, NULL),
(428, ' 98%', 70, NULL),
(429, ' 9.5/10', 70, NULL),
(430, ' 10/10', 70, NULL),
(431, ' 97/100', 70, NULL),
(432, ' 5/5 ', 70, NULL),
(433, ' 10/10', 70, NULL),
(434, ' 5/5 ', 70, NULL),
(435, ' 9.5/10', 70, NULL),
(436, ' 10/10', 70, NULL),
(437, ' 5/5 ', 70, NULL),
(438, ' 10/10', 70, NULL),
(439, ' 98% ', 71, NULL),
(440, ' 36 / 40 ', 71, NULL),
(441, ' 4.5/5 ', 71, NULL),
(442, ' A- ', 71, NULL),
(443, ' 10 / 10 ', 71, NULL),
(444, ' 9.7 / 10 ', 71, NULL),
(445, ' 5/5 ', 71, NULL),
(446, ' 4/5 ', 71, NULL),
(447, ' 10 / 10 ', 71, NULL),
(448, ' 38/40 ', 77, NULL),
(449, ' 9.6/10 ', 77, NULL),
(450, ' 9.3/10 ', 77, NULL),
(451, ' A', 77, NULL),
(452, ' 4/5 ', 77, NULL),
(453, ' 95/100 ', 77, NULL),
(454, ' 9.5/10 ', 77, NULL),
(455, ' 10/10', 82, NULL);
INSERT INTO PUBLIC.SCORE(ID, SCORE, GAME_ID, SCORE_WEBSITE_ID) VALUES
(456, ' 37/40', 82, NULL),
(457, ' 9.5/10', 82, NULL),
(458, ' 9.8/10', 82, NULL),
(459, ' 9.5/10', 82, NULL),
(460, ' A+', 82, NULL),
(461, ' 10/10', 82, NULL),
(462, ' 9.75/10', 82, NULL),
(463, ' 5/5 ', 82, NULL),
(464, ' 10/10', 82, NULL),
(465, ' 9.0/10', 85, NULL),
(466, ' 9.2/10', 85, NULL),
(467, ' 9.3/10', 85, NULL),
(468, ' A', 85, NULL),
(469, ' 10/10', 85, NULL),
(470, ' 9.25/10 ', 85, NULL),
(471, ' 95%', 85, NULL),
(472, ' 5/5', 85, NULL),
(473, ' 32/40', 87, NULL),
(474, ' 9.0/10', 87, NULL),
(475, ' 9.6/10', 87, NULL),
(476, ' 9/10', 87, NULL),
(477, ' 4/5', 87, NULL),
(478, ' 5/5 ', 88, NULL),
(479, ' 9/10', 88, NULL),
(480, ' 40/40', 88, NULL),
(481, ' 8.5/10', 88, NULL),
(482, ' 9.8/10', 88, NULL),
(483, ' 10/10', 88, NULL),
(484, ' 9/10', 88, NULL),
(485, ' 4.5/5 ', 89, NULL),
(486, ' 9/10', 89, NULL),
(487, ' 4.5/5', 89, NULL),
(488, ' 8/10 ', 89, NULL),
(489, ' 9.3/10 ', 89, NULL),
(490, ' 8/10 ', 89, NULL),
(491, ' 80% ', 89, NULL),
(492, ' 9.0/10', 89, NULL),
(493, ' 4.5/5 ', 89, NULL),
(494, STRINGDECODE(' A\u2212'), 89, NULL),
(495, ' 9.3/10', 89, NULL),
(496, ' 9.4/10', 89, NULL),
(497, ' 91%', 89, NULL),
(498, '', 93, NULL),
(499, ' 5/5', 93, NULL),
(500, ' 9/10', 93, NULL),
(501, '', 93, NULL),
(502, ' 8.5/10', 93, NULL),
(503, ' 7/10', 93, NULL),
(504, ' 9.5/10', 93, NULL),
(505, ' 5/5 ', 93, NULL),
(506, '', 93, NULL),
(507, '', 93, NULL),
(508, '', 93, NULL),
(509, '', 93, NULL),
(510, '', 93, NULL),
(511, '', 93, NULL),
(512, ' 9/10', 93, NULL),
(513, ' 9/10', 93, NULL),
(514, ' 9.8/10', 93, NULL),
(515, ' 8/10', 95, NULL),
(516, ' 40/40', 95, NULL),
(517, ' 5/5', 95, NULL),
(518, ' 10/10', 95, NULL),
(519, ' 9.3/10', 95, NULL),
(520, ' 9.5/10', 95, NULL),
(521, ' 8/10', 95, NULL),
(522, ' 10/10', 95, NULL),
(523, ' 97%', 95, NULL),
(524, ' 4/5 ', 96, NULL),
(525, ' 9.17/10', 96, NULL),
(526, ' 4.5/5', 98, NULL),
(527, ' 9.1/10', 98, NULL),
(528, ' 9.5/10', 98, NULL),
(529, ' 9/10', 98, NULL),
(530, ' 9/10', 98, NULL),
(531, ' 9.5/10', 98, NULL),
(532, ' 5/5', 98, NULL),
(533, ' A-', 99, NULL),
(534, ' 9.4/10', 99, NULL),
(535, ' 9.4/10', 99, NULL),
(536, ' A', 99, NULL),
(537, ' 9.2', 99, NULL),
(538, ' 9/10', 99, NULL),
(539, ' 5/5 ', 99, NULL),
(540, ' 5/5 ', 102, NULL),
(541, ' 10/10', 102, NULL),
(542, ' 9.5/10', 102, NULL),
(543, ' 39/40', 102, NULL),
(544, ' 9.4/10', 102, NULL),
(545, ' 9.8/10', 102, NULL),
(546, ' 9.75/10', 102, NULL),
(547, ' 8/10', 103, NULL),
(548, ' 3.5/5 ', 103, NULL),
(549, ' 10/10', 103, NULL),
(550, ' 9.8/10', 103, NULL),
(551, ' 9.3/10', 103, NULL),
(552, ' 9.75/10', 103, NULL),
(553, ' 4/5 ', 103, NULL),
(554, ' 9/10', 103, NULL),
(555, ' 92/100', 103, NULL),
(556, ' 8/10', 103, NULL),
(557, ' 4.5/5 ', 103, NULL),
(558, ' 4/5 ', 103, NULL),
(559, ' 4/5 ', 103, NULL),
(560, ' 8/10', 103, NULL),
(561, ' 10/10', 103, NULL),
(562, ' 4/5 ', 103, NULL),
(563, ' 5/5 ', 103, NULL),
(564, ' 4/5 ', 103, NULL),
(565, ' 9 of 10', 105, NULL),
(566, ' 40 of 40', 105, NULL),
(567, ' 9.5 of 10', 105, NULL),
(568, ' 9.4 of 10', 105, NULL),
(569, ' 9.5 of 10', 105, NULL),
(570, ' 10 of 10', 105, NULL),
(571, ' A', 105, NULL),
(572, ' 9 of 10', 105, NULL),
(573, ' 95%', 105, NULL),
(574, ' 93%', 105, NULL),
(575, ' 9.0/10', 106, NULL),
(576, ' 9.4/10', 106, NULL),
(577, ' A+', 106, NULL),
(578, ' 10/10', 106, NULL),
(579, ' 10/10', 106, NULL),
(580, ' 5/5 ', 106, NULL),
(581, ' 4/5 ', 107, NULL),
(582, ' 9/10', 107, NULL),
(583, ' 10/10', 107, NULL),
(584, ' 34/40', 107, NULL),
(585, ' 4.5/5 ', 107, NULL),
(586, STRINGDECODE(' A\u2212'), 107, NULL),
(587, ' 8.5/10', 107, NULL),
(588, ' 9.8/10', 107, NULL),
(589, ' 9/10', 107, NULL),
(590, ' 5/5 ', 107, NULL),
(591, '', 109, NULL),
(592, ' 5/5 ', 109, NULL),
(593, ' 9.5/10', 109, NULL),
(594, STRINGDECODE(' 9.3/10[53]\nPSP: 9.3/10[54]\niOS: 9.0/10[55][56]'), 109, NULL),
(595, STRINGDECODE(' A\u2013'), 109, NULL),
(596, ' 9.2/10', 109, NULL),
(597, ' 10/10', 109, NULL),
(598, '', 109, NULL),
(599, ' 4.5/5 ', 109, NULL),
(600, ' 4.5/5 ', 109, NULL),
(601, '', 109, NULL); 
INSERT INTO PUBLIC.SCORE(ID, SCORE, GAME_ID, SCORE_WEBSITE_ID) VALUES
(602, ' 5/5 ', 109, NULL),
(603, ' 5/5 ', 109, NULL),
(604, ' 9.0/10', 109, NULL),
(605, '', 110, NULL),
(606, '', 110, NULL),
(607, ' A ', 110, NULL),
(608, '', 110, NULL),
(609, ' 9/10 ', 110, NULL),
(610, ' 9.8/10 ', 110, NULL),
(611, ' 5/5 ', 113, NULL),
(612, ' A-', 113, NULL),
(613, ' 9.4/10', 113, NULL),
(614, ' 9.4/10', 113, NULL),
(615, ' A+', 113, NULL),
(616, ' 9.4/10', 113, NULL),
(617, ' 9/10', 113, NULL),
(618, ' 9.5/10', 113, NULL),
(619, ' 4/5 ', 113, NULL),
(620, ' 5/5 ', 113, NULL),
(621, ' 5/5 ', 113, NULL),
(622, ' 92/100', 113, NULL),
(623, ' 5/5 ', 113, NULL),
(624, ' 9.2/10', 116, NULL),
(625, ' 9.7/10', 116, NULL),
(626, ' A', 116, NULL),
(627, ' 9/10', 116, NULL),
(628, '', 116, NULL),
(629, ' 9/10', 117, NULL),
(630, ' 38/40', 117, NULL),
(631, ' 9/10', 117, NULL),
(632, ' 9.6/10', 117, NULL),
(633, ' 10/10', 117, NULL),
(634, ' 9.25/10', 117, NULL),
(635, ' 4.55 ', 117, NULL),
(636, ' 5/5 ', 117, NULL),
(637, ' 10/10', 117, NULL),
(638, ' 10/10', 117, NULL),
(639, ' 9.5/10', 117, NULL),
(640, ' B+', 118, NULL),
(641, ' 9.5/10', 118, NULL),
(642, ' 9.5/10', 118, NULL),
(643, ' 9/10', 118, NULL),
(644, ' 9.3/10', 118, NULL),
(645, ' 9/10', 118, NULL),
(646, ' 10/10', 118, NULL),
(647, ' 10/10', 118, NULL),
(648, ' 4/5 ', 118, NULL),
(649, ' 10/10', 118, NULL),
(650, ' 5/5 ', 118, NULL),
(651, ' 5/5 ', 118, NULL),
(652, ' 5/5 ', 118, NULL),
(653, ' 9.8/10', 118, NULL),
(654, ' 9/10', 118, NULL),
(655, ' 4.5/5 ', 119, NULL),
(656, ' 8/10', 119, NULL),
(657, ' 9/10', 119, NULL),
(658, ' 32/40', 119, NULL),
(659, ' 5/5 ', 119, NULL),
(660, STRINGDECODE(' A\u2212'), 119, NULL),
(661, ' 9.4/10', 119, NULL),
(662, ' 9.3/10', 119, NULL),
(663, ' 9/10', 119, NULL),
(664, ' 9.25/10', 119, NULL),
(665, ' 94%', 119, NULL),
(666, ' 92%', 119, NULL),
(667, ' 5/5 ', 119, NULL),
(668, ' 10/10', 119, NULL),
(669, ' 4/4 ', 119, NULL),
(670, ' 9/10 ', 121, NULL),
(671, ' 8.5/10 ', 121, NULL),
(672, ' 9.0/10 ', 121, NULL),
(673, ' A+ ', 121, NULL),
(674, ' 10/10 ', 121, NULL),
(675, ' 9.25/10 ', 121, NULL),
(676, ' 5/5 ', 121, NULL),
(677, ' 96/100', 121, NULL),
(678, ' 9/10', 122, NULL),
(679, ' 33/40', 122, NULL),
(680, ' 5/5', 122, NULL),
(681, ' 9.0', 122, NULL),
(682, ' 9.3/10', 122, NULL),
(683, ' 9.0', 122, NULL),
(684, ' A+', 122, NULL),
(685, ' 8.7/10', 122, NULL),
(686, ' 4 of 5', 122, NULL),
(687, ' 10/10', 122, NULL),
(688, ' A-', 126, NULL),
(689, ' 9.2', 126, NULL),
(690, ' 9.3', 126, NULL),
(691, ' 9/10', 126, NULL),
(692, ' 9.6', 126, NULL),
(693, ' A-', 126, NULL),
(694, ' 4.5 / 5', 127, NULL),
(695, ' 9 / 10', 127, NULL),
(696, ' 9.5 / 10', 127, NULL),
(697, ' 9 / 10', 127, NULL),
(698, ' 93 / 100', 127, NULL),
(699, ' 4.5 / 5', 127, NULL),
(700, ' 8 / 10', 127, NULL),
(701, ' 9 / 10', 127, NULL),
(702, ' 8 / 10', 127, NULL),
(703, ' 92 / 100', 127, NULL),
(704, ' 4.5 / 5', 127, NULL),
(705, ' A', 128, NULL),
(706, ' 7/10', 130, NULL),
(707, ' A, B+, A+', 130, NULL),
(708, ' 38/40', 130, NULL),
(709, ' 9/10 ', 130, NULL),
(710, ' 9.6/10 ', 130, NULL),
(711, ' A', 130, NULL),
(712, ' 10/10', 130, NULL),
(713, ' 9.5/10', 130, NULL),
(714, ' 5/5 ', 130, NULL),
(715, ' 91%', 130, NULL),
(716, ' 10/10', 130, NULL),
(717, ' 9/10', 131, NULL),
(718, ' 5/5 ', 131, NULL),
(719, ' 4.5/5 ', 131, NULL),
(720, ' 9.0/10', 131, NULL),
(721, ' 9.5/10', 131, NULL),
(722, ' 9.5/10', 131, NULL),
(723, ' A', 131, NULL),
(724, ' 9.3/10', 131, NULL),
(725, ' 9/10', 131, NULL),
(726, ' 9/10', 131, NULL),
(727, ' 5/5 ', 131, NULL),
(728, ' 5/5 ', 131, NULL),
(729, ' 9.5/10', 131, NULL),
(730, ' 5/5 ', 131, NULL),
(731, ' 9/10', 131, NULL),
(732, ' 3.5/5 ', 131, NULL),
(733, ' 8/10', 135, NULL),
(734, ' 9.0/10', 135, NULL),
(735, ' 9.5/10', 135, NULL),
(736, ' 9.5/10', 135, NULL),
(737, ' A', 135, NULL),
(738, ' 10/10', 135, NULL),
(739, ' 10/10', 135, NULL),
(740, ' 93/100', 135, NULL),
(741, ' 5/5', 135, NULL),
(742, ' 10/10', 135, NULL),
(743, ' 8/10', 137, NULL),
(744, ' 9.4/10', 137, NULL),
(745, ' 33/40 ', 137, NULL),
(746, ' 9.2/10 ', 137, NULL),
(747, ' 9.2/10', 137, NULL);   
INSERT INTO PUBLIC.SCORE(ID, SCORE, GAME_ID, SCORE_WEBSITE_ID) VALUES
(748, ' 8.5/10 ', 137, NULL),
(749, ' 8/10', 137, NULL),
(750, ' 10/10', 138, NULL),
(751, ' 8.5', 138, NULL),
(752, ' 40/40', 138, NULL),
(753, ' 7.5/10', 138, NULL),
(754, ' 9.1/10', 138, NULL),
(755, ' 10/10', 138, NULL),
(756, ' 9.5/10', 138, NULL),
(757, ' B+', 138, NULL),
(758, ' 10/10', 138, NULL),
(759, ' 10/10', 138, NULL),
(760, ' 4.5/5 ', 138, NULL),
(761, ' 10/10', 138, NULL),
(762, ' 98%', 138, NULL),
(763, ' 4.5/5 ', 138, NULL),
(764, ' 9.5/10', 138, NULL),
(765, ' 8.5 of 10', 139, NULL),
(766, ' 34 of 40', 139, NULL),
(767, ' 5 of 5', 139, NULL),
(768, ' 8.2 of 10', 139, NULL),
(769, ' 9.5 of 10', 139, NULL),
(770, ' 4.5 of 5', 139, NULL),
(771, ' 9 of 10', 139, NULL),
(772, ' 9.5 of 10', 139, NULL),
(773, ' 96 of 100', 139, NULL),
(774, ' 10/10', 140, NULL),
(775, ' 9.0/10', 140, NULL),
(776, ' 8.5/10', 140, NULL),
(777, ' 10/10', 140, NULL),
(778, ' 9.25/10', 140, NULL),
(779, ' 4.5/5 ', 140, NULL),
(780, ' 5/5', 140, NULL),
(781, ' 8.7 of 10[41] ', 141, NULL),
(782, ' 33 out of 40[43] ', 141, NULL),
(783, ' 5 of 5[44] ', 141, NULL),
(784, ' 9.2 of 10[15] ', 141, NULL),
(785, ' 9.5 of 10[46] ', 141, NULL),
(786, ' 9 of 10[7] ', 141, NULL),
(787, ' 5 of 5[10] ', 141, NULL),
(788, ' 100%[47] ', 141, NULL),
(789, ' 4.5/5 ', 143, NULL),
(790, ' 9.17/10', 143, NULL),
(791, ' 30/40', 143, NULL),
(792, ' 4.5/5 ', 143, NULL),
(793, ' 9.6/10', 143, NULL),
(794, ' 8.8/10', 143, NULL),
(795, ' 9.5/10', 143, NULL),
(796, ' 9/10', 143, NULL),
(797, ' 95%', 143, NULL),
(798, ' 4.5/5 ', 143, NULL),
(799, ' 4.5/5 ', 144, NULL),
(800, ' 8 / 10 ', 144, NULL),
(801, ' 9.25 / 10 ', 144, NULL),
(802, ' 5/5 ', 144, NULL),
(803, ' B+ ', 144, NULL),
(804, ' 8.9 / 10 ', 144, NULL),
(805, ' 9 / 10 ', 144, NULL),
(806, ' A ', 144, NULL),
(807, ' 5/5 ', 144, NULL),
(808, ' 9 / 10 ', 144, NULL),
(809, ' 9.5 / 10 ', 144, NULL),
(810, ' 5 / 5 ', 144, NULL),
(811, ' 9 / 10 ', 144, NULL),
(812, ' 9.33/10', 149, NULL),
(813, ' 33/40', 149, NULL),
(814, ' 9.5/10', 149, NULL),
(815, ' 9/10', 149, NULL),
(816, ' 9/10', 149, NULL),
(817, '', 149, NULL),
(818, ' 8/10', 150, NULL),
(819, ' 8.6/10', 150, NULL),
(820, ' 9/10', 150, NULL),
(821, ' 9/10', 152, NULL),
(822, ' 4.5/5 ', 152, NULL),
(823, ' 10/10', 152, NULL),
(824, ' 9/10', 152, NULL),
(825, ' 9.5/10', 152, NULL),
(826, ' 4/5 ', 152, NULL),
(827, ' 8/10', 152, NULL),
(828, ' 5/5 ', 152, NULL),
(829, ' 9.5/10', 152, NULL),
(830, ' 9/10', 152, NULL),
(831, ' 9/10', 152, NULL),
(832, ' 5/5 ', 152, NULL),
(833, ' 9 out of 10', 153, NULL),
(834, ' 4.5 out of 5', 153, NULL),
(835, ' 9.5 out of 10', 153, NULL),
(836, ' 9.1 out of 10', 153, NULL),
(837, ' A', 153, NULL),
(838, ' 8 out of 10', 153, NULL),
(839, ' 9.5 out of 10', 153, NULL),
(840, ' 5/5 ', 153, NULL),
(841, ' 94%', 153, NULL),
(842, ' 95%', 153, NULL),
(843, ' 93%', 153, NULL),
(844, ' 9.0/10 ', 163, NULL),
(845, ' 9.2/10', 163, NULL),
(846, ' 9.3/10 ', 163, NULL),
(847, ' A', 163, NULL),
(848, ' 9/10', 163, NULL),
(849, ' 10/10 ', 163, NULL),
(850, ' 5/5', 163, NULL),
(851, ' 9/10', 163, NULL),
(852, ' 9/10', 169, NULL),
(853, ' 9/10', 169, NULL),
(854, ' 86', 169, NULL),
(855, ' 5/5 ', 169, NULL),
(856, ' A', 169, NULL),
(857, ' 9/10', 169, NULL),
(858, ' 9.5/10', 169, NULL),
(859, ' 10/10', 169, NULL),
(860, '', 169, NULL),
(861, ' 9.5/10', 169, NULL),
(862, ' 8/10', 169, NULL),
(863, ' 9.5/10', 169, NULL),
(864, ' 9/10', 169, NULL),
(865, ' 10/10', 169, NULL),
(866, ' 91%', 169, NULL),
(867, ' 10/10', 169, NULL),
(868, ' 10/10', 172, NULL),
(869, ' 9.5/10', 172, NULL),
(870, ' 4/5 ', 172, NULL),
(871, ' 9/10', 172, NULL),
(872, ' 9.1/10', 172, NULL),
(873, ' 9.75/10', 172, NULL),
(874, ' 4.5/5 ', 172, NULL),
(875, ' 9/10', 172, NULL),
(876, ' 9/10', 172, NULL),
(877, ' 5/5 ', 172, NULL),
(878, ' 5/5 ', 172, NULL),
(879, ' 5/5 ', 172, NULL),
(880, ' 3.5/5 ', 173, NULL),
(881, ' 32/40', 173, NULL),
(882, ' 9.4/10', 173, NULL),
(883, ' 9.6/10', 173, NULL),
(884, ' 9/10', 173, NULL),
(885, ' 9.5/10', 173, NULL),
(886, ' 5/5', 174, NULL),
(887, ' 9.3/10', 174, NULL);       
INSERT INTO PUBLIC.SCORE(ID, SCORE, GAME_ID, SCORE_WEBSITE_ID) VALUES
(888, ' 9.3/10', 174, NULL),
(889, ' 94%', 174, NULL),
(890, ' 4.5/5 ', 177, NULL),
(891, ' 5/5 ', 177, NULL),
(892, ' A-', 177, NULL),
(893, ' 9.5/10', 177, NULL),
(894, ' 9.6/10', 177, NULL),
(895, ' 9.2/10', 177, NULL),
(896, ' 92%', 177, NULL),
(897, ' 8.5/10', 179, NULL),
(898, ' 9.0/10', 179, NULL),
(899, ' 9.0/10', 179, NULL),
(900, ' A-', 179, NULL),
(901, '', 179, NULL),
(902, ' 5/5 ', 179, NULL),
(903, ' 9.0/10', 179, NULL),
(904, ' 9/10', 179, NULL),
(905, ' 9.2/10', 180, NULL),
(906, ' 9.5/10', 180, NULL),
(907, ' A+', 180, NULL),
(908, ' 9/10', 180, NULL),
(909, ' 4.5/5', 180, NULL),
(910, ' 9.8/10', 180, NULL),
(911, ' 9/10 then 10/10', 182, NULL),
(912, '', 182, NULL),
(913, ' 4.5/5 ', 182, NULL),
(914, ' 9.0/10', 182, NULL),
(915, ' 9.3/10', 182, NULL),
(916, ' 9.0/10', 182, NULL),
(917, ' A', 182, NULL),
(918, STRINGDECODE(' 9.5/10[40]\n9.0/10 '), 182, NULL),
(919, ' 10/10', 182, NULL),
(920, ' 9/10', 182, NULL),
(921, ' 9/10', 182, NULL),
(922, ' 90%', 182, NULL),
(923, '', 182, NULL),
(924, ' 5/5 ', 182, NULL),
(925, ' 9.0/10', 182, NULL),
(926, ' 4.5/5 ', 184, NULL),
(927, ' 9/10 then 10/10', 184, NULL),
(928, ' 9.1/10', 184, NULL),
(929, ' 9.9/10', 184, NULL),
(930, ' 5/5 ', 184, NULL),
(931, ' 9/10', 184, NULL),
(932, ' 10/10', 184, NULL),
(933, ' 10/10', 184, NULL),
(934, '', 185, NULL),
(935, '', 185, NULL),
(936, '', 185, NULL),
(937, '', 185, NULL),
(938, '', 185, NULL),
(939, '', 185, NULL),
(940, '', 185, NULL),
(941, ' 8.5/10', 186, NULL),
(942, ' 8.9/10', 186, NULL),
(943, ' A', 186, NULL),
(944, ' 9/10', 186, NULL),
(945, ' 4.5/5 ', 186, NULL),
(946, ' 5/5 ', 186, NULL),
(947, ' 94%', 186, NULL),
(948, ' 9/10', 186, NULL),
(949, ' 4/5 ', 187, NULL),
(950, ' 8/10', 187, NULL),
(951, ' 5/5 ', 187, NULL),
(952, ' A', 187, NULL),
(953, ' 8.5/10', 187, NULL),
(954, ' 9.0/10', 187, NULL),
(955, ' 9.5/10', 187, NULL),
(956, ' 95%', 187, NULL),
(957, ' 96%', 187, NULL),
(958, ' 5/5 ', 187, NULL),
(959, ' 9/10', 189, NULL),
(960, ' 9.0/10', 189, NULL),
(961, ' 40/40', 189, NULL),
(962, ' 9.0/10', 189, NULL),
(963, ' 8.0/10', 189, NULL),
(964, ' 9.5/10', 189, NULL),
(965, ' A', 189, NULL),
(966, ' 10/10', 189, NULL),
(967, ' 9.25/10', 189, NULL),
(968, ' 10/10', 189, NULL),
(969, ' 5/5 ', 192, NULL),
(970, ' GBA 34/40', 192, NULL),
(971, ' GBA 9.3/10', 192, NULL),
(972, '', 192, NULL),
(973, '', 193, NULL),
(974, '', 193, NULL),
(975, ' 6/10', 194, NULL),
(976, ' 37/40', 194, NULL),
(977, ' 8.9/10', 194, NULL),
(978, ' 9.6/10', 194, NULL),
(979, ' 10/10', 194, NULL),
(980, ' 95%', 194, NULL),
(981, ' 9/10', 195, NULL),
(982, ' 10/10', 195, NULL),
(983, ' 9.5/10', 195, NULL),
(984, ' 91/100', 195, NULL),
(985, ' 10/10', 195, NULL),
(986, ' 5/5 ', 195, NULL),
(987, ' 5/5 ', 195, NULL),
(988, STRINGDECODE(' A\u2212'), 197, NULL),
(989, ' 9.1/10', 197, NULL),
(990, ' 9.4/10', 197, NULL),
(991, ' 9/10', 197, NULL),
(992, ' 7.75/10', 197, NULL),
(993, ' 4.5/5 ', 197, NULL),
(994, ' 9/10', 198, NULL),
(995, ' 4/5 ', 198, NULL),
(996, ' 9.5/10', 198, NULL),
(997, ' 9.2/10', 198, NULL),
(998, ' 9.4/10', 198, NULL),
(999, ' 9/10', 198, NULL),
(1000, ' 9/10', 198, NULL),
(1001, ' 8.5/10', 198, NULL),
(1002, ' 10/10', 198, NULL),
(1003, ' 4.5/5 ', 198, NULL),
(1004, ' 10/10', 198, NULL),
(1005, ' 9.5/10', 198, NULL),
(1006, ' 5/5 ', 198, NULL),
(1007, ' 9.5/10', 198, NULL),
(1008, ' 8/10', 199, NULL),
(1009, ' 9/10', 199, NULL),
(1010, ' 9.3/10', 199, NULL),
(1011, STRINGDECODE(' A\u2212'), 199, NULL),
(1012, ' 9.2/10', 199, NULL),
(1013, ' 9/10', 199, NULL),
(1014, ' 9.5/10', 199, NULL),
(1015, ' 4/5 ', 199, NULL),
(1016, ' 5/5 ', 199, NULL),
(1017, ' 9/10', 199, NULL),
(1018, ' 9/10', 199, NULL),
(1019, ' 3.5/5 ', 200, NULL),
(1020, ' 9/10', 200, NULL),
(1021, ' 9.5/10', 200, NULL),
(1022, ' 37/40', 200, NULL),
(1023, ' A', 200, NULL),
(1024, ' 10/10', 200, NULL),
(1025, ' 9/10', 200, NULL),
(1026, ' 9.75/10', 200, NULL),
(1027, ' 5/5 ', 204, NULL),
(1028, ' 9.1/10', 204, NULL),
(1029, ' 8.9/10', 204, NULL),
(1030, ' 90%', 204, NULL),
(1031, ' 9/10', 204, NULL);          
INSERT INTO PUBLIC.SCORE(ID, SCORE, GAME_ID, SCORE_WEBSITE_ID) VALUES
(1032, ' 90%', 204, NULL),
(1033, ' 9.0/10', 204, NULL),
(1034, ' 4.5/5 ', 204, NULL),
(1035, ' 4/5 ', 204, NULL),
(1036, ' 4.5/5 ', 204, NULL),
(1037, ' 9/10', 205, NULL),
(1038, ' 36/40', 205, NULL),
(1039, ' 8.5/10', 205, NULL),
(1040, ' 8.5/10', 205, NULL),
(1041, ' 9.6/10', 205, NULL),
(1042, STRINGDECODE(' A\u2013'), 205, NULL),
(1043, ' 10/10', 205, NULL),
(1044, ' 9/10', 205, NULL),
(1045, ' 9/10', 205, NULL),
(1046, ' 8.5/10', 205, NULL),
(1047, ' 4.5/5 ', 206, NULL),
(1048, ' 8/10', 206, NULL),
(1049, ' 5/5 ', 206, NULL),
(1050, STRINGDECODE(' A\u2013'), 206, NULL),
(1051, ' 9.1/10', 206, NULL),
(1052, ' 8.8/10', 206, NULL),
(1053, ' 9.0/10', 206, NULL),
(1054, ' 9/10', 206, NULL),
(1055, ' 89/100', 206, NULL),
(1056, ' 9.0/10', 206, NULL),
(1057, ' 6/10', 207, NULL),
(1058, ' 39/40', 207, NULL),
(1059, ' 5/5 ', 207, NULL),
(1060, ' A-', 207, NULL),
(1061, ' 9.3/10', 207, NULL),
(1062, ' 9.5/10', 207, NULL),
(1063, ' 9/10', 207, NULL),
(1064, ' 9.75/10', 207, NULL),
(1065, ' 4.5/5 ', 207, NULL),
(1066, ' 4.5/5 ', 210, NULL),
(1067, ' 7/10 ', 210, NULL),
(1068, ' 4.5/5 ', 210, NULL),
(1069, ' A- ', 210, NULL),
(1070, ' 9.5/10 ', 210, NULL),
(1071, ' 9.6/10 ', 210, NULL),
(1072, ' 9/10 ', 210, NULL),
(1073, ' 10/10 ', 210, NULL),
(1074, ' 9/10 ', 210, NULL),
(1075, ' 94/100 ', 210, NULL),
(1076, ' 90/100 ', 210, NULL),
(1077, ' 10/10 ', 210, NULL),
(1078, ' 92/100 ', 210, NULL),
(1079, ' 90/100 ', 210, NULL),
(1080, ' 5/5 ', 210, NULL),
(1081, ' 5/5 ', 210, NULL),
(1082, ' 86% ', 210, NULL),
(1083, ' 9/10 ', 210, NULL),
(1084, ' 9/10 ', 210, NULL),
(1085, ' 95/100 ', 210, NULL),
(1086, ' 9/10 ', 210, NULL),
(1087, ' 87% ', 210, NULL),
(1088, ' 10/10 ', 210, NULL),
(1089, ' 5/5 ', 211, NULL),
(1090, ' B+', 211, NULL),
(1091, ' 9.5/10', 211, NULL),
(1092, ' 90%', 211, NULL),
(1093, ' 4.5/5 ', 211, NULL),
(1094, ' 4.5/5 ', 212, NULL),
(1095, ' 8.6/10', 212, NULL),
(1096, ' 9.7/10', 212, NULL),
(1097, STRINGDECODE(' [83]\nPC: [84]'), 216, NULL),
(1098, ' 9/10', 216, NULL),
(1099, ' 38/40', 216, NULL),
(1100, ' 38/40', 216, NULL),
(1101, STRINGDECODE(' [90]\nPC: [91]'), 216, NULL),
(1102, STRINGDECODE(' 9.5/10[7]\nPC: 8.0/10[95]'), 216, NULL),
(1103, STRINGDECODE(' 9.5/10[10]\nPC: 8.2/10[96]'), 216, NULL),
(1104, ' 8/10', 216, NULL),
(1105, ' A+', 216, NULL),
(1106, STRINGDECODE(' [85]\nPC: 9/10[86]'), 216, NULL),
(1107, ' 9.75/10[94]', 216, NULL),
(1108, ' 300+/300', 216, NULL),
(1109, ' 90%[99]', 216, NULL),
(1110, ' 5/5 ', 216, NULL),
(1111, ' 5/5 ', 216, NULL),
(1112, ' [100]', 216, NULL),
(1113, ' [101]', 216, NULL),
(1114, ' 9/10', 220, NULL),
(1115, ' 36/40', 220, NULL),
(1116, ' 5/5 ', 220, NULL),
(1117, ' 9/10 ', 220, NULL),
(1118, ' 9.3/10', 220, NULL),
(1119, ' 9/10 ', 220, NULL),
(1120, ' 5/5 ', 220, NULL),
(1121, ' 9/10 ', 220, NULL),
(1122, ' 9.5/10 ', 220, NULL),
(1123, ' 4/5 ', 220, NULL),
(1124, ' 92%', 220, NULL),
(1125, ' 5/5 ', 220, NULL),
(1126, ' 5/5 ', 220, NULL),
(1127, ' 9/10', 220, NULL),
(1128, ' 9.5/10', 220, NULL),
(1129, ' 93%', 220, NULL),
(1130, ' 91%', 220, NULL),
(1131, ' 4/5 ', 221, NULL),
(1132, ' 5/5 ', 221, NULL),
(1133, ' B+', 221, NULL),
(1134, ' 9.3/10', 221, NULL),
(1135, ' 9.9/10', 221, NULL),
(1136, ' 89%', 221, NULL),
(1137, ' 4.5/5 ', 221, NULL),
(1138, ' B-', 223, NULL),
(1139, ' 7.0/10', 223, NULL),
(1140, ' 7/10', 223, NULL),
(1141, ' 8.5/10', 225, NULL),
(1142, ' 9/10', 225, NULL),
(1143, ' 9.75/10', 225, NULL),
(1144, ' 8.5/10', 226, NULL),
(1145, ' 9.5/10', 226, NULL),
(1146, ' 9.5/10', 226, NULL),
(1147, ' A-', 226, NULL),
(1148, ' 8/10', 226, NULL),
(1149, ' 5/5 ', 226, NULL),
(1150, ' 10/10 ', 226, NULL),
(1151, '', 227, NULL),
(1152, ' 5/5 ', 227, NULL),
(1153, ' 9.1/10', 227, NULL),
(1154, ' 9.5/10', 227, NULL),
(1155, ' 9/10', 227, NULL),
(1156, ' 9.5/10', 227, NULL),
(1157, ' 5/5 ', 227, NULL),
(1158, ' 4/5 ', 227, NULL),
(1159, ' 9.17 of 10', 230, NULL),
(1160, ' 4.5 of 5', 230, NULL),
(1161, ' 8.6 of 10', 230, NULL),
(1162, ' 9.5 of 10', 230, NULL),
(1163, ' 5 of 5', 230, NULL),
(1164, ' 9 of 10', 230, NULL);           
INSERT INTO PUBLIC.SCORE(ID, SCORE, GAME_ID, SCORE_WEBSITE_ID) VALUES
(1165, ' 10 of 10', 230, NULL),
(1166, ' 92%', 230, NULL),
(1167, ' 88%', 230, NULL),
(1168, ' 9.5 of 10', 230, NULL),
(1169, ' 5 of 5', 230, NULL),
(1170, ' 5 of 5', 230, NULL),
(1171, ' 9.5 of 10', 230, NULL),
(1172, ' [79]', 231, NULL),
(1173, ' 8/10[80]', 231, NULL),
(1174, STRINGDECODE(' 36/40[42]\nPS: 9.5/10[81]'), 231, NULL),
(1175, STRINGDECODE(' 37/40[83]\nPS: 54/60[57]\nGBA: 31/40[84][85]'), 231, NULL),
(1176, ' [87]', 231, NULL),
(1177, ' 8.9/10[88]', 231, NULL),
(1178, ' 9/10[46]', 231, NULL),
(1179, ' 9/10[78]', 231, NULL),
(1180, ' 9/10[82]', 231, NULL),
(1181, ' 295/300[86]', 231, NULL),
(1182, ' 9/10', 232, NULL),
(1183, ' 9/10', 232, NULL),
(1184, ' 9.1/10', 232, NULL),
(1185, ' 9.5/10', 232, NULL),
(1186, ' [49]', 232, NULL),
(1187, ' 8.5/10', 232, NULL),
(1188, ' [48]', 232, NULL),
(1189, ' 9/10', 238, NULL),
(1190, ' 37/40', 238, NULL),
(1191, ' 4.5/5 ', 238, NULL),
(1192, ' 9/10', 238, NULL),
(1193, ' 9/10', 238, NULL),
(1194, ' 10/10', 238, NULL),
(1195, ' 9/10 ', 238, NULL),
(1196, ' 9.75/10', 238, NULL),
(1197, ' 10/10', 238, NULL),
(1198, ' 90%', 238, NULL),
(1199, ' 4/5 ', 238, NULL),
(1200, ' 9/10', 238, NULL),
(1201, ' 9/10', 238, NULL),
(1202, ' 96%', 238, NULL),
(1203, ' 5/5 ', 238, NULL),
(1204, ' 9/10', 238, NULL),
(1205, ' 9/10', 238, NULL),
(1206, ' 4.5/5 ', 238, NULL),
(1207, ' 9/10', 238, NULL),
(1208, ' 9/10', 239, NULL),
(1209, ' 9.2/10', 239, NULL),
(1210, ' 9.5/10', 239, NULL),
(1211, ' 8/10', 239, NULL),
(1212, ' 8.75/10', 239, NULL),
(1213, ' 5/5 ', 239, NULL),
(1214, ' 4.5/5', 239, NULL),
(1215, ' 4/5 ', 239, NULL),
(1216, ' 5/5 ', 239, NULL),
(1217, ' 5/5 ', 239, NULL),
(1218, ' 9/10', 239, NULL),
(1219, ' 4.5/5 ', 241, NULL),
(1220, ' 9/10', 241, NULL),
(1221, ' 9.3/10', 241, NULL),
(1222, ' 4.5/5 ', 241, NULL),
(1223, ' B+', 242, NULL),
(1224, ' 8.9/10', 242, NULL),
(1225, ' 90%', 242, NULL),
(1226, ' 8/10', 242, NULL),
(1227, ' 9/10', 243, NULL),
(1228, ' 86', 243, NULL),
(1229, ' 9.0/10', 243, NULL),
(1230, ' 9.4/10', 243, NULL),
(1231, ' 9/10', 243, NULL),
(1232, ' 5/5 ', 243, NULL),
(1233, ' 10/10', 243, NULL),
(1234, ' 10/10', 243, NULL),
(1235, ' 9.0/10', 243, NULL),
(1236, ' 9.4/10', 243, NULL),
(1237, ' 9.0/10', 245, NULL),
(1238, ' 92/100', 245, NULL),
(1239, ' 9.0/10', 245, NULL),
(1240, ' A-', 245, NULL),
(1241, ' 10/10', 245, NULL),
(1242, ' 4.5/5 ', 245, NULL),
(1243, ' 9/10', 245, NULL),
(1244, ' 9.5/10', 245, NULL),
(1245, ' 8.6/10', 245, NULL),
(1246, ' 5/5 ', 245, NULL),
(1247, ' 8/10', 247, NULL),
(1248, ' 5/5 ', 247, NULL),
(1249, ' 9.5/10', 247, NULL),
(1250, ' B+', 247, NULL),
(1251, ' 9/10', 247, NULL),
(1252, ' 9/10', 247, NULL),
(1253, ' 9/10', 247, NULL),
(1254, ' 4.5/5 ', 247, NULL),
(1255, ' 94%', 247, NULL),
(1256, ' 9.1/10', 247, NULL),
(1257, ' 9.2 out of 10', 251, NULL),
(1258, ' 9.4 out of 10', 251, NULL),
(1259, ' 94/100', 251, NULL),
(1260, ' 9 out of 10', 251, NULL),
(1261, ' 9 out of 10', 251, NULL),
(1262, '', 251, NULL),
(1263, '', 251, NULL),
(1264, ' 4.5/5 ', 252, NULL),
(1265, ' 10/10', 252, NULL),
(1266, ' 38/40', 252, NULL),
(1267, ' 3.5/5 ', 252, NULL),
(1268, ' 10/10', 252, NULL),
(1269, ' 9.8/10', 252, NULL),
(1270, ' 9.5/10', 252, NULL),
(1271, ' 9/10 ', 252, NULL),
(1272, ' 9/10', 252, NULL),
(1273, ' 4/5 ', 252, NULL),
(1274, ' 5/5 ', 252, NULL),
(1275, ' 10/10', 252, NULL),
(1276, ' 7.5/10', 252, NULL),
(1277, ' 9/10', 252, NULL),
(1278, ' 9/10', 252, NULL),
(1279, ' 9/10 ', 252, NULL),
(1280, ' 4/5 ', 256, NULL),
(1281, ' 7/10', 256, NULL),
(1282, ' 8.33/10', 256, NULL),
(1283, ' 33/40', 256, NULL),
(1284, ' 5/5 ', 256, NULL),
(1285, ' 8.9/10', 256, NULL),
(1286, ' 9.2/10', 256, NULL),
(1287, ' 8.25/10', 256, NULL),
(1288, ' 96%', 256, NULL),
(1289, ' 9.1/10', 256, NULL),
(1290, ' 4.5/5 ', 256, NULL),
(1291, ' 8.7/10', 262, NULL),
(1292, ' 9.6/10', 262, NULL),
(1293, ' 10/10', 262, NULL),
(1294, ' 5/5', 262, NULL),
(1295, ' 5/5', 262, NULL),
(1296, ' 4/5 ', 264, NULL),
(1297, ' 9/10', 264, NULL),
(1298, ' 9.1/10', 264, NULL),
(1299, ' 9/10', 264, NULL),
(1300, ' B', 264, NULL);          
INSERT INTO PUBLIC.SCORE(ID, SCORE, GAME_ID, SCORE_WEBSITE_ID) VALUES
(1301, ' 9/10', 264, NULL),
(1302, '', 264, NULL),
(1303, ' 4/5 ', 265, NULL),
(1304, ' 9/10', 265, NULL),
(1305, ' 9.5/10', 265, NULL),
(1306, ' 4/5 ', 265, NULL),
(1307, ' 9/10', 265, NULL),
(1308, ' 8.5/10', 265, NULL),
(1309, ' 8', 266, NULL),
(1310, ' 5/5', 266, NULL),
(1311, ' 9/10[45] ', 266, NULL),
(1312, ' 9.2/10', 266, NULL),
(1313, ' 9.2/10', 266, NULL),
(1314, ' A-', 266, NULL),
(1315, ' 9.4/10', 266, NULL),
(1316, ' 9.5/10', 266, NULL),
(1317, ' 10/10', 266, NULL),
(1318, ' 5/5 ', 266, NULL),
(1319, ' 9.5/10', 266, NULL),
(1320, '', 267, NULL),
(1321, ' 5/5', 267, NULL),
(1322, ' 9/10', 267, NULL),
(1323, '', 267, NULL),
(1324, ' 8.5/10', 267, NULL),
(1325, ' 7/10', 267, NULL),
(1326, ' 9.5/10', 267, NULL),
(1327, ' 5/5 ', 267, NULL),
(1328, '', 267, NULL),
(1329, '', 267, NULL),
(1330, '', 267, NULL),
(1331, '', 267, NULL),
(1332, '', 267, NULL),
(1333, '', 267, NULL),
(1334, ' 9/10', 267, NULL),
(1335, ' 9/10', 267, NULL),
(1336, ' 9.8/10', 267, NULL),
(1337, ' 4.5/5 ', 268, NULL),
(1338, ' 6/10', 268, NULL),
(1339, ' 8.5/10', 268, NULL),
(1340, ' 4.5/5 ', 268, NULL),
(1341, ' A-', 268, NULL),
(1342, ' 9.5/10', 268, NULL),
(1343, ' 9.6/10', 268, NULL),
(1344, ' 9/10', 268, NULL),
(1345, ' 9.5/10', 268, NULL),
(1346, ' 94%', 268, NULL),
(1347, ' 9.5/10', 268, NULL),
(1348, ' 4/5 ', 268, NULL),
(1349, ' 5/5 ', 268, NULL),
(1350, ' 90%', 268, NULL),
(1351, ' 4.5/5 ', 269, NULL),
(1352, ' A-', 269, NULL),
(1353, ' 8.1/10', 269, NULL),
(1354, ' 9.1/10', 269, NULL),
(1355, ' 8/10', 273, NULL),
(1356, ' 8.8/10', 273, NULL),
(1357, ' 37/40', 273, NULL),
(1358, ' 8.7/10', 273, NULL),
(1359, ' 9.3/10', 273, NULL),
(1360, ' 9.7/10', 273, NULL),
(1361, ' A', 273, NULL),
(1362, ' 10/10', 273, NULL),
(1363, '', 273, NULL),
(1364, ' 9/10 ', 274, NULL),
(1365, ' 9/10 ', 274, NULL),
(1366, ' 9.5/10 ', 274, NULL),
(1367, ' 8/10 ', 274, NULL),
(1368, ' 83% ', 274, NULL),
(1369, ' 9/10', 276, NULL),
(1370, ' 4.5/5 ', 276, NULL),
(1371, ' 8.5/10', 276, NULL),
(1372, ' 9/10', 276, NULL),
(1373, ' 9.75/10', 276, NULL),
(1374, ' 9/10', 276, NULL),
(1375, ' 9/10', 276, NULL),
(1376, ' 90/100', 276, NULL),
(1377, ' 7.5/10', 276, NULL),
(1378, ' 4/5 ', 276, NULL),
(1379, ' 4.75/5', 282, NULL),
(1380, ' 8.5/10', 282, NULL),
(1381, ' 9.3/10', 282, NULL),
(1382, ' 9.4/10', 282, NULL),
(1383, ' A', 282, NULL),
(1384, ' 8/10', 282, NULL),
(1385, ' 5/5', 282, NULL),
(1386, ' 5/5 ', 282, NULL),
(1387, ' 4.6/5', 282, NULL),
(1388, ' 9.2 out of 10', 284, NULL),
(1389, ' 8.8 out of 10', 284, NULL),
(1390, ' A+', 284, NULL),
(1391, ' 8 out of 10 ', 284, NULL),
(1392, ' 5/5 ', 284, NULL),
(1393, STRINGDECODE(' [19]\nGBA: [20]'), 286, NULL),
(1394, STRINGDECODE(' 8/10[21]\nSNES: 9/10[10]'), 286, NULL),
(1395, ' 9.2/10[24]', 286, NULL),
(1396, ' 9.4/10[9]', 286, NULL),
(1397, ' 9/10[22]', 286, NULL),
(1398, ' 100, 99, 100[23]', 286, NULL),
(1399, ' [25]', 286, NULL),
(1400, STRINGDECODE(' 9/10[8]\nSNES: 10/10[2]'), 286, NULL),
(1401, ' 9.3/10', 291, NULL),
(1402, ' 9.3/10', 291, NULL),
(1403, ' 92/100', 291, NULL),
(1404, ' 90%', 291, NULL),
(1405, ' 4.5/5', 291, NULL),
(1406, ' 2.5/5 ', 293, NULL),
(1407, ' A-', 293, NULL),
(1408, ' 8.9/10', 293, NULL),
(1409, ' 8/10', 293, NULL),
(1410, ' 94%', 293, NULL),
(1411, ' 94%', 293, NULL),
(1412, ' 9/10', 295, NULL),
(1413, ' 34/40', 295, NULL),
(1414, ' 5/5 ', 295, NULL),
(1415, ' 9.5/10', 295, NULL),
(1416, ' 9.3/10', 295, NULL),
(1417, ' 9.5/10 ', 295, NULL),
(1418, ' A+', 295, NULL),
(1419, ' 9.2/10', 295, NULL),
(1420, ' 9/10', 295, NULL),
(1421, ' 9.5/10', 295, NULL),
(1422, ' 8/10', 295, NULL),
(1423, ' 5/5 ', 295, NULL),
(1424, ' 9.5/10', 295, NULL),
(1425, ' 10.0/10', 295, NULL),
(1426, ' 5/5 ', 295, NULL),
(1427, ' 10/10', 295, NULL),
(1428, ' 4.5/5 ', 298, NULL),
(1429, ' 8/10', 299, NULL),
(1430, ' 5/5 ', 299, NULL),
(1431, ' B+', 299, NULL),
(1432, ' 8.5/10', 299, NULL),
(1433, ' 9.4/10', 299, NULL),
(1434, ' 9.5/10', 299, NULL),
(1435, STRINGDECODE(' A\u2212'), 299, NULL),
(1436, ' 9/10', 299, NULL),
(1437, ' 9.25/10', 299, NULL);   
INSERT INTO PUBLIC.SCORE(ID, SCORE, GAME_ID, SCORE_WEBSITE_ID) VALUES
(1438, ' 5/5', 299, NULL),
(1439, ' 9.5/10', 299, NULL),
(1440, ' 9.3/10', 301, NULL),
(1441, ' 8.9/10', 301, NULL),
(1442, ' 5/5 ', 301, NULL),
(1443, ' 5/5 ', 301, NULL),
(1444, ' 4.5/5 ', 309, NULL),
(1445, ' 4.5/5 ', 309, NULL),
(1446, STRINGDECODE(' A\u2212'), 309, NULL),
(1447, ' 9.0/10', 309, NULL),
(1448, ' 9.2/10', 309, NULL),
(1449, STRINGDECODE(' 7/10[12]\n8/10 '), 309, NULL),
(1450, ' 90/100', 309, NULL),
(1451, ' 93%', 309, NULL),
(1452, ' 8.7/10', 309, NULL),
(1453, ' 5/5 ', 309, NULL),
(1454, ' 4/5', 309, NULL),
(1455, ' 39/40', 310, NULL),
(1456, ' 4.5/5 ', 310, NULL),
(1457, ' 9.5/10', 310, NULL),
(1458, ' 9/10', 310, NULL),
(1459, ' 9/10', 310, NULL),
(1460, ' 8/10', 310, NULL),
(1461, ' 9.5/10', 310, NULL),
(1462, ' 9/10', 310, NULL),
(1463, ' 5/5 ', 310, NULL),
(1464, ' 8/10', 310, NULL),
(1465, ' 10/10', 310, NULL),
(1466, ' 5/5 ', 310, NULL),
(1467, ' 5/5 ', 310, NULL),
(1468, ' 4/5 ', 310, NULL),
(1469, ' 4.5/5 ', 310, NULL),
(1470, ' 7/10', 311, NULL),
(1471, ' 5/5', 311, NULL),
(1472, ' 9.0/10', 311, NULL),
(1473, ' 9.2/10', 311, NULL),
(1474, ' 9.4/10', 311, NULL),
(1475, ' A', 311, NULL),
(1476, ' 9/10', 311, NULL),
(1477, ' 8.75/10', 311, NULL),
(1478, ' 4.5/5', 311, NULL),
(1479, ' 9.4/10', 311, NULL),
(1480, ' 93%', 311, NULL),
(1481, ' 5/5', 311, NULL),
(1482, ' 91%', 311, NULL),
(1483, ' 4.5/5 ', 312, NULL),
(1484, ' 4.5/5 ', 312, NULL),
(1485, ' 9.2/10', 312, NULL),
(1486, ' 8.75/10', 312, NULL),
(1487, ' 91/100', 312, NULL),
(1488, ' 9.3/10', 312, NULL),
(1489, ' 95/100', 312, NULL),
(1490, ' 91%', 312, NULL),
(1491, ' 4.5/5 ', 312, NULL),
(1492, ' 4.5 of 5', 314, NULL),
(1493, ' 36 of 40', 314, NULL),
(1494, ' 8.6 of 10', 314, NULL),
(1495, ' 9.3 of 10', 314, NULL),
(1496, ' 4.5 of 5', 314, NULL),
(1497, ' B+', 314, NULL),
(1498, ' 9 of 10', 314, NULL),
(1499, ' 9.25/10', 314, NULL),
(1500, ' 4.5 of 5', 314, NULL),
(1501, ' 90 of 100', 314, NULL),
(1502, ' 3.5/5 ', 317, NULL),
(1503, ' 9/10', 317, NULL),
(1504, ' 9.3/10', 317, NULL),
(1505, ' 8.5/10', 317, NULL),
(1506, STRINGDECODE(' 9/10\n\"StarPlayer\"'), 317, NULL),
(1507, ' 3/5 ', 317, NULL),
(1508, ' A-', 318, NULL),
(1509, ' 9.5/10', 318, NULL),
(1510, ' 8.7/10', 318, NULL),
(1511, ' 9/10', 318, NULL),
(1512, ' 4.5/5 ', 318, NULL),
(1513, ' 4.5/5 ', 318, NULL),
(1514, ' 8/10', 318, NULL),
(1515, ' 5/5 ', 318, NULL),
(1516, ' 34/40', 319, NULL),
(1517, ' 5/5 ', 319, NULL),
(1518, ' 8.6/10', 319, NULL),
(1519, ' 9.7/10', 319, NULL),
(1520, ' 8.5, 9.0', 319, NULL),
(1521, ' 5/5 ', 319, NULL),
(1522, ' 9/10', 319, NULL),
(1523, ' 94%', 319, NULL),
(1524, ' 8/10', 321, NULL),
(1525, ' 9/10', 321, NULL),
(1526, ' 4.5/5', 321, NULL),
(1527, ' 8.5/10', 321, NULL),
(1528, ' 9/10', 321, NULL),
(1529, ' 9/10', 321, NULL),
(1530, ' 9/10', 321, NULL),
(1531, ' 9/10', 321, NULL),
(1532, ' 4.5/5', 321, NULL),
(1533, ' 9.5/10', 321, NULL),
(1534, ' 5/5', 321, NULL),
(1535, ' 5/5 ', 321, NULL),
(1536, ' 9/10', 321, NULL),
(1537, ' 9/10', 323, NULL),
(1538, ' 9.4/10', 323, NULL),
(1539, ' 10/10', 323, NULL),
(1540, ' 4.5/5 ', 323, NULL),
(1541, ' 9.5/10', 323, NULL),
(1542, ' 10/10', 323, NULL),
(1543, ' 9.5 of 10', 325, NULL),
(1544, ' 5/5 ', 325, NULL),
(1545, ' 9.6 of 10', 325, NULL),
(1546, ' 9.0 of 10', 325, NULL),
(1547, ' 5 of 5', 325, NULL),
(1548, ' 7 of 10', 325, NULL),
(1549, ' 8.75 of 10', 325, NULL),
(1550, ' 82 of 100', 325, NULL),
(1551, ' 91', 325, NULL),
(1552, ' 8/10', 326, NULL),
(1553, ' 9.0/10', 326, NULL),
(1554, ' 8.6/10', 326, NULL),
(1555, ' 9.0/10', 326, NULL),
(1556, STRINGDECODE(' B\u2212'), 326, NULL),
(1557, ' 9.4/10', 326, NULL),
(1558, ' 10/10', 326, NULL),
(1559, ' 9.0/10', 326, NULL),
(1560, ' 4.5/5 ', 326, NULL),
(1561, ' 8.5/10', 326, NULL),
(1562, ' 5/5 ', 326, NULL),
(1563, ' 9/10', 326, NULL),
(1564, ' 5/5 ', 326, NULL),
(1565, ' 9/10', 326, NULL),
(1566, ' 4.5 of 5', 329, NULL),
(1567, STRINGDECODE(' A\u2212'), 329, NULL),
(1568, ' 9.2 of 10', 329, NULL),
(1569, ' 9.3/10 ', 329, NULL),
(1570, ' 9.5 of 10', 329, NULL),
(1571, ' A', 329, NULL);            
INSERT INTO PUBLIC.SCORE(ID, SCORE, GAME_ID, SCORE_WEBSITE_ID) VALUES
(1572, ' 9.0 of 10', 329, NULL),
(1573, ' 9 of 10', 329, NULL),
(1574, ' 5 of 5', 329, NULL),
(1575, ' 9.5 of 10', 329, NULL),
(1576, ' 5 of 5', 329, NULL),
(1577, ' 7 of 10', 329, NULL),
(1578, ' 10 of 10', 329, NULL),
(1579, ' B', 329, NULL),
(1580, ' 4.5 of 5', 329, NULL),
(1581, ' 4.5/5 ', 333, NULL),
(1582, ' 5/5', 333, NULL),
(1583, ' B+', 333, NULL),
(1584, ' 8.9/10', 333, NULL),
(1585, ' 9.1/10', 333, NULL),
(1586, ' 5/5', 333, NULL),
(1587, ' 7/10', 335, NULL),
(1588, ' 9.5/10', 335, NULL),
(1589, ' 9/10 ', 335, NULL),
(1590, ' 8.5/10', 336, NULL),
(1591, ' 9.5/10', 336, NULL),
(1592, ' 9.5/10', 336, NULL),
(1593, ' 5/5 ', 336, NULL),
(1594, ' 5/5 ', 337, NULL),
(1595, ' B+', 337, NULL),
(1596, ' 8.9 of 10 ', 337, NULL),
(1597, ' 9.4 of 10', 337, NULL),
(1598, ' A', 337, NULL),
(1599, ' 8 of 10', 337, NULL),
(1600, ' 9 of 10', 337, NULL),
(1601, ' 5/5 ', 337, NULL),
(1602, ' 9.4 of 10', 337, NULL),
(1603, ' 85% ', 337, NULL),
(1604, ' 4/5 ', 338, NULL),
(1605, ' 8.5/10', 338, NULL),
(1606, ' 9/10', 338, NULL),
(1607, '', 338, NULL),
(1608, ' 9.3/10', 341, NULL),
(1609, ' 9.6/10', 341, NULL),
(1610, ' 8.9/10', 341, NULL),
(1611, ' 40/40 ', 342, NULL),
(1612, ' 4.5/5 ', 342, NULL),
(1613, ' 9.6/10 ', 342, NULL),
(1614, ' A ', 342, NULL),
(1615, ' 9/10', 342, NULL),
(1616, ' 9.0/10', 342, NULL),
(1617, ' 10/10', 342, NULL),
(1618, ' 4/5', 342, NULL),
(1619, ' 9/10', 343, NULL),
(1620, ' 8.5/10', 343, NULL),
(1621, ' 9.5/10', 343, NULL),
(1622, ' 9/10', 343, NULL),
(1623, ' 9/10', 343, NULL),
(1624, ' 8/10', 343, NULL),
(1625, ' 4/5 ', 343, NULL),
(1626, ' 90/100', 343, NULL),
(1627, ' 4.5/5', 343, NULL),
(1628, ' 10/10', 343, NULL),
(1629, ' 4.5/5 ', 347, NULL),
(1630, ' 8/10', 347, NULL),
(1631, ' 7/10', 347, NULL),
(1632, ' 39/40', 348, NULL),
(1633, ' 9.3/10', 348, NULL),
(1634, ' 9.5/10', 348, NULL),
(1635, ' A', 348, NULL),
(1636, ' 9/10', 348, NULL),
(1637, ' 8.83 of 10', 350, NULL),
(1638, ' 9.2 of 10', 350, NULL),
(1639, ' 9 of 10', 350, NULL),
(1640, ' 4.7 of 5', 350, NULL),
(1641, ' 9 of 10', 350, NULL),
(1642, ' 9.5 of 10', 350, NULL),
(1643, ' 9/10', 351, NULL),
(1644, ' 9/10 ', 351, NULL),
(1645, ' 7/10', 352, NULL),
(1646, ' B+ ', 353, NULL),
(1647, ' 8.4/10 ', 353, NULL),
(1648, ' 9.3/10 ', 353, NULL),
(1649, ' 7/10 ', 353, NULL),
(1650, ' 9/10 ', 353, NULL),
(1651, ' 9/10 ', 353, NULL),
(1652, ' B+', 355, NULL),
(1653, ' 9/10', 355, NULL),
(1654, ' 9.5/10', 355, NULL),
(1655, '', 356, NULL),
(1656, ' 35 out of 40', 356, NULL),
(1657, '', 356, NULL),
(1658, ' B+', 356, NULL),
(1659, ' 9 out of 10', 356, NULL),
(1660, '', 356, NULL),
(1661, ' 9.5 out of 10', 356, NULL),
(1662, ' 9.5 out of 10', 356, NULL),
(1663, ' A-', 356, NULL),
(1664, ' 8.75/10', 356, NULL),
(1665, ' 9/10', 357, NULL),
(1666, ' 9/10', 357, NULL),
(1667, ' 9/10', 357, NULL),
(1668, ' 5/5 ', 357, NULL),
(1669, ' 9.5/10', 357, NULL),
(1670, ' 4.5/5', 357, NULL),
(1671, ' 5/5 ', 357, NULL),
(1672, ' 8/10', 357, NULL),
(1673, ' 9.2', 358, NULL),
(1674, '', 358, NULL),
(1675, ' 8/10', 358, NULL),
(1676, ' 9/10 ', 360, NULL),
(1677, ' 4.5/5 ', 362, NULL),
(1678, ' 8.8/10', 362, NULL),
(1679, ' 9.4/10', 362, NULL),
(1680, ' A', 362, NULL),
(1681, ' 9/10', 362, NULL),
(1682, ' 9.5/10', 362, NULL),
(1683, ' 4/5 ', 362, NULL),
(1684, ' 9.4/10', 362, NULL),
(1685, ' 8.5/10', 367, NULL),
(1686, ' 8.0/10', 367, NULL),
(1687, ' 7.8/10', 367, NULL),
(1688, ' 9.8/10', 367, NULL),
(1689, ' 9.25/10', 367, NULL),
(1690, ' 9/10', 367, NULL),
(1691, ' 10/10', 367, NULL),
(1692, ' 83/100', 367, NULL),
(1693, ' 5 of 5', 370, NULL),
(1694, STRINGDECODE(' A\u2212'), 370, NULL),
(1695, ' 9.0 of 10', 370, NULL),
(1696, ' 8.9 of 10', 370, NULL),
(1697, ' 9.0 of 10', 370, NULL),
(1698, ' A', 370, NULL),
(1699, ' 10.0 of 10', 370, NULL),
(1700, ' 9.5 of 10', 370, NULL),
(1701, ' 5 of 5', 370, NULL),
(1702, ' 9.3 of 10', 370, NULL),
(1703, ' 4 of 5', 370, NULL),
(1704, ' 7.5 of 10', 370, NULL),
(1705, ' A', 370, NULL),
(1706, ' 34 out of 40', 375, NULL),
(1707, ' 9.2/10', 375, NULL),
(1708, ' 9/10', 375, NULL);             
INSERT INTO PUBLIC.SCORE(ID, SCORE, GAME_ID, SCORE_WEBSITE_ID) VALUES
(1709, ' 9/10', 375, NULL),
(1710, ' A', 375, NULL),
(1711, ' 9/10', 375, NULL),
(1712, ' 9.25/10', 375, NULL),
(1713, ' 4/5 ', 378, NULL),
(1714, ' 34/40', 378, NULL),
(1715, ' 8.8/10', 378, NULL),
(1716, ' 9.4/10', 378, NULL),
(1717, ' 9.25/10', 378, NULL),
(1718, ' 4.5/5', 378, NULL),
(1719, ' 10/10', 378, NULL),
(1720, ' 4.5/5 ', 379, NULL),
(1721, ' 9/10', 379, NULL),
(1722, ' 5/5 ', 379, NULL),
(1723, ' B+', 379, NULL),
(1724, ' 9.4/10', 379, NULL),
(1725, ' 9.1/10', 379, NULL),
(1726, ' 5/5 ', 379, NULL),
(1727, ' 9/10', 379, NULL),
(1728, ' 9.5/10', 379, NULL),
(1729, ' 4.5/5 ', 379, NULL),
(1730, ' 9.2/10', 379, NULL),
(1731, ' 4/5 ', 379, NULL),
(1732, ' 9/10 ', 379, NULL),
(1733, ' 90%', 379, NULL),
(1734, ' 8/10', 380, NULL),
(1735, ' 10/10', 380, NULL),
(1736, ' 5/5 ', 380, NULL),
(1737, ' 4.5/5', 380, NULL),
(1738, ' 9/10', 381, NULL),
(1739, ' 9/10', 381, NULL),
(1740, ' 8/10', 381, NULL),
(1741, ' 8/10', 381, NULL),
(1742, ' 9/10', 381, NULL),
(1743, ' 4.5/5 ', 386, NULL),
(1744, ' 7/10 ', 386, NULL),
(1745, ' 4.5/5 ', 386, NULL),
(1746, ' A- ', 386, NULL),
(1747, ' 9.5/10 ', 386, NULL),
(1748, ' 9.6/10 ', 386, NULL),
(1749, ' 9/10 ', 386, NULL),
(1750, ' 10/10 ', 386, NULL),
(1751, ' 9/10 ', 386, NULL),
(1752, ' 94/100 ', 386, NULL),
(1753, ' 95/100 ', 386, NULL),
(1754, ' 90/100 ', 386, NULL),
(1755, ' 10/10 ', 386, NULL),
(1756, ' 9/10 ', 386, NULL),
(1757, ' 92/100 ', 386, NULL),
(1758, ' 90/100 ', 386, NULL),
(1759, ' 5/5 ', 386, NULL),
(1760, ' 5/5 ', 386, NULL),
(1761, ' 86% ', 386, NULL),
(1762, ' 9/10 ', 386, NULL),
(1763, ' 9/10 ', 386, NULL),
(1764, ' 87% ', 386, NULL),
(1765, ' 10/10 ', 386, NULL),
(1766, ' 4.5/5 ', 388, NULL),
(1767, '', 388, NULL),
(1768, ' 33/40', 388, NULL),
(1769, ' 5/5 ', 388, NULL),
(1770, ' B+', 388, NULL),
(1771, ' 9.0/10', 388, NULL),
(1772, ' 9.0/10', 388, NULL),
(1773, '', 388, NULL),
(1774, ' 7/10', 388, NULL),
(1775, ' 9/10', 388, NULL),
(1776, ' 35 out of 40', 389, NULL),
(1777, '', 389, NULL),
(1778, '', 389, NULL),
(1779, ' A', 389, NULL),
(1780, '', 389, NULL),
(1781, ' 8.25 out of 10', 389, NULL),
(1782, '', 390, NULL),
(1783, ' 8.2/10', 390, NULL),
(1784, ' A', 390, NULL),
(1785, ' 9/10', 390, NULL),
(1786, ' 4.5/5.0', 390, NULL),
(1787, ' 9.4/10', 391, NULL),
(1788, ' A+', 391, NULL),
(1789, ' 9/10', 391, NULL),
(1790, ' 9/10', 391, NULL),
(1791, ' 4/5 ', 391, NULL),
(1792, ' 93%', 391, NULL),
(1793, ' 86%', 391, NULL),
(1794, ' 9/10', 395, NULL),
(1795, ' 33/40', 395, NULL),
(1796, ' 5/5', 395, NULL),
(1797, ' 9.0', 395, NULL),
(1798, ' 9.3/10', 395, NULL),
(1799, ' 9.0', 395, NULL),
(1800, ' A+', 395, NULL),
(1801, ' 8.7/10', 395, NULL),
(1802, ' 4 of 5', 395, NULL),
(1803, ' 10/10', 395, NULL),
(1804, ' 9.0/10', 396, NULL),
(1805, ' 8.7/10', 396, NULL),
(1806, ' 4/5 ', 397, NULL),
(1807, ' 35/40', 397, NULL),
(1808, ' 9/10', 397, NULL),
(1809, ' 4/5', 397, NULL),
(1810, ' 4/5 ', 401, NULL),
(1811, ' 8/10', 401, NULL),
(1812, ' 7.9/10', 401, NULL),
(1813, ' 9.25/10', 401, NULL),
(1814, ' 7.5/10', 401, NULL),
(1815, ' 5/5 ', 401, NULL),
(1816, '', 402, NULL),
(1817, ' A- A A+ ', 402, NULL),
(1818, ' 35/40', 402, NULL),
(1819, ' 8.5/10', 402, NULL),
(1820, ' 9.0/10', 402, NULL),
(1821, ' 9/10', 402, NULL),
(1822, '', 402, NULL),
(1823, ' 4.5/5', 402, NULL),
(1824, ' 5/5', 402, NULL),
(1825, ' 9.5/10', 402, NULL),
(1826, ' 93%', 402, NULL),
(1827, ' 4/5', 402, NULL),
(1828, ' 9.1/10', 402, NULL),
(1829, ' 9.0/10', 404, NULL),
(1830, ' 8.7/10', 404, NULL),
(1831, ' 9.0/10', 404, NULL),
(1832, ' A', 404, NULL),
(1833, ' 9/10', 404, NULL),
(1834, ' 9.5/10', 404, NULL),
(1835, ' 9.5/10', 404, NULL),
(1836, ' 9/10', 404, NULL),
(1837, ' 38/40', 405, NULL),
(1838, ' 4.5/5 ', 405, NULL),
(1839, ' 8/10', 405, NULL),
(1840, ' 9.5/10', 405, NULL),
(1841, ' 9.25/10', 405, NULL),
(1842, ' 4.5/5 ', 405, NULL),
(1843, ' 8.5/10', 405, NULL),
(1844, ' 94/100', 405, NULL),
(1845, ' 7/10', 405, NULL),
(1846, ' 5/5 ', 405, NULL),
(1847, ' 5/5 ', 405, NULL),
(1848, '', 407, NULL),
(1849, ' 8.4/10', 407, NULL);             
INSERT INTO PUBLIC.SCORE(ID, SCORE, GAME_ID, SCORE_WEBSITE_ID) VALUES
(1850, ' 9.9/10', 407, NULL),
(1851, ' A', 407, NULL),
(1852, ' 9/10', 407, NULL),
(1853, ' 8/10', 407, NULL),
(1854, ' 9/10', 407, NULL),
(1855, ' 5/5', 407, NULL),
(1856, ' 4/5', 407, NULL),
(1857, ' 9.7/10', 407, NULL),
(1858, ' [96]', 413, NULL),
(1859, ' 37.5 / 40[99]', 413, NULL),
(1860, STRINGDECODE(' 37 / 40[100]\nDC: 34 / 40[101]'), 413, NULL),
(1861, STRINGDECODE(' [2]\nPS (Dual Shock Ver.):\n[104]'), 413, NULL),
(1862, ' 8.9 / 10[3]', 413, NULL),
(1863, STRINGDECODE(' 9.3 / 10[107]\nDC: 8.5 / 10[108]\nGame.com: 3 / 10[82]'), 413, NULL),
(1864, STRINGDECODE(' [97]\nPS: 9 / 10[98]'), 413, NULL),
(1865, ' 9.5 / 10[103]', 413, NULL),
(1866, ' 291 / 300[102]', 413, NULL),
(1867, STRINGDECODE(' 90%[105]\nN64: 90%[106]\nDC: 91%[106]'), 413, NULL),
(1868, ' 4.5/5 ', 414, NULL),
(1869, ' 34/40', 414, NULL),
(1870, ' 38/40', 414, NULL),
(1871, ' 5/5', 414, NULL),
(1872, ' A-', 414, NULL),
(1873, ' 9.2/10', 414, NULL),
(1874, ' 9/10', 414, NULL),
(1875, ' 4/5 ', 414, NULL),
(1876, ' 9.5/10', 414, NULL),
(1877, ' 291/300', 414, NULL),
(1878, ' 95%', 414, NULL),
(1879, ' 94%', 414, NULL),
(1880, ' 4.5/5 ', 416, NULL),
(1881, ' 8/10', 416, NULL),
(1882, ' B+', 416, NULL),
(1883, ' 7, 8, 8, 9 of 10', 416, NULL),
(1884, ' 4.5/5', 416, NULL),
(1885, ' 8.6/10', 416, NULL),
(1886, ' 9.3/10', 416, NULL),
(1887, ' 9/10', 416, NULL),
(1888, ' 4/5 ', 416, NULL),
(1889, STRINGDECODE(' 8\u200a1\u20442'), 416, NULL),
(1890, ' 9/10 then 10/10', 418, NULL),
(1891, ' 37/40', 418, NULL),
(1892, ' 9/10', 418, NULL),
(1893, ' 5/5 ', 418, NULL),
(1894, ' 10/10', 418, NULL),
(1895, ' 6/10', 420, NULL),
(1896, '', 421, NULL),
(1897, ' 8/10', 421, NULL),
(1898, ' 4.5/5 ', 422, NULL),
(1899, ' A+', 422, NULL),
(1900, ' 4.6/5', 422, NULL),
(1901, ' 9.1/10', 422, NULL),
(1902, ' 9.0/10', 422, NULL),
(1903, ' A', 422, NULL),
(1904, ' 5/5', 422, NULL),
(1905, ' 9.17/10', 423, NULL),
(1906, ' 5/5 ', 423, NULL),
(1907, ' 9.25/10', 423, NULL),
(1908, ' 8 of 10 ', 429, NULL),
(1909, ' 30 of 40 ', 429, NULL),
(1910, ' 8.5 of 10 ', 429, NULL),
(1911, ' A ', 429, NULL),
(1912, ' 9 of 10 ', 429, NULL),
(1913, ' 8.75 of 10 ', 429, NULL),
(1914, ' 9.5 of 10 ', 429, NULL),
(1915, ' 9/10', 430, NULL),
(1916, ' 37/40', 430, NULL),
(1917, ' 4.5/5 ', 430, NULL),
(1918, ' 9/10', 430, NULL),
(1919, ' 9/10', 430, NULL),
(1920, ' 10/10', 430, NULL),
(1921, ' 9/10 ', 430, NULL),
(1922, ' 9.75/10', 430, NULL),
(1923, ' 10/10', 430, NULL),
(1924, ' 90%', 430, NULL),
(1925, ' 4/5 ', 430, NULL),
(1926, ' 4.5/5 ', 430, NULL),
(1927, ' 9/10', 430, NULL),
(1928, ' 9/10', 430, NULL),
(1929, ' 96%', 430, NULL),
(1930, ' 5/5 ', 430, NULL),
(1931, ' 9/10', 430, NULL),
(1932, ' 9/10', 430, NULL),
(1933, ' 9/10', 430, NULL),
(1934, ' 8.5/10', 435, NULL),
(1935, ' 8.9/10[51] ', 435, NULL),
(1936, ' A', 435, NULL),
(1937, ' 9/10', 435, NULL),
(1938, ' 8.5/10', 435, NULL),
(1939, ' 4.5/5 ', 435, NULL),
(1940, ' 8.8/10 ', 436, NULL),
(1941, ' 9.1/10 ', 436, NULL),
(1942, ' 9/10', 444, NULL),
(1943, ' 4/5 ', 444, NULL),
(1944, ' 9/10', 444, NULL),
(1945, ' 9/10', 444, NULL),
(1946, ' 9.5/10', 444, NULL),
(1947, ' 4.5/5 ', 444, NULL),
(1948, ' 9/10', 444, NULL),
(1949, ' 91/100', 444, NULL),
(1950, ' 8.5/10', 444, NULL),
(1951, ' 7/10', 444, NULL),
(1952, ' 5/5 ', 444, NULL),
(1953, ' 9.5/10', 445, NULL),
(1954, ' 9.3/10', 445, NULL),
(1955, ' 9/10', 445, NULL),
(1956, ' 9.25/10', 445, NULL),
(1957, '', 445, NULL),
(1958, ' 88/100', 445, NULL),
(1959, '', 445, NULL),
(1960, ' 92/100', 445, NULL),
(1961, '', 445, NULL),
(1962, ' 8/10', 445, NULL),
(1963, ' 9.0/10 ', 447, NULL),
(1964, ' 8.5/10', 447, NULL),
(1965, '', 447, NULL),
(1966, '', 447, NULL),
(1967, ' 9.5/10', 447, NULL),
(1968, ' 36/40', 448, NULL),
(1969, ' 8.5/10 ', 448, NULL),
(1970, ' 9.0/10 ', 448, NULL),
(1971, ' 9/10', 448, NULL),
(1972, ' 8.5/10', 448, NULL),
(1973, ' 90% ', 448, NULL),
(1974, ' 94%', 448, NULL),
(1975, ' 10/10', 448, NULL),
(1976, ' 4.5/5 ', 449, NULL),
(1977, ' 33 of 40', 449, NULL),
(1978, ' 8.9 of 10', 449, NULL),
(1979, ' 9.3 of 10', 449, NULL);
INSERT INTO PUBLIC.SCORE(ID, SCORE, GAME_ID, SCORE_WEBSITE_ID) VALUES
(1980, ' A', 449, NULL),
(1981, ' 9 of 10', 449, NULL),
(1982, ' 4.5 of 5', 449, NULL),
(1983, ' 5 of 5', 449, NULL),
(1984, ' 7/10', 451, NULL),
(1985, ' 4.5/5', 451, NULL),
(1986, ' B', 451, NULL),
(1987, ' 8.6/10', 451, NULL),
(1988, ' 9.4/10', 451, NULL),
(1989, ' 4.5/5 ', 453, NULL),
(1990, ' 8.8/10', 453, NULL),
(1991, ' 8/10', 454, NULL),
(1992, ' 39/40', 454, NULL),
(1993, ' 5/5 ', 454, NULL),
(1994, ' 9/10', 454, NULL),
(1995, ' 9.1/10', 454, NULL),
(1996, ' 8.5/10', 454, NULL),
(1997, ' A', 454, NULL),
(1998, ' 8/10', 454, NULL),
(1999, ' 8.75/10', 454, NULL),
(2000, ' 9/10', 454, NULL),
(2001, ' 4.5/5 ', 454, NULL),
(2002, ' 8.5/10', 454, NULL),
(2003, ' 5/5 ', 454, NULL),
(2004, ' 4.5/5 ', 454, NULL),
(2005, ' 8/10', 454, NULL),
(2006, ' 9/10', 454, NULL),
(2007, ' 92%', 454, NULL),
(2008, ' 9.3/10', 454, NULL),
(2009, ' 5/5 ', 454, NULL),
(2010, ' 5/5 ', 454, NULL),
(2011, ' 9/10', 460, NULL),
(2012, ' 9.5/10', 460, NULL),
(2013, ' 8.5/10', 460, NULL),
(2014, ' 9.1/10', 460, NULL),
(2015, ' 8.2/10', 460, NULL),
(2016, ' A', 460, NULL),
(2017, ' 9/10', 460, NULL),
(2018, ' 9.5/10', 460, NULL),
(2019, ' 5/5 ', 460, NULL),
(2020, ' 9/10', 460, NULL),
(2021, ' 4.5/5', 460, NULL),
(2022, ' 9/10', 460, NULL),
(2023, ' 33/40 ', 463, NULL),
(2024, ' 8.5/10 ', 463, NULL),
(2025, ' 9/10 ', 463, NULL),
(2026, ' 8.3 ', 463, NULL),
(2027, ' A- ', 463, NULL),
(2028, ' 8.5/10 ', 463, NULL),
(2029, ' 9/10 ', 463, NULL),
(2030, ' 4.5/5 ', 463, NULL),
(2031, ' 4.5/5 ', 467, NULL),
(2032, ' A-', 467, NULL),
(2033, ' 9/10', 467, NULL),
(2034, ' 9/10', 467, NULL),
(2035, ' 8/10', 467, NULL),
(2036, ' 4/5 ', 467, NULL),
(2037, ' 9/10', 467, NULL),
(2038, ' 93%', 467, NULL),
(2039, ' 4/5 ', 469, NULL),
(2040, ' 8/10', 469, NULL),
(2041, ' 9/10', 469, NULL),
(2042, ' 95%', 469, NULL),
(2043, ' 92%', 469, NULL),
(2044, ' 5/5 ', 469, NULL),
(2045, ' 3.5/5 ', 469, NULL),
(2046, ' 9/10 then 10/10', 470, NULL),
(2047, ' 37/40', 470, NULL),
(2048, ' 9/10', 470, NULL),
(2049, ' 5/5 ', 470, NULL),
(2050, ' 10/10', 470, NULL),
(2051, ' 9/10', 471, NULL),
(2052, ' 9/10', 471, NULL),
(2053, ' A', 471, NULL),
(2054, ' 9/10', 471, NULL),
(2055, ' 9/10', 471, NULL),
(2056, ' 9/10', 471, NULL),
(2057, ' 9/10', 471, NULL),
(2058, ' 9/10', 471, NULL),
(2059, ' 9/10', 473, NULL),
(2060, ' A-', 473, NULL),
(2061, ' 9/10', 473, NULL),
(2062, ' 9.5/10', 473, NULL),
(2063, ' 4/5 ', 475, NULL),
(2064, ' 8 out of 10', 475, NULL),
(2065, ' 9.2 out of 10', 475, NULL),
(2066, ' 4.5 out of 5', 475, NULL),
(2067, ' 7.9 out of 10', 475, NULL),
(2068, ' 9.0 out of 10', 475, NULL),
(2069, ' 4 out of 5', 475, NULL),
(2070, ' 4.5 out of 5', 475, NULL),
(2071, ' 8.17/10', 480, NULL),
(2072, ' 5/5 ', 480, NULL),
(2073, ' B+', 480, NULL),
(2074, ' 7.7/10', 480, NULL),
(2075, ' 9/10', 480, NULL),
(2076, ' 7.3/10', 480, NULL),
(2077, ' 9.5/10', 480, NULL),
(2078, ' 4/5 ', 480, NULL),
(2079, ' 7/10', 481, NULL),
(2080, ' 39/40', 481, NULL),
(2081, ' 4.5/5 ', 481, NULL),
(2082, ' B+', 481, NULL),
(2083, ' 8.9/10', 481, NULL),
(2084, ' 9.5/10', 481, NULL),
(2085, ' 8/10', 481, NULL),
(2086, ' 9.25/10', 481, NULL),
(2087, ' 4.5/5 ', 481, NULL),
(2088, ' 9.7/10', 481, NULL),
(2089, ' 5/5 ', 481, NULL),
(2090, ' 10/10', 481, NULL),
(2091, ' 3/4 ', 481, NULL),
(2092, ' 8/10', 482, NULL),
(2093, ' 9/10', 482, NULL),
(2094, ' 8.8/10', 482, NULL),
(2095, ' 8.8/10', 482, NULL),
(2096, ' 8/10', 482, NULL),
(2097, ' 9.5/10', 482, NULL),
(2098, ' 4/5 ', 482, NULL),
(2099, ' 5/5 ', 482, NULL),
(2100, ' 87/100', 482, NULL),
(2101, ' 8.5/10', 482, NULL),
(2102, ' 9.5/10', 482, NULL),
(2103, ' 4/5 ', 482, NULL),
(2104, ' 4.5/5', 482, NULL),
(2105, ' 5/5', 482, NULL),
(2106, ' 9/10', 483, NULL),
(2107, ' 9.0/10', 483, NULL),
(2108, ' B', 483, NULL),
(2109, ' 9/10', 483, NULL),
(2110, ' 8.75/10', 483, NULL),
(2111, ' 4.5/5 ', 483, NULL),
(2112, ' 4/5', 483, NULL),
(2113, ' 8/10', 483, NULL),
(2114, ' 9.1/10', 484, NULL),
(2115, ' 9/10', 484, NULL),
(2116, ' 4.6/5', 484, NULL),
(2117, ' 9/10', 484, NULL),
(2118, ' 9.25/10', 484, NULL); 
INSERT INTO PUBLIC.SCORE(ID, SCORE, GAME_ID, SCORE_WEBSITE_ID) VALUES
(2119, ' A-', 484, NULL),
(2120, ' 9/10', 485, NULL),
(2121, ' 9.0/10', 485, NULL),
(2122, ' 8.4/10', 485, NULL),
(2123, ' 8/10', 485, NULL),
(2124, ' 87%', 485, NULL),
(2125, ' 8/10', 488, NULL),
(2126, ' 9/10', 488, NULL),
(2127, ' 5/5 ', 488, NULL),
(2128, ' B', 488, NULL),
(2129, ' 7.5/10', 488, NULL),
(2130, ' 9/10', 488, NULL),
(2131, ' 9.4/10', 488, NULL),
(2132, ' A-', 488, NULL),
(2133, ' 9.25/10', 488, NULL),
(2134, ' 4/5 ', 488, NULL),
(2135, ' 10/10', 488, NULL),
(2136, ' 5/5', 488, NULL),
(2137, ' 9/10', 488, NULL),
(2138, ' 9.5/10', 488, NULL),
(2139, ' 93/100', 488, NULL),
(2140, ' 8/10', 490, NULL),
(2141, ' 8.33/10', 490, NULL),
(2142, ' 3.5/5 ', 491, NULL),
(2143, ' 36 of 40', 491, NULL),
(2144, ' 4.5/5 ', 491, NULL),
(2145, ' B+', 491, NULL),
(2146, ' 9 of 10', 491, NULL),
(2147, ' 9.2 of 10', 491, NULL),
(2148, ' 9.5 of 10', 491, NULL),
(2149, ' B+', 491, NULL),
(2150, ' 9 of 10', 491, NULL),
(2151, ' 9 of 10', 491, NULL),
(2152, ' 9.25 of 10', 491, NULL),
(2153, ' 9 of 10', 491, NULL),
(2154, ' 5/5 ', 491, NULL),
(2155, ' 9.3 of 10', 491, NULL),
(2156, ' 96%', 491, NULL),
(2157, ' 4/5 ', 491, NULL),
(2158, ' 3.5/5 ', 492, NULL),
(2159, ' 34/40 ', 492, NULL),
(2160, ' 7.7/10 ', 492, NULL),
(2161, ' 9.0/10 ', 492, NULL),
(2162, ' 9/10 ', 492, NULL),
(2163, ' 96/100 ', 492, NULL),
(2164, '', 493, NULL),
(2165, '', 493, NULL),
(2166, ' 9.0/10', 493, NULL),
(2167, ' 9.1/10', 493, NULL),
(2168, '', 493, NULL),
(2169, ' A-', 493, NULL),
(2170, ' 8/10', 493, NULL),
(2171, '', 493, NULL),
(2172, ' 4.5/5 ', 496, NULL),
(2173, ' 9/10', 496, NULL),
(2174, ' 9.4/10', 496, NULL),
(2175, ' 9.5/10', 496, NULL),
(2176, ' 93/100', 496, NULL),
(2177, ' 8.5/10', 496, NULL),
(2178, ' 8.5/10', 496, NULL),
(2179, ' 5/5 ', 1, NULL),
(2180, ' 10/10', 1, NULL),
(2181, ' 10/10', 1, NULL),
(2182, ' 40/40', 1, NULL),
(2183, ' 5/5 ', 1, NULL),
(2184, '', 1, NULL),
(2185, ' 10/10', 1, NULL),
(2186, ' 10/10', 1, NULL);    
CREATE CACHED TABLE PUBLIC.GAME_COMMENT(
    GAME_ID INTEGER NOT NULL,
    COMMENT_ID INTEGER NOT NULL
);      
-- 3 +/- SELECT COUNT(*) FROM PUBLIC.GAME_COMMENT;             
INSERT INTO PUBLIC.GAME_COMMENT(GAME_ID, COMMENT_ID) VALUES
(87, 1),
(46, 4),
(117, 5);        
ALTER TABLE PUBLIC.GAME_COMMENT ADD CONSTRAINT PUBLIC.UK_7OPA0TEVUGRE50JBV4B4GPTJX UNIQUE(COMMENT_ID);         
ALTER TABLE PUBLIC.SYSTEM ADD CONSTRAINT PUBLIC.UK_BKIYETAVDYVY7TMO38H3SSD74 UNIQUE(NAME);     
ALTER TABLE PUBLIC.GENRE ADD CONSTRAINT PUBLIC.UK_89B48LWADSPMKOS0RX7HIDLTY UNIQUE(GENRE);     
ALTER TABLE PUBLIC.COMPANY ADD CONSTRAINT PUBLIC.UK_NIU8SFIL2GXYWCRU9AH3R4EC5 UNIQUE(NAME);    
ALTER TABLE PUBLIC.COUNTRY ADD CONSTRAINT PUBLIC.UK_LLIDYP77H6XKEOKPBMOY710D4 UNIQUE(NAME);    
ALTER TABLE PUBLIC.GAME ADD CONSTRAINT PUBLIC.UK_JARE70VQQTI665DS3B2EH7RK8 UNIQUE(NAME);       
ALTER TABLE PUBLIC.GAME_GENRE ADD CONSTRAINT PUBLIC.FKJ47T9LFHTJ14LSG346BO3VUJV FOREIGN KEY(GAME_ID) REFERENCES PUBLIC.GAME(ID) NOCHECK;       
ALTER TABLE PUBLIC.GAME_COMMENT ADD CONSTRAINT PUBLIC.FK6J7E37XP9NFNXONN6XHP04V1G FOREIGN KEY(COMMENT_ID) REFERENCES PUBLIC.COMMENT(ID) NOCHECK;               
ALTER TABLE PUBLIC.GAME_PURCHASE_WEBSITE ADD CONSTRAINT PUBLIC.FK5GQNWA034KNIPL82JCVAFLM6F FOREIGN KEY(GAME_ID) REFERENCES PUBLIC.GAME(ID) NOCHECK;            
ALTER TABLE PUBLIC.GAME_COMMENT ADD CONSTRAINT PUBLIC.FKA12AWBTJ2H6RYODQREQLI7K1E FOREIGN KEY(GAME_ID) REFERENCES PUBLIC.GAME(ID) NOCHECK;     
ALTER TABLE PUBLIC.SCORE ADD CONSTRAINT PUBLIC.FK7KISJKDGA5KR3MK2KWCXHKPI7 FOREIGN KEY(GAME_ID) REFERENCES PUBLIC.GAME(ID) NOCHECK;            
ALTER TABLE PUBLIC.GAME ADD CONSTRAINT PUBLIC.FK97RRKDSTJV626UQC8A43KR1B1 FOREIGN KEY(PURCHASE_WEBSITE_ID) REFERENCES PUBLIC.PURCHASE_WEBSITE(ID) NOCHECK;     
ALTER TABLE PUBLIC.GAME_SCORE_WEBSITE ADD CONSTRAINT PUBLIC.FKS6MEXMOWQECJBJC5NC90I5NPD FOREIGN KEY(SCORE_WEBSITE_ID) REFERENCES PUBLIC.SCORE_WEBSITE(ID) NOCHECK;             
ALTER TABLE PUBLIC.WEBSITE_SCORE ADD CONSTRAINT PUBLIC.FK6JOMYL037PV2JMX5PI7089BRM FOREIGN KEY(SCORE_ID) REFERENCES PUBLIC.SCORE(ID) NOCHECK;  
ALTER TABLE PUBLIC.GAME ADD CONSTRAINT PUBLIC.FKRKRATXA6TSO6UAHPBD5W9GHAY FOREIGN KEY(PUBLISHER_ID) REFERENCES PUBLIC.PUBLISHER(ID) NOCHECK;   
ALTER TABLE PUBLIC.GAME_SYSTEM ADD CONSTRAINT PUBLIC.FKFUSLMFMFJSR1P1XH2A852HXH3 FOREIGN KEY(GAME_ID) REFERENCES PUBLIC.GAME(ID) NOCHECK;      
ALTER TABLE PUBLIC.PUBLISHER ADD CONSTRAINT PUBLIC.FKBBHU1YQ7KUC0N6EJUYD0KN203 FOREIGN KEY(COUNTRY_CODE) REFERENCES PUBLIC.COUNTRY(CODE) NOCHECK;              
ALTER TABLE PUBLIC.GAME_GENRE ADD CONSTRAINT PUBLIC.FKFGIEXXWMFERKXQBWBJS989EA9 FOREIGN KEY(GENRE_ID) REFERENCES PUBLIC.GENRE(ID) NOCHECK;     
ALTER TABLE PUBLIC.SCORE_WEBSITE ADD CONSTRAINT PUBLIC.FK3JB3IPNXKGCV6BSUI74Q6U3FB FOREIGN KEY(SCORE_ID) REFERENCES PUBLIC.SCORE(ID) NOCHECK;  
ALTER TABLE PUBLIC.GAME ADD CONSTRAINT PUBLIC.FKGPENVLWR21Y1G95UQ6LV8OF0U FOREIGN KEY(DEVELOPER_ID) REFERENCES PUBLIC.DEVELOPER(ID) NOCHECK;   
ALTER TABLE PUBLIC.WEBSITE_SCORE ADD CONSTRAINT PUBLIC.FKPNMPSXUFX7CYQRYA6C2FY4YUL FOREIGN KEY(WEBSITE_ID) REFERENCES PUBLIC.SCORE_WEBSITE(ID) NOCHECK;        
ALTER TABLE PUBLIC.GAME_SYSTEM ADD CONSTRAINT PUBLIC.FKR6EMIX8364RGTCTBB4C174G0U FOREIGN KEY(SYSTEM_ID) REFERENCES PUBLIC.SYSTEM(ID) NOCHECK;  
ALTER TABLE PUBLIC.DEVELOPER ADD CONSTRAINT PUBLIC.FKE8UO1AXSS82K61KFCJNA7KG26 FOREIGN KEY(COUNTRY_CODE) REFERENCES PUBLIC.COUNTRY(CODE) NOCHECK;              
ALTER TABLE PUBLIC.GAME_SCORE_WEBSITE ADD CONSTRAINT PUBLIC.FKOTAMSMP4D72MHSSE4FU672T6 FOREIGN KEY(GAME_ID) REFERENCES PUBLIC.GAME(ID) NOCHECK;
ALTER TABLE PUBLIC.SCORE ADD CONSTRAINT PUBLIC.FKK4GGKV408PWX4U55SJ8CQERLF FOREIGN KEY(SCORE_WEBSITE_ID) REFERENCES PUBLIC.SCORE_WEBSITE(ID) NOCHECK;          
ALTER TABLE PUBLIC.GAME_PURCHASE_WEBSITE ADD CONSTRAINT PUBLIC.FKL4OWA56V411T0GLBDNIHKARCS FOREIGN KEY(PURCHASE_WEBSITE_ID) REFERENCES PUBLIC.PURCHASE_WEBSITE(ID) NOCHECK;    
